<HBProfile xsi:noNamespaceSchemaLocation="../../../../Schemas/QuestProfileSchema.xsd" xmlns:xsi="http://www.w3.org/2001/XMLSchema-instance">
  <Name>H EK to LK ($Rev: 3485 $)</Name>

    <MinLevel>1</MinLevel>
    <MaxLevel>1001</MaxLevel>

    <MinDurability>0.2</MinDurability>
    <MinFreeBagSlots>2</MinFreeBagSlots>

    <MailGrey>false</MailGrey>
    <MailWhite>false</MailWhite>
    <MailGreen>false</MailGreen>
    <MailBlue>false</MailBlue>
    <MailPurple>false</MailPurple>

    <SellGrey>false</SellGrey>
    <SellWhite>false</SellWhite>
    <SellGreen>false</SellGreen>
    <SellBlue>false</SellBlue>
    <SellPurple>false</SellPurple>

    <TargetElites>false</TargetElites>

    <AvoidMobs>
    </AvoidMobs>
    <Blackspots>
    </Blackspots>
    <Mailboxes>
    </Mailboxes>
    <Vendors>
    </Vendors>
    <QuestOrder>
        <CustomBehavior File="FlyTo" X="2036.99" Y="299.9215" Z="54.13479" />
        <CustomBehavior File="ForcedDismount" />
        <CustomBehavior File="Message" Text="Running to Howling Fjord Zepp from UC" LogColor="Cornflowerblue" />
        <MoveTo X="2060.931" Y="361.9963" Z="82.50146" />
        <CustomBehavior File="Message" Text="Waiting for Zepp to Howling Fjord - don't interact!" LogColor="Orange" />
        <CustomBehavior File="UseTransport"
            TransportId="181689"
            WaitAtX="2060.931" WaitAtY="361.9963" WaitAtZ="82.50146"
            TransportStartX="2056.493" TransportStartY="381.6347" TransportStartZ="100.362"
            StandOnX="2058.682" StandOnY="371.8202" StandOnZ="82.52834"
            TransportEndX="1989.353" TransportEndY="-6082.776" TransportEndZ="85.59646"
            GetOffX="1975.661" GetOffY="-6097.837" GetOffZ="67.15333"
        />
    </QuestOrder>
</HBProfile>
