<HBProfile xsi:noNamespaceSchemaLocation="../../../../Schemas/QuestProfileSchema.xsd" xmlns:xsi="http://www.w3.org/2001/XMLSchema-instance">
  <Name>H LK to K ($Rev: 3485 $)</Name>

    <MinLevel>1</MinLevel>
    <MaxLevel>1001</MaxLevel>

    <MinDurability>0.2</MinDurability>
    <MinFreeBagSlots>2</MinFreeBagSlots>

    <MailGrey>false</MailGrey>
    <MailWhite>false</MailWhite>
    <MailGreen>false</MailGreen>
    <MailBlue>false</MailBlue>
    <MailPurple>false</MailPurple>

    <SellGrey>false</SellGrey>
    <SellWhite>false</SellWhite>
    <SellGreen>false</SellGreen>
    <SellBlue>false</SellBlue>
    <SellPurple>false</SellPurple>

    <TargetElites>false</TargetElites>

    <AvoidMobs>
    </AvoidMobs>
    <Blackspots>
    </Blackspots>
    <Mailboxes>
    </Mailboxes>
    <Vendors>
    </Vendors>
    <QuestOrder>
            <CustomBehavior File="FlyTo" DestName="Borean Tundra" X="2708.396" Y="6066.991" Z="109.617" />
            <CustomBehavior File="FlyTo" DestName="Warsong Hold, BT" X="2740.837" Y="6097.529" Z="76.88604" />
            <CustomBehavior File="ForcedDismount" />
            <CustomBehavior File="Message" Text="Running to Borean Zepp to Org" LogColor="Cornflowerblue" />
            <MoveTo X="2829.74" Y="6179.48" Z="121.9793" />
            <CustomBehavior File="Message" Text="Waiting for Borean Zepp to Org - don't interact!" LogColor="Orange" />
            <CustomBehavior File="UseTransport"
                TransportId="186238"
                WaitAtX="2836.831" WaitAtY="6185.15" WaitAtZ="121.9923"
                TransportStartX="2837.908" TransportStartY="6187.443" TransportStartZ="140.1648"
                StandOnX="2844.171" StandOnY="6191.577" StandOnZ="122.3017"
                TransportEndX="1775.066" TransportEndY="-4299.745" TransportEndZ="151.0326"
                GetOffX="1763.203" GetOffY="-4284.529" GetOffZ="133.1072"
            />
    </QuestOrder>
</HBProfile>
