﻿<?xml version="1.0" encoding="utf-8"?>
<ClassProfile Class="Monk" Specialization="1" Name="Monk - Brewmaster">
	<TalentTree>
		<Talent Tier="1" Index="1" Name="Celerity" />
		<Talent Tier="2" Index="2" Name="Zen Sphere" />
		<Talent Tier="3" Index="1" Name="Power Strikes" />
		<Talent Tier="4" Index="3" Name="Leg Sweep" />
		<Talent Tier="5" Index="2" Name="Dampen Harm" />
		<Talent Tier="6" Index="1" Name="Rushing Jade Wind" />
	</TalentTree>
	<WeightSet>
		<DamagePerSecond>22</DamagePerSecond>
		
		<Agility>20</Agility>
		<Stamina>20</Stamina>

		<Haste>16</Haste>
		<Versatility>15</Versatility>
		<CriticalStrike>13</CriticalStrike>
		<Multistrike>12</Multistrike>
		<Mastery>11</Mastery>
		<AttackPower>2.5</AttackPower>
		
		<Armor>10</Armor>
	</WeightSet>
</ClassProfile>