﻿<?xml version="1.0" encoding="utf-8"?>
<ClassProfile Class="Paladin" Specialization="1" Name="Paladin - Holy">
	<TalentTree>
		<Talent Tier="1" Index="3" Name="Pursuit of Justice" />
		<Talent Tier="2" Index="1" Name="Fist of Justice" />
		<Talent Tier="3" Index="3" Name="Sacred Shield" />
		<Talent Tier="4" Index="3" Name="Clemency" />
		<Talent Tier="5" Index="3" Name="Divine Purpose" />
		<Talent Tier="6" Index="1" Name="Holy Prism" />
	</TalentTree>
	<WeightSet>
		<DamagePerSecond>0.01</DamagePerSecond>
		
		<Intellect>18</Intellect>
		<Stamina>5</Stamina>

		<Haste>16</Haste>
		<CriticalStrike>15</CriticalStrike>
		<Versatility>13</Versatility>
		<Multistrike>13</Multistrike>
		<Mastery>11</Mastery>
		<Spirit>10</Spirit>
		<SpellPower>9</SpellPower>

		<Armor>0.01</Armor>
	</WeightSet>
</ClassProfile>