﻿<HBProfile xsi:noNamespaceSchemaLocation="../../../Schemas/QuestProfileSchema.xsd" xmlns:xsi="http://www.w3.org/2001/XMLSchema-instance">
    <Name>[H - Quest] Garrison 100 [Kick] ($Rev: 3547 $)</Name>

    <MinLevel>90</MinLevel>
    <MaxLevel>1001</MaxLevel>

    <MinDurability>0.2</MinDurability>
    <MinFreeBagSlots>2</MinFreeBagSlots>

    <MailGrey>false</MailGrey>
    <MailWhite>false</MailWhite>
    <MailGreen>false</MailGreen>
    <MailBlue>true</MailBlue>
    <MailPurple>true</MailPurple>

    <SellGrey>true</SellGrey>
    <SellWhite>true</SellWhite>
    <SellGreen>true</SellGreen>
    <SellBlue>false</SellBlue>
    <SellPurple>false</SellPurple>

    <TargetElites>true</TargetElites>

    <AvoidMobs>
    </AvoidMobs>
    <Blackspots>
    </Blackspots>
    <Mailboxes>

    </Mailboxes>
    <Vendors>

    </Vendors>

	<Quest Id="34039" Name="Wanted: Overlord Blackhammer">
		<Objective Type="KillMob" MobId="77175" KillCount="1">
			<Hotspots>
				<Hotspot X="6413.532" Y="2204.52" Z="201.9373" />
			</Hotspots>
		</Objective>
	</Quest>




    <QuestOrder>
	
		<!-- User settings - Kill between hotspots false -->

        <LootMobs Value="true" />
        <UseMount Value="true" />
		
		
    
		<!-- Pick up at garrison, turn in at Thunder Pass -->
		<PickUp QuestName="Garrison Campaign: Grinding Gears" QuestId="34034" GiverName="Rokhan" GiverId="78487" X="5614.007" Y="4563.16" Z="135.1946" />
		<TurnIn QuestName="Garrison Campaign: Grinding Gears" QuestId="34034" TurnInName="Gazlowe" TurnInId="77928" X="6026.679" Y="2725.468" Z="209.557" />
		<PickUp QuestName="I Know The Drill!" QuestId="34035" GiverName="Gazlowe" GiverId="77928" X="6026.679" Y="2725.468" Z="209.557" />
			<While Condition="HasQuest(34035) &amp;&amp; !IsQuestCompleted(34035)" > <!-- I Know The Drill! -->
				<CustomBehavior File="InteractWith" QuestId="34035" MobId="228511" NonCompeteDistance="0" Range="5" X="5979.145" Y="2617.324" Z="225.2892" /> <!-- Clutch -->
				<CustomBehavior File="InteractWith" QuestId="34035" MobId="78040" WaitForNpcs="False" NonCompeteDistance="0" Range="5" X="5979.145" Y="2617.324" Z="225.2892" /> <!-- Kruk Ironjaw -->
				<CustomBehavior File="InteractWith" QuestId="34035" MobId="78041" WaitForNpcs="False" NonCompeteDistance="0" Range="5" X="5979.145" Y="2617.324" Z="225.2892" /> <!-- Nakeeta Coldtalon -->
				<CustomBehavior File="InteractWith" QuestId="34035" MobId="228562" NonCompeteDistance="0" Range="5" X="5979.145" Y="2617.324" Z="225.2892" /> <!-- Clutch -->
				<!--
				<Objective QuestName="I Know The Drill!" QuestId="34035" Type="UseObject" ObjectId="228511" UseCount="1" />
				<Objective QuestName="I Know The Drill!" QuestId="34035" Type="KillMob" MobId="78040" KillCount="1" />
				<Objective QuestName="I Know The Drill!" QuestId="34035" Type="KillMob" MobId="78041" KillCount="1" />
				<Objective QuestName="I Know The Drill!" QuestId="34035" Type="UseObject" ObjectId="228562" UseCount="1" />
				-->
			</While>
		<TurnIn QuestName="I Know The Drill!" QuestId="34035" TurnInName="Gazlowe" TurnInId="77928" X="5983.519" Y="2612.704" Z="222.8334" />
		<PickUp QuestName="Maker's Mark" QuestId="34040" GiverName="Gazlowe" GiverId="77928" X="5983.519" Y="2612.704" Z="222.8334" />
		<PickUp QuestName="Four Finger Discount" QuestId="34041" GiverName="Gazlowe" GiverId="77928" X="5983.519" Y="2612.704" Z="222.8334" />
			<While Condition="HasQuest(34041) &amp;&amp; !IsQuestCompleted(34041)" > <!-- Four Finger Discount -->
				<CustomBehavior File="InteractWith" QuestId="34040" MobId="228733" NonCompeteDistance="0" Range="4" MobState="Alive" TerminateWhen="IsObjectiveComplete(1, 34040)" X="6003.276" Y="2157.828" Z="164.4751" /> <!-- Cog -->
				<CustomBehavior File="InteractWith" QuestId="34040" MobId="228735" NonCompeteDistance="0" Range="4" MobState="Alive" TerminateWhen="IsObjectiveComplete(2, 34040)" X="6112.819" Y="2167.271" Z="145.8317" />	
				<CustomBehavior File="InteractWith" QuestId="34040" MobId="228736" NonCompeteDistance="0" Range="4" MobState="Alive" TerminateWhen="IsObjectiveComplete(3, 34040)" X="5899.808" Y="2297.519" Z="184.7691" />
				<!--
				<Objective QuestName="Four Finger Discount" QuestId="34041" Type="UseObject" ObjectId="228733" UseCount="1" />
				<Objective QuestName="Four Finger Discount" QuestId="34041" Type="UseObject" ObjectId="228735" UseCount="1" />
				<Objective QuestName="Four Finger Discount" QuestId="34041" Type="UseObject" ObjectId="228736" UseCount="1" />
				-->
			</While>
			<While Condition="HasQuest(34040) &amp;&amp; !IsQuestCompleted(34040)" > <!-- Maker's Mark -->
				<CustomBehavior File="InteractWith" QuestId="34040" MobId="228859" MobId2="228860" MobId3="228861" MobId4="228862" InteractBlacklistTimeInSeconds="120" 
											NumOfTimes="6" NonCompeteDistance="0" Range="8" MobState="Alive" TerminateWhen="IsObjectiveComplete(1, 34040)" WaitTime="2000" >
					<HuntingGrounds WaypointVisitStrategy="InOrder" >
						<Hotspot X="5816.018" Y="2192.316" Z="181.173" />
						<Hotspot X="6139.565" Y="2274.115" Z="172.3122" />
						<Hotspot X="6022.538" Y="2182.964" Z="153.4178" />
						<Hotspot X="5948.847" Y="2195.28" Z="156.9147" />
						<Hotspot X="6001.569" Y="2406.899" Z="221.4383" />
					</HuntingGrounds>
				</CustomBehavior>
			</While>
		<TurnIn QuestName="Maker's Mark" QuestId="34040" TurnInName="Gazlowe" TurnInId="77928" X="5983.519" Y="2612.704" Z="222.8334" />
		<TurnIn QuestName="Four Finger Discount" QuestId="34041" TurnInName="Gazlowe" TurnInId="77928" X="5983.519" Y="2612.704" Z="222.8334" />
		<PickUp QuestName="A Fellow Gearhead" QuestId="34042" GiverName="Gazlowe" GiverId="77928" X="5983.519" Y="2612.704" Z="222.8334" />
			<While Condition="HasQuest(34042) &amp;&amp; !IsQuestCompleted(34042)" > <!-- A Fellow Gearhead -->
				<MoveTo DestName="Find Thaelin Darkanvil" X="6253.974" Y="2103.394" Z="142.45" />
			</While>
		<TurnIn QuestName="A Fellow Gearhead" QuestId="34042" TurnInName="Gazlowe" TurnInId="77928" X="5983.519" Y="2612.704" Z="222.8334" />
		<PickUp QuestName="Wanted: Overlord Blackhammer" QuestId="34039" GiverName="Gazlowe" GiverId="77928" X="5983.519" Y="2612.704" Z="222.8334" />
			<Objective QuestName="Wanted: Overlord Blackhammer" QuestId="34039" Type="KillMob" MobId="77175" KillCount="1" />
		<TurnIn QuestName="Wanted: Overlord Blackhammer" QuestId="34039" TurnInName="Gazlowe" TurnInId="77928" X="5983.519" Y="2612.704" Z="222.8334" />
		<PickUp QuestName="Payment Due for Services Rendered" QuestId="34078" GiverName="Gazlowe" GiverId="77928" X="5983.519" Y="2612.704" Z="222.8334" />
			<While Condition="HasQuest(34078) &amp;&amp; !IsQuestCompleted(34078)" > <!-- Payment Due for Services Rendered -->
				<MoveTo DestName="Roof" X="6399.45" Y="2256.228" Z="218.4557" />
				<CustomBehavior File="WaitTimer" WaitTime="5000" GoalText="Waiting for quest to complete {TimeRemaining}" />
				<Vendor Name="Rocket Chicken XL" Entry="78392" Type="Repair" X="6396.626" Y="2247.497" Z="218.4525" />
				<CustomBehavior File="InteractWith" MobId="78392" NonCompeteDistance="0" Range="4" WaitForNpcs="False" WaitTime="20000" X="6396.626" Y="2247.497" Z="218.4525" /> <!-- Rocket Chicken XL -->
			</While>
		<TurnIn QuestName="Payment Due for Services Rendered" QuestId="34078" TurnInName="Gazlowe" TurnInId="78466" X="5554.179" Y="4589.436" Z="141.1609" />


	
	<CustomBehavior File="UserDialog" AllowBotStop="True" SoundCue="Exclamation" SoundCueInterval="1" Text="Garrison Campaign completed" />

    </QuestOrder>

	<!-- 

    
    

    
	-->		


</HBProfile>