﻿<HBProfile xsi:noNamespaceSchemaLocation="../../../Schemas/QuestProfileSchema.xsd" xmlns:xsi="http://www.w3.org/2001/XMLSchema-instance">
    <Name>[H - Quest] Garrison 100 [Kick] ($Rev: 3547 $)</Name>

    <MinLevel>90</MinLevel>
    <MaxLevel>1001</MaxLevel>

    <MinDurability>0.2</MinDurability>
    <MinFreeBagSlots>2</MinFreeBagSlots>

    <MailGrey>false</MailGrey>
    <MailWhite>false</MailWhite>
    <MailGreen>false</MailGreen>
    <MailBlue>true</MailBlue>
    <MailPurple>true</MailPurple>

    <SellGrey>true</SellGrey>
    <SellWhite>true</SellWhite>
    <SellGreen>true</SellGreen>
    <SellBlue>false</SellBlue>
    <SellPurple>false</SellPurple>

    <TargetElites>true</TargetElites>

    <AvoidMobs>
    </AvoidMobs>
    <Blackspots>
    </Blackspots>
    <Mailboxes>

    </Mailboxes>
    <Vendors>

    </Vendors>

	
    <QuestOrder>
	
		<!-- User settings - Kill between hotspots false -->

        <LootMobs Value="true" />
        <UseMount Value="true" />
		
		
		
		<!-- Barn - has issues -->
		<If Condition="HasQuest(36345)" > <!-- Breaking into the Trap Game -->
		 <While Condition="!IsObjectiveComplete(1, 36345)" > <!-- Trap Wolf, bot @ lvl 100 is having some issues -->
			<CustomBehavior File="CombatUseItemOnV2" QuestId="36345" ItemId="113991" MobId="76597" 
										UseWhenMobHasHealthPercent="40" MaxRangeToUseItem="8" UseItemStrategy="UseItemOncePerTargetDontDefend"
										RecallPetAtMobPercentHealth="35" WaitTimeAfterItemUse="5000" CollectionDistance="200" >
				<HuntingGrounds>
					<Hotspot X="5584.02" Y="4205.578" Z="58.76997" />
					<Hotspot X="5610.673" Y="4125.023" Z="74.90315" />
				</HuntingGrounds>
			</CustomBehavior>
		 </While>
		 <While Condition="!IsObjectiveComplete(2, 36345)" > <!-- Place work order -->
			<CustomBehavior File="InteractWith" QuestId="36345" MobId="85048" Range="4" GossipOptions="2" WaitTime="3000" PreInteractMountStrategy="DismountOrCancelShapeshift" X="5542.544" Y="4512.914" Z="131.7186"  />
			<CustomBehavior File="Misc\RunLua" Lua="C_Garrison.RequestShipmentCreation()" WaitTime="10000" />
			<!-- I'm sure there's a lua command here for a work order, find it later, but this works! -->
			<CustomBehavior File="Misc\RunLua" Lua="GarrisonCapacitiveDisplayFrame.CloseButton:Click()" WaitTime="1000" />
		 </While>.
	<TurnIn QuestName="Breaking into the Trap Game" QuestId="36345" TurnInName="Farmer Lok'lub" TurnInId="85048" X="5539.382" Y="4516.655" Z="131.2322" />
		</If>
		
		<!-- Trading Post -->
		<If Condition="HasQuest(37062)" > <!-- Breaking into the Trap Game -->
		 <While Condition="!IsObjectiveComplete(1, 37062)" > <!-- Trap Wolf, bot @ lvl 100 is having some issues -->
			<MoveTo DestName="Tai'tasi" X="5745.917" Y="4572.544" Z="138.7822" />
			<CustomBehavior File="InteractWith" QuestId="37062" MobId="87259" InteractByUsingItemId="118418" WaitTime="5000" NonCompeteDistance="0" PreInteractMountStrategy="DismountOrCancelShapeshift" X="5745.963" Y="4572.392" Z="138.7658" />
		 </While>
	<TurnIn QuestName="Tricks of the Trade" QuestId="37062" TurnInName="Fayla Fairfeather" TurnInId="87117" X="5537.497" Y="4526.092" Z="132.3" />
		</If>
		
		<!-- Lumber Mill -->
		<If Condition="HasQuest(36137)" > <!-- Breaking into the Trap Game -->
		 <While Condition="!IsObjectiveComplete(1, 36137)" > <!-- Trap Wolf, bot @ lvl 100 is having some issues -->
			<MoveTo DestName="Timber" X="6081.261" Y="4795.772" Z="148.84" />
			<CustomBehavior File="InteractWith" QuestId="36137" MobId="233922" WaitTime="8000" Range="5" NonCompeteDistance="0" PreInteractMountStrategy="DismountOrCancelShapeshift" X="6082.979" Y="4795.821" Z="149.1655" />
		 </While>
	<TurnIn QuestName="Easing into Lumberjacking" QuestId="36137" TurnInName="Lumber Lord Oktron" TurnInId="84247" X="5525.295" Y="4521.025" Z="132.6968" />
	<PickUp QuestName="Turning Timber into Profit" QuestId="36138" GiverName="Lumber Lord Oktron" GiverId="84247" X="5525.295" Y="4521.025" Z="132.6968" />
		</If>
		<If Condition="HasQuest(36138)" > <!-- Turning Timber into Profit -->
		 <While Condition="!IsObjectiveComplete(1, 36138)" > <!-- Collect 10 Small Timbers -->
			<CustomBehavior File="InteractWith" QuestId="36138" MobId1="234080" MobId2="233604" WaitTime="8000" Range="5" NonCompeteDistance="0" PreInteractMountStrategy="DismountOrCancelShapeshift" >
				<HuntingGrounds>
					<Hotspot X="5905.528" Y="1053.781" Z="116.1401" />
					<Hotspot X="5985.677" Y="1099.724" Z="124.4348" />
					<Hotspot X="5522.827" Y="1157.563" Z="94.11676" />
					<Hotspot X="5909.05" Y="752.9149" Z="41.25207" />
					<Hotspot X="6140.069" Y="839.9445" Z="76.39095" />
					<Hotspot X="6678.009" Y="281.8559" Z="45.1442" />
					<Hotspot X="6494.808" Y="344.1302" Z="73.93446" />
					<Hotspot X="6555.16" Y="457.8524" Z="92.27547" />
					<Hotspot X="6650.347" Y="141.4931" Z="73.73669" />
					<Hotspot X="6612.418" Y="-40.65104" Z="74.3989" />
					<Hotspot X="6926.486" Y="498.6493" Z="88.7056" />
					<Hotspot X="6094.032" Y="-120.4653" Z="45.19744" />
					<Hotspot X="6011.458" Y="-6.470486" Z="48.74438" />
					<Hotspot X="5206.944" Y="1467.014" Z="86.31461" />
					<Hotspot X="5369.877" Y="946.5382" Z="99.49236" />
				</HuntingGrounds>
			</CustomBehavior>
		 </While>
			<!-- Garrison Hearth? -->
		 <While Condition="!IsObjectiveComplete(2, 36138)" > <!-- Place work order -->
			<CustomBehavior File="InteractWith" QuestId="36138" MobId="84247" Range="4" GossipOptions="1" WaitTime="3000" PreInteractMountStrategy="DismountOrCancelShapeshift" X="5525.295" Y="4521.025" Z="132.6968" />
			<CustomBehavior File="Misc\RunLua" Lua="C_Garrison.RequestShipmentCreation()" WaitTime="10000" />
			<!-- I'm sure there's a lua command here for a work order, find it later, but this works! -->
			<CustomBehavior File="Misc\RunLua" Lua="GarrisonCapacitiveDisplayFrame.CloseButton:Click()" WaitTime="1000" />
		 </While>
	<TurnIn QuestName="Turning Timber into Profit" QuestId="36138" TurnInName="Lumber Lord Oktron" TurnInId="84247" X="5525.295" Y="4521.025" Z="132.6968" />
		</If>
		

		<!-- Tavern / Inn x2 quests require dungeons -->
		<If Condition="HasQuest(37151) || HasQuest(37151)" > <!-- Cold Steel or And No Maces! -->
			<CustomBehavior File="UserDialog" AllowBotStop="true" SoundCue="Exclamation" SoundCueInterval="1" Text="Your quest requires dungeons!" />
		</If>
		
		<!-- Gladiator's Sanctum quest requires PvP -->
		<If Condition="HasQuest(36874)" > <!-- Warlord of Draenor -->
			<CustomBehavior File="UserDialog" AllowBotStop="true" SoundCue="Exclamation" SoundCueInterval="1" Text="Your quest requires PvP!!" />
		</If>
		

    <CustomBehavior File="UserDialog" AllowBotStop="true" SoundCue="Exclamation" SoundCueInterval="1" Text="End of Horde Garrison" />
		
		
		

		<!-- Tavern / Inn x2 quests require dungeons -->
		<If Condition="HasQuest(37151) &amp;&amp; !IsQuestCompleted(37151)" > <!-- Cold Steel -->
			<Objective QuestName="Cold Steel" QuestId="37151" Type="CollectItem" ItemId="118653" CollectCount="1" />
			<Objective QuestName="Cold Steel" QuestId="37151" Type="KillMob" MobId="80005" KillCount="1" />
		</If>
		<If Condition="HasQuest(37167) &amp;&amp; !IsQuestCompleted(37167)" > <!-- And No Maces! -->
			<Objective QuestName="And No Maces!" QuestId="37167" Type="CollectItem" ItemId="118643" CollectCount="1" />
			<Objective QuestName="And No Maces!" QuestId="37167" Type="KillMob" MobId="80005" KillCount="1" />
		</If>

		<!-- Gladiator's Sanctum quest requires PvP -->
		<If Condition="HasQuest(36874) &amp;&amp; !IsQuestCompleted(36874)" > <!-- Warlord of Draenor -->
			<Objective QuestName="Warlord of Draenor" QuestId="36874" Type="CollectItem" ItemId="118043" CollectCount="10" />
		</If>











    </QuestOrder>

	<!-- Fresh 100 - these quests are available:
	Gazlowe:
	My Very Own Fortress (lvl 3 garrison)
	Ashran Appearance (Go To Dailies)

	Warmaster Zog:
	Proving Grounds / trials

	Khadgar's Servant:
	Call of the Archmage - go to zangarra		
			
	Rokhan:
	Garrison Campaign

	Callboard quest	
			
	Cordana Felsong
	Vouchsafe Our Arrival (i think this is the FFR 92'ish achievement chain)		
    

    // legendary
    <PickUp QuestName="Call of the Archmage" QuestId="35988" GiverName="Khadgar's Servant" GiverId="83858" X="5595.691" Y="4540.181" Z="127.7557" />
    <TurnIn QuestName="Call of the Archmage" QuestId="35988" TurnInName="Archmage Khadgar" TurnInId="83823" X="3168.495" Y="754.4531" Z="81.27051" />

    // Skyreach dungeon
    <PickUp QuestName="Spires of the Betrayer" QuestId="36157" GiverName="Archmage Khadgar" GiverId="83823" X="3168.495" Y="754.4531" Z="81.27051" />
        <Objective QuestName="Spires of the Betrayer" QuestId="36157" Type="CollectItem" ItemId="114780" CollectCount="1" />
    <TurnIn QuestName="Spires of the Betrayer" QuestId="36157" TurnInName="Archmage Khadgar" TurnInId="83823" X="3168.495" Y="754.4531" Z="81.27051" />

    
    // Pick up at garrison, turn in at Socrethar's Rise in SMV
    <PickUp QuestName="Garrison Campaign: The Sargerei" QuestId="35186" GiverName="Khadgar's Servant" GiverId="83858" X="5626.319" Y="4516.312" Z="119.2693" />
    <Vendor Name="Bron Skyhorn" Entry="79407" Type="Repair" X="5575.775" Y="4563.67" Z="136.2085" />
    // gossip options 1, maybe 2?
    <TurnIn QuestName="Garrison Campaign: The Sargerei" QuestId="35186" TurnInName="Archmage Modera" TurnInId="88276" X="-791.7448" Y="-649.5989" Z="109.0033" />

    
    

    
	-->		

	<!--
	Barn lvl 1:
	<GameObject Name="Garrison Building Horde Barn V1" Entry="230410" X="5525.882" Y="4523.569" Z="131.7183" />

	buildingID = 24
	plotID = 22
	texPrefix="GarrBuilding_Barn_1_H"

	<PickUp QuestName="Breaking into the Trap Game" QuestId="36345" GiverName="Farmer Lok'lub" GiverId="85048" X="5539.382" Y="4516.655" Z="131.2322" />
	<Objective QuestName="Breaking into the Trap Game" QuestId="36345" Type="KillMob" MobId="84882" KillCount="1" />
	<TurnIn QuestName="Breaking into the Trap Game" QuestId="36345" TurnInName="Farmer Lok'lub" TurnInId="85048" X="5539.382" Y="4516.655" Z="131.2322" />


	Gladiators Sanctum lvl 1:
	<GameObject Name="Garrison Building Horde Sparring Arena V1" Entry="230477" X="5525.882" Y="4523.569" Z="131.7183" />

	buildingID = 159
	plotID = 22
	texPrefix="GarrBuilding_SparringArena_1_H"

	<PickUp QuestName="Warlord of Draenor" QuestId="36874" GiverName="Raza'kul" GiverId="86629" X="5536.027" Y="4522.98" Z="133.615" />
	<Objective QuestName="Warlord of Draenor" QuestId="36874" Type="CollectItem" ItemId="118043" CollectCount="10" />
	<TurnIn QuestName="Warlord of Draenor" QuestId="36874" TurnInName="Raza'kul" TurnInId="86629" X="5536.027" Y="4522.98" Z="133.615" />


	Lumber Mill lvl 1:
	<GameObject Name="Garrison Building Horde Mill V1" Entry="230422" X="5525.882" Y="4523.569" Z="131.7183" />

	buildingID = 40
	plotID = 22
	texPrefix="GarrBuilding_LumberMill_1_H"

	<PickUp QuestName="Easing into Lumberjacking" QuestId="36137" GiverName="Lumber Lord Oktron" GiverId="84247" X="5525.295" Y="4521.025" Z="132.6968" />
	<Objective QuestName="Easing into Lumberjacking" QuestId="36137" Type="CollectItem" ItemId="114827" CollectCount="1" />
	<TurnIn QuestName="Easing into Lumberjacking" QuestId="36137" TurnInName="Lumber Lord Oktron" TurnInId="84247" X="5525.295" Y="4521.025" Z="132.6968" />


	Trading post lvl 1:
	<GameObject Name="Garrison Building Horde Trading Post V1" Entry="230472" X="5525.882" Y="4523.569" Z="131.7183" />

	buildingID = 111
	plotID = 22
	texPrefix="GarrBuilding_TradingPost_1_H"

	<PickUp QuestName="Tricks of the Trade" QuestId="37062" GiverName="Fayla Fairfeather" GiverId="87121" X="5537.497" Y="4526.092" Z="132.3" />	
	<Objective QuestName="Tricks of the Trade" QuestId="37062" Type="KillMob" MobId="87254" KillCount="1" />
	<TurnIn QuestName="Tricks of the Trade" QuestId="37062" TurnInName="Fayla Fairfeather" TurnInId="87121" X="5537.497" Y="4526.092" Z="132.3" />	


	Tavern lvl 1:
	<GameObject Name="Garrison Building Horde Inn V1" Entry="230416" X="5525.882" Y="4523.569" Z="131.7183" />

	buildingID = 34
	plotID = 22
	texPrefix="GarrBuilding_Inn_1_H"

	<PickUp QuestName="Cold Steel" QuestId="37151" GiverName="John J. Keeshan" GiverId="88026" X="5531.563" Y="4520.916" Z="132.4872" />
	<Objective QuestName="Cold Steel" QuestId="37151" Type="CollectItem" ItemId="118653" CollectCount="1" />
	<Objective QuestName="Cold Steel" QuestId="37151" Type="KillMob" MobId="80005" KillCount="1" />
	<TurnIn QuestName="Cold Steel" QuestId="37151" TurnInName="John J. Keeshan" TurnInId="88026" X="5531.563" Y="4520.916" Z="132.4872" />

	+

	<PickUp QuestName="And No Maces!" QuestId="37167" GiverName="Lonika Stillblade" GiverId="88006" X="5534.25" Y="4527.528" Z="132.4856" />
	<Objective QuestName="And No Maces!" QuestId="37167" Type="CollectItem" ItemId="118643" CollectCount="1" />
	<Objective QuestName="And No Maces!" QuestId="37167" Type="KillMob" MobId="80005" KillCount="1" />
	<TurnIn QuestName="And No Maces!" QuestId="37167" TurnInName="Lonika Stillblade" TurnInId="88006" X="5534.25" Y="4527.528" Z="132.4856" />

			
			
			
	-->


</HBProfile>