<HBProfile xsi:noNamespaceSchemaLocation="../../../Schemas/QuestProfileSchema.xsd" xmlns:xsi="http://www.w3.org/2001/XMLSchema-instance">
    <!-- Original contribution by Kickazz006 -->
    <Name>[A - Quest] Human 1-5 [Kick] ($Rev: 3553 $)</Name>

    <MinLevel>1</MinLevel>
    <MaxLevel>1001</MaxLevel>

    <MinDurability>0.3</MinDurability>
    <MinFreeBagSlots>3</MinFreeBagSlots>

    <!-- NB: Honorbuddy sells before mailing -->
    <SellGrey>true</SellGrey>
    <SellWhite>true</SellWhite>
    <SellGreen>true</SellGreen>
    <SellBlue>false</SellBlue>
    <SellPurple>false</SellPurple>

    <MailGrey>false</MailGrey>
    <MailWhite>true</MailWhite>
    <MailGreen>true</MailGreen>
    <MailBlue>true</MailBlue>
    <MailPurple>true</MailPurple>

    <TargetElites>false</TargetElites>


    <AvoidMobs>
        <Mob Name="Garginox" Id="45681" />
        <Mob Name="Landlocked Grouper" Id="45664" />
        <Mob Name="Midsummer Celebrant" Id="16781" />

        <!-- Northshire -->
        <!-- <Mob Name="Training Dummy" Id="44548" /> -->
    </AvoidMobs>


    <Mailboxes>
        <Mailbox Name="Northshire" X="-8908.27" Y="-129.904" Z="80.91549" />
        <Mailbox Name="Goldshire" X="-9456.721" Y="46.77825" Z="56.60653" />
    </Mailboxes>


    <Vendors>
        <Vendor Name="Dermot Johns" Id="190" Type="Repair" X="-8897.71" Y="-115.3281" Z="81.84091" />
        <Vendor Name="Brother Danil" Id="152" Type="Food" X="-8901.59" Y="-112.716" Z="81.84885" />
    </Vendors>


    <!-- BEGIN: Quest Overrides -->
    <!-- END: Quest Overrides -->


    <QuestOrder IgnoreCheckpoints="true" >
        <!-- BEGIN: Checkpoint Block
             This code needs to be replicated after every checkpoint.
             If you modify something in this block, don't forget to update the copy of this
             block after each checkpoint, and the at the start of the <QuestOrder>, also.
        -->
        <CustomBehavior File="Misc\RunLua" Lua="SetCVar('AutoLootDefault', 1)" />
        <CustomBehavior File="UserSettings" AutoEquip="true" />

        <CustomBehavior File="EnablePlugin" Names="Anti Drown" />
        <CustomBehavior File="EnablePlugin" Names="Questhelper - ItemForAura" />
        <CustomBehavior File="EnablePlugin" Names="Refreshment Detection" />

        <CustomBehavior File="Misc\ProfileCompatibilityInfo" AllowBrokenAddOns="true" AllowBrokenPlugIns="true" />

        <LootMobs Value="true" />
        <TargetingDistance Value="null" />    <!-- Use LevelBot default -->
        <UseMount Value="true" />
        <!-- END: Checkpoint Block -->

        <CustomBehavior File="Message" Text="Compiling Northshire Abbey Quests" LogColor="CornflowerBlue" />

        <!-- Class Quests -->
        <If Condition="( Me.Race != WoWRace.Human ) &amp;&amp; ( Me.Level &lt; 5 )">

            <If Condition="Me.ZoneId != 12" >
                <CustomBehavior File="UserDialog" AllowBotStop="true" SoundCue="Exclamation" SoundCueInterval="1"
                                Text="This profile starts in Elwynn Forest, please move your toon there before continueing" />
            </If>

            <PickUp QuestName="Beating them Back!" QuestId="29078" GiverName="Marshal McBride" GiverId="197"
                    X="-8913.069" Y="-137.4063" Z="80.8181" />
            <Objective QuestName="Beating them Back!" QuestId="29078" Type="KillMob" MobId="49871" KillCount="6" />
            <TurnIn QuestName="Beating them Back!" QuestId="29078" TurnInName="Marshal McBride" TurnInId="197"
                    X="-8913.069" Y="-137.4063" Z="80.8181" />
            <PickUp QuestName="Lions for Lambs" QuestId="29079" GiverName="Marshal McBride" GiverId="197"
                    X="-8913.069" Y="-137.4063" Z="80.8181" />
            <Objective QuestName="Lions for Lambs" QuestId="29079" Type="KillMob" MobId="49874" KillCount="8" />
            <TurnIn QuestName="Lions for Lambs" QuestId="29079" TurnInName="Marshal McBride" TurnInId="197"
                    X="-8913.069" Y="-137.4063" Z="80.8181" />
            <PickUp QuestName="Join the Battle!" QuestId="29080" GiverName="Llane Beshere" GiverId="911"
                    X="-8918.364" Y="-208.4109" Z="82.12605" />
            <TurnIn QuestName="Join the Battle!" QuestId="29080" TurnInName="Sergeant Willem" TurnInId="823"
                    X="-8827.837" Y="-158.6233" Z="79.85906" />
            <PickUp QuestName="They Sent Assassins" QuestId="29081" GiverName="Sergeant Willem" GiverId="823"
                    X="-8827.837" Y="-158.6233" Z="79.85906" />
            <Objective QuestName="They Sent Assassins" QuestId="29081" Type="KillMob" MobId="50039" KillCount="8" />
            <TurnIn QuestName="They Sent Assassins" QuestId="29081" TurnInName="Sergeant Willem" TurnInId="823"
                    X="-8827.837" Y="-158.6233" Z="79.85906" />
            <PickUp QuestName="The Rear is Clear" QuestId="29083" GiverName="Sergeant Willem" GiverId="823"
                    X="-8827.837" Y="-158.6233" Z="79.85906" />
            <TurnIn QuestName="The Rear is Clear" QuestId="29083" TurnInName="Marshal McBride" TurnInId="197"
                    X="-8913.069" Y="-137.4063" Z="80.8181" />
        </If>

        <If Condition="( Me.Race == WoWRace.Human ) &amp;&amp; ( Me.Level &lt; 5 )">

            <If Condition="Me.Class == WoWClass.Warrior">
                <PickUp QuestName="Beating them Back!" QuestId="28766" GiverName="Marshal McBride" GiverId="197"
                        X="-8913.069" Y="-137.4063" Z="80.8181" />
                <Objective QuestName="Beating them Back!" QuestId="28766" Type="KillMob" MobId="49871" KillCount="6" />
                <TurnIn QuestName="Beating them Back!" QuestId="28766" TurnInName="Marshal McBride" TurnInId="197"
                        X="-8913.069" Y="-137.4063" Z="80.8181" />
                <PickUp QuestName="Lions for Lambs" QuestId="28774" GiverName="Marshal McBride" GiverId="197"
                        X="-8913.069" Y="-137.4063" Z="80.8181" />
                <Objective QuestName="Lions for Lambs" QuestId="28774" Type="KillMob" MobId="49874" KillCount="8" />
                <TurnIn QuestName="Lions for Lambs" QuestId="28774" TurnInName="Marshal McBride" TurnInId="197"
                        X="-8913.069" Y="-137.4063" Z="80.8181" />
                <PickUp QuestName="Simple Letter" QuestId="3100" GiverName="Marshal McBride" GiverId="197"
                        X="-8913.069" Y="-137.4063" Z="80.8181" />
                <Objective QuestName="Simple Letter" QuestId="3100" Type="CollectItem" ItemId="9542" CollectCount="1" />
                <TurnIn QuestName="Simple Letter" QuestId="3100" TurnInName="Llane Beshere" TurnInId="911"
                        X="-8918.364" Y="-208.4109" Z="82.12605" />
                <PickUp QuestName="Charging into Battle" QuestId="26913" GiverName="Llane Beshere" GiverId="911"
                        X="-8918.364" Y="-208.4109" Z="82.12605" />
                <CustomBehavior File="ForceSetVendor" QuestId="26913" DoSell="true" />
                <CustomBehavior File="InteractWith" QuestId="26913" InteractByCastingSpellId="100" MobId="44548"
                                Range="20" MinRange="15"
                                X="-8965.807" Y="-111.999" Z="84.03532" />
                <TurnIn QuestName="Charging into Battle" QuestId="26913" TurnInName="Llane Beshere" TurnInId="911"
                        X="-8918.364" Y="-208.4109" Z="82.12605" />
                <PickUp QuestName="Join the Battle!" QuestId="28789" GiverName="Llane Beshere" GiverId="911"
                        X="-8918.364" Y="-208.4109" Z="82.12605" />
                <TurnIn QuestName="Join the Battle!" QuestId="28789" TurnInName="Sergeant Willem" TurnInId="823"
                        X="-8827.837" Y="-158.6233" Z="79.85906" />
                <PickUp QuestName="Fear No Evil" QuestId="28813" GiverName="Brother Paxton" GiverId="951" />
                <While Condition="HasQuest(28813) &amp;&amp; !IsQuestCompleted(28813)" >
                    <CustomBehavior File="InteractWith" QuestId="28813" MobId="50047" NumOfTimes="4"
                                    CollectionDistance="500" X="-8769.394" Y="-190.3564" Z="84.5011" />
                </While>
                <TurnIn QuestName="Fear No Evil" QuestId="28813" TurnInName="Brother Paxton" TurnInId="951" />
                <PickUp QuestName="They Sent Assassins" QuestId="28797" GiverName="Sergeant Willem" GiverId="823"
                        X="-8827.837" Y="-158.6233" Z="79.85906" />
                <Objective QuestName="They Sent Assassins" QuestId="28797" Type="KillMob" MobId="50039" KillCount="8" />
                <TurnIn QuestName="They Sent Assassins" QuestId="28797" TurnInName="Sergeant Willem" TurnInId="823"
                        X="-8827.837" Y="-158.6233" Z="79.85906" />
                <PickUp QuestName="The Rear is Clear" QuestId="28823" GiverName="Sergeant Willem" GiverId="823"
                        X="-8827.837" Y="-158.6233" Z="79.85906" />
                <TurnIn QuestName="The Rear is Clear" QuestId="28823" TurnInName="Marshal McBride" TurnInId="197"
                        X="-8913.069" Y="-137.4063" Z="80.8181" />
            </If>

            <If Condition="Me.Class == WoWClass.Hunter">
                <PickUp QuestName="Beating them Back!" QuestId="28767" GiverName="Marshal McBride" GiverId="197"
                        X="-8913.069" Y="-137.4063" Z="80.8181" />
                <Objective QuestName="Beating them Back!" QuestId="28767" Type="KillMob" MobId="49871" KillCount="6" />
                <TurnIn QuestName="Beating them Back!" QuestId="28767" TurnInName="Marshal McBride" TurnInId="197"
                        X="-8913.069" Y="-137.4063" Z="80.8181" />
                <PickUp QuestName="Lions for Lambs" QuestId="28759" GiverName="Marshal McBride" GiverId="197"
                        X="-8913.069" Y="-137.4063" Z="80.8181" />
                <Objective QuestName="Lions for Lambs" QuestId="28759" Type="KillMob" MobId="49874" KillCount="8" />
                <TurnIn QuestName="Lions for Lambs" QuestId="28759" TurnInName="Marshal McBride" TurnInId="197"
                        X="-8913.069" Y="-137.4063" Z="80.8181" />
                <PickUp QuestName="Etched Letter" QuestId="26910" GiverName="Marshal McBride" GiverId="197"
                        X="-8913.069" Y="-137.4063" Z="80.8181" />
                <Objective QuestName="Etched Letter" QuestId="26910" Type="CollectItem" ItemId="60677" CollectCount="1" />
                <TurnIn QuestName="Etched Letter" QuestId="26910" TurnInName="Ashley Blank" TurnInId="43278"
                        X="-8924.651" Y="-149.9028" Z="81.36339" />
                <PickUp QuestName="The Hunter's Path" QuestId="26917" GiverName="Ashley Blank" GiverId="43278"
                        X="-8924.651" Y="-149.9028" Z="81.36339" />
                <CustomBehavior File="ForceSetVendor" QuestId="26917" DoSell="true" />
                <CustomBehavior File="InteractWith" QuestId="26917" InteractByCastingSpellId="56641" MobId="44548"
                                NumOfTimes="5" X="-8965.57" Y="-146.288" Z="81.50985" />
                <TurnIn QuestName="The Hunter's Path" QuestId="26917" TurnInName="Ashley Blank" TurnInId="43278"
                        X="-8924.651" Y="-149.9028" Z="81.36339" />
                <PickUp QuestName="Join the Battle!" QuestId="28780" GiverName="Ashley Blank" GiverId="43278"
                        X="-8924.651" Y="-149.9028" Z="81.36339" />
                <TurnIn QuestName="Join the Battle!" QuestId="28780" TurnInName="Sergeant Willem" TurnInId="823"
                        X="-8827.837" Y="-158.6233" Z="79.85906" />
                <PickUp QuestName="Fear No Evil" QuestId="28806" GiverName="Brother Paxton" GiverId="951" />
                <While Condition="HasQuest(28806) &amp;&amp; !IsQuestCompleted(28806)" >
                    <CustomBehavior File="InteractWith" QuestId="28806" MobId="50047" NumOfTimes="4"
                                    CollectionDistance="500" X="-8769.394" Y="-190.3564" Z="84.5011" />
                </While>
                <TurnIn QuestName="Fear No Evil" QuestId="28806" TurnInName="Brother Paxton" TurnInId="951" />
                <PickUp QuestName="They Sent Assassins" QuestId="28791" GiverName="Sergeant Willem" GiverId="823"
                        X="-8827.837" Y="-158.6233" Z="79.85906" />
                <Objective QuestName="They Sent Assassins" QuestId="28791" Type="KillMob" MobId="50039" KillCount="8" />
                <TurnIn QuestName="They Sent Assassins" QuestId="28791" TurnInName="Sergeant Willem" TurnInId="823"
                        X="-8827.837" Y="-158.6233" Z="79.85906" />
                <PickUp QuestName="The Rear is Clear" QuestId="28817" GiverName="Sergeant Willem" GiverId="823"
                        X="-8827.837" Y="-158.6233" Z="79.85906" />
                <TurnIn QuestName="The Rear is Clear" QuestId="28817" TurnInName="Marshal McBride" TurnInId="197"
                        X="-8913.069" Y="-137.4063" Z="80.8181" />
            </If>

            <If Condition="Me.Class == WoWClass.Warlock">
                <PickUp QuestName="Beating them Back!" QuestId="28765" GiverName="Marshal McBride" GiverId="197"
                        X="-8913.069" Y="-137.4063" Z="80.8181" />
                <Objective QuestName="Beating them Back!" QuestId="28765" Type="KillMob" MobId="49871" KillCount="6" />
                <TurnIn QuestName="Beating them Back!" QuestId="28765" TurnInName="Marshal McBride" TurnInId="197"
                        X="-8913.069" Y="-137.4063" Z="80.8181" />
                <PickUp QuestName="Lions for Lambs" QuestId="28773" GiverName="Marshal McBride" GiverId="197"
                        X="-8913.069" Y="-137.4063" Z="80.8181" />
                <Objective QuestName="Lions for Lambs" QuestId="28773" Type="KillMob" MobId="49874" KillCount="8" />
                <TurnIn QuestName="Lions for Lambs" QuestId="28773" TurnInName="Marshal McBride" TurnInId="197"
                        X="-8913.069" Y="-137.4063" Z="80.8181" />
                <PickUp QuestName="Tainted Letter" QuestId="3105" GiverName="Marshal McBride" GiverId="197"
                        X="-8913.069" Y="-137.4063" Z="80.8181" />
                <Objective QuestName="Tainted Letter" QuestId="3105" Type="CollectItem" ItemId="9576" CollectCount="1" />
                <TurnIn QuestName="Tainted Letter" QuestId="3105" TurnInName="Drusilla La Salle" TurnInId="459" />
                <PickUp QuestName="Immolation" QuestId="26914" GiverName="Drusilla La Salle" GiverId="459" />
                <CustomBehavior File="ForceSetVendor" QuestId="26914" DoSell="true" />
                <CustomBehavior File="InteractWith" QuestId="26914" InteractByCastingSpellId="172" MobId="44548"
                                NumOfTimes="5" X="-8965.57" Y="-146.288" Z="81.50985" />
                <TurnIn QuestName="Immolation" QuestId="26914" TurnInName="Drusilla La Salle" TurnInId="459" />
                <PickUp QuestName="Join the Battle!" QuestId="28788" GiverName="Drusilla La Salle" GiverId="459" />
                <TurnIn QuestName="Join the Battle!" QuestId="28788" TurnInName="Sergeant Willem" TurnInId="823"
                        X="-8827.837" Y="-158.6233" Z="79.85906" />
                <PickUp QuestName="Fear No Evil" QuestId="28812" GiverName="Brother Paxton" GiverId="951" />
                <While Condition="HasQuest(28812) &amp;&amp; !IsQuestCompleted(28812)" >
                    <CustomBehavior File="InteractWith" QuestId="28812" MobId="50047" NumOfTimes="4"
                                    CollectionDistance="500" X="-8769.394" Y="-190.3564" Z="84.5011" />
                </While>
                <TurnIn QuestName="Fear No Evil" QuestId="28812" TurnInName="Brother Paxton" TurnInId="951" />
                <PickUp QuestName="They Sent Assassins" QuestId="28796" GiverName="Sergeant Willem" GiverId="823"
                        X="-8827.837" Y="-158.6233" Z="79.85906" />
                <Objective QuestName="They Sent Assassins" QuestId="28796" Type="KillMob" MobId="50039" KillCount="8" />
                <TurnIn QuestName="They Sent Assassins" QuestId="28796" TurnInName="Sergeant Willem" TurnInId="823"
                        X="-8827.837" Y="-158.6233" Z="79.85906" />
                <PickUp QuestName="The Rear is Clear" QuestId="28822" GiverName="Sergeant Willem" GiverId="823"
                        X="-8827.837" Y="-158.6233" Z="79.85906" />
                <TurnIn QuestName="The Rear is Clear" QuestId="28822" TurnInName="Marshal McBride" TurnInId="197"
                        X="-8913.069" Y="-137.4063" Z="80.8181" />
            </If>

            <If Condition="Me.Class == WoWClass.Rogue">
                <PickUp QuestName="Beating them Back!" QuestId="28764" GiverName="Marshal McBride" GiverId="197"
                        X="-8913.069" Y="-137.4063" Z="80.8181" />
                <Objective QuestName="Beating them Back!" QuestId="28764" Type="KillMob" MobId="49871" KillCount="6" />
                <TurnIn QuestName="Beating them Back!" QuestId="28764" TurnInName="Marshal McBride" TurnInId="197"
                        X="-8913.069" Y="-137.4063" Z="80.8181" />
                <PickUp QuestName="Lions for Lambs" QuestId="28772" GiverName="Marshal McBride" GiverId="197"
                        X="-8913.069" Y="-137.4063" Z="80.8181" />
                <Objective QuestName="Lions for Lambs" QuestId="28772" Type="KillMob" MobId="49874" KillCount="8" />
                <TurnIn QuestName="Lions for Lambs" QuestId="28772" TurnInName="Marshal McBride" TurnInId="197"
                        X="-8913.069" Y="-137.4063" Z="80.8181" />
                <PickUp QuestName="Encrypted Letter" QuestId="3102" GiverName="Marshal McBride" GiverId="197"
                        X="-8913.069" Y="-137.4063" Z="80.8181" />
                <Objective QuestName="Encrypted Letter" QuestId="3102" Type="CollectItem" ItemId="9555" CollectCount="1" />
                <TurnIn QuestName="Encrypted Letter" QuestId="3102" TurnInName="Jorik Kerridan" TurnInId="915" />
                <PickUp QuestName="The Deepest Cut" QuestId="26915" GiverName="Jorik Kerridan" GiverId="915" />
                <While Condition="HasQuest(26915) &amp;&amp; !IsQuestCompleted(26915)">
                    <CustomBehavior File="InteractWith" InteractByCastingSpellId="1752" MobId="44548"
                                    NumOfTimes="3" X="-8965.57" Y="-146.288" Z="81.50985" />
                    <CustomBehavior File="InteractWith" InteractByCastingSpellId="2098" MobId="44548"
                                    X="-8965.57" Y="-146.288" Z="81.50985" />
                </While>
                <TurnIn QuestName="The Deepest Cut" QuestId="26915" TurnInName="Jorik Kerridan" TurnInId="915" />
                <PickUp QuestName="Join the Battle!" QuestId="28787" GiverName="Jorik Kerridan" GiverId="915" />
                <TurnIn QuestName="Join the Battle!" QuestId="28787" TurnInName="Sergeant Willem" TurnInId="823"
                        X="-8827.837" Y="-158.6233" Z="79.85906" />
                <PickUp QuestName="Fear No Evil" QuestId="28811" GiverName="Brother Paxton" GiverId="951" />
                <While Condition="HasQuest(28811) &amp;&amp; !IsQuestCompleted(28811)" >
                    <CustomBehavior File="InteractWith" QuestId="28811" MobId="50047" NumOfTimes="4" CollectionDistance="500"
                                    X="-8769.394" Y="-190.3564" Z="84.5011" />
                </While>
                <TurnIn QuestName="Fear No Evil" QuestId="28811" TurnInName="Brother Paxton" TurnInId="951" />
                <PickUp QuestName="They Sent Assassins" QuestId="28795" GiverName="Sergeant Willem" GiverId="823"
                        X="-8827.837" Y="-158.6233" Z="79.85906" />
                <Objective QuestName="They Sent Assassins" QuestId="28795" Type="KillMob" MobId="50039" KillCount="8" />
                <TurnIn QuestName="They Sent Assassins" QuestId="28795" TurnInName="Sergeant Willem" TurnInId="823"
                        X="-8827.837" Y="-158.6233" Z="79.85906" />
                <PickUp QuestName="The Rear is Clear" QuestId="28821" GiverName="Sergeant Willem" GiverId="823"
                        X="-8827.837" Y="-158.6233" Z="79.85906" />
                <TurnIn QuestName="The Rear is Clear" QuestId="28821" TurnInName="Marshal McBride" TurnInId="197"
                        X="-8913.069" Y="-137.4063" Z="80.8181" />
            </If>

            <If Condition="Me.Class == WoWClass.Paladin">
                <PickUp QuestName="Beating them Back!" QuestId="28762" GiverName="Marshal McBride" GiverId="197"
                        X="-8913.069" Y="-137.4063" Z="80.8181" />
                <Objective QuestName="Beating them Back!" QuestId="28762" Type="KillMob" MobId="49871" KillCount="6" />
                <TurnIn QuestName="Beating them Back!" QuestId="28762" TurnInName="Marshal McBride" TurnInId="197"
                        X="-8913.069" Y="-137.4063" Z="80.8181" />
                <PickUp QuestName="Lions for Lambs" QuestId="28770" GiverName="Marshal McBride" GiverId="197"
                        X="-8913.069" Y="-137.4063" Z="80.8181" />
                <Objective QuestName="Lions for Lambs" QuestId="28770" Type="KillMob" MobId="49874" KillCount="8" />
                <TurnIn QuestName="Lions for Lambs" QuestId="28770" TurnInName="Marshal McBride" TurnInId="197"
                        X="-8913.069" Y="-137.4063" Z="80.8181" />
                <PickUp QuestName="Consecrated Letter" QuestId="3101" GiverName="Marshal McBride" GiverId="197"
                        X="-8913.069" Y="-137.4063" Z="80.8181" />
                <TurnIn QuestName="Consecrated Letter" QuestId="3101" TurnInName="Brother Sammuel" TurnInId="925" />
                <PickUp QuestName="The Power of the Light" QuestId="26918" GiverName="Brother Sammuel" GiverId="925"
                        X="-8914.567" Y="-215.0163" Z="82.11682" />
                <If Condition="HasQuest(26918) &amp;&amp; !IsQuestCompleted(26918)">
                    <MoveTo X="-8967.868" Y="-153.4938" Z="81.50329" />
                    <CustomBehavior File="InteractWith" QuestId="26918" MobId="44548"
                                    X="-8967.868" Y="-153.4938" Z="81.50329" />
                </If>
                <TurnIn QuestName="The Power of the Light" QuestId="26918" TurnInName="Brother Sammuel" TurnInId="925"
                        X="-8914.567" Y="-215.0163" Z="82.11682" />
                <PickUp QuestName="Join the Battle!" QuestId="28785" GiverName="Brother Sammuel" GiverId="925"
                        X="-8914.567" Y="-215.0163" Z="82.11682" />
                <TurnIn QuestName="Join the Battle!" QuestId="28785" TurnInName="Sergeant Willem" TurnInId="823"
                        X="-8827.837" Y="-158.6233" Z="79.85906" />
                <PickUp QuestName="Fear No Evil" QuestId="28809" GiverName="Brother Paxton" GiverId="951" />
                <While Condition="HasQuest(28809) &amp;&amp; !IsQuestCompleted(28809)" >
                    <CustomBehavior File="InteractWith" QuestId="28809" MobId="50047" NumOfTimes="4"
                                    CollectionDistance="500" X="-8769.394" Y="-190.3564" Z="84.5011" />
                </While>
                <TurnIn QuestName="Fear No Evil" QuestId="28809" TurnInName="Brother Paxton" TurnInId="951" />
                <PickUp QuestName="They Sent Assassins" QuestId="28793" GiverName="Sergeant Willem" GiverId="823"
                        X="-8827.837" Y="-158.6233" Z="79.85906" />
                <Objective QuestName="They Sent Assassins" QuestId="28793" Type="KillMob" MobName="Goblin Assassin" MobId="50039" KillCount="8" />
                <TurnIn QuestName="They Sent Assassins" QuestId="28793" TurnInName="Sergeant Willem" TurnInId="823"
                        X="-8827.837" Y="-158.6233" Z="79.85906" />
                <PickUp QuestName="The Rear is Clear" QuestId="28819" GiverName="Sergeant Willem" GiverId="823"
                        X="-8827.837" Y="-158.6233" Z="79.85906" />
                <TurnIn QuestName="The Rear is Clear" QuestId="28819" TurnInName="Marshal McBride" TurnInId="197"
                        X="-8913.069" Y="-137.4063" Z="80.8181" />
            </If>

        <If Condition="Me.Class == WoWClass.Priest">
                <PickUp QuestName="Beating them Back!" QuestId="28763" GiverName="Marshal McBride" GiverId="197"
                        X="-8913.069" Y="-137.4063" Z="80.8181" />
                <Objective QuestName="Beating them Back!" QuestId="28763" Type="KillMob" MobId="49871" KillCount="6" />
                <TurnIn QuestName="Beating them Back!" QuestId="28763" TurnInName="Marshal McBride" TurnInId="197"
                        X="-8913.069" Y="-137.4063" Z="80.8181" />
                <PickUp QuestName="Lions for Lambs" QuestId="28771" GiverName="Marshal McBride" GiverId="197"
                        X="-8913.069" Y="-137.4063" Z="80.8181" />
                <Objective QuestName="Lions for Lambs" QuestId="28771" Type="KillMob" MobId="49874" KillCount="8" />
                <TurnIn QuestName="Lions for Lambs" QuestId="28771" TurnInName="Marshal McBride" TurnInId="197"
                        X="-8913.069" Y="-137.4063" Z="80.8181" />
                <PickUp QuestName="Hallowed Letter" QuestId="3103" GiverName="Marshal McBride" GiverId="197"
                        X="-8913.069" Y="-137.4063" Z="80.8181" />
                <If Condition="HasQuest(3103) &amp;&amp; !IsQuestCompleted(3103)" >
                    <Objective QuestName="Hallowed Letter" QuestId="3103" Type="CollectItem" ItemId="9548" CollectCount="1" />
                </If>
                <TurnIn QuestName="Hallowed Letter" QuestId="3103" TurnInName="Priestess Anetta" TurnInId="375" />
                <PickUp QuestName="Learning the Word" QuestId="26919" GiverName="Priestess Anetta" GiverId="375" />
                <CustomBehavior File="ForceSetVendor" QuestId="26919" DoSell="true" />
                <CustomBehavior File="InteractWith" QuestId="26919" InteractByCastingSpellId="589" MobId="44548"
                                NumOfTimes="5" X="-8969.78" Y="-146.455" Z="81.50681" />
                <TurnIn QuestName="Learning the Word" QuestId="26919" TurnInName="Priestess Anetta" TurnInId="375" />
                <PickUp QuestName="Join the Battle!" QuestId="28786" GiverName="Priestess Anetta" GiverId="375" />
                <TurnIn QuestName="Join the Battle!" QuestId="28786" TurnInName="Sergeant Willem" TurnInId="823"
                        X="-8827.837" Y="-158.6233" Z="79.85906" />
                <PickUp QuestName="Fear No Evil" QuestId="28810" GiverName="Brother Paxton" GiverId="951" />
                <While Condition="HasQuest(28810) &amp;&amp; !IsQuestCompleted(28810)" >
                    <CustomBehavior File="InteractWith" QuestId="28810" MobId="50047" NumOfTimes="4"
                                    CollectionDistance="500" X="-8769.394" Y="-190.3564" Z="84.5011" />
                </While>
                <TurnIn QuestName="Fear No Evil" QuestId="28810" TurnInName="Brother Paxton" TurnInId="951" />
                <PickUp QuestName="They Sent Assassins" QuestId="28794" GiverName="Sergeant Willem" GiverId="823"
                        X="-8827.837" Y="-158.6233" Z="79.85906" />
                <Objective QuestName="They Sent Assassins" QuestId="28794" Type="KillMob" MobId="50039" KillCount="8" />
                <TurnIn QuestName="They Sent Assassins" QuestId="28794" TurnInName="Sergeant Willem" TurnInId="823"
                        X="-8827.837" Y="-158.6233" Z="79.85906" />
                <PickUp QuestName="The Rear is Clear" QuestId="28820" GiverName="Sergeant Willem" GiverId="823"
                        X="-8827.837" Y="-158.6233" Z="79.85906" />
                <TurnIn QuestName="The Rear is Clear" QuestId="28820" TurnInName="Marshal McBride" TurnInId="197"
                        X="-8913.069" Y="-137.4063" Z="80.8181" />
            </If>

            <If Condition="Me.Class == WoWClass.Mage">
                <PickUp QuestName="Beating them Back!" QuestId="28757" GiverName="Marshal McBride" GiverId="197"
                        X="-8913.069" Y="-137.4063" Z="80.8181" />
                <Objective QuestName="Beating them Back!" QuestId="28757" Type="KillMob" MobId="49871" KillCount="6" />
                <TurnIn QuestName="Beating them Back!" QuestId="28757" TurnInName="Marshal McBride" TurnInId="197"
                        X="-8913.069" Y="-137.4063" Z="80.8181" />
                <PickUp QuestName="Lions for Lambs" QuestId="28769" GiverName="Marshal McBride" GiverId="197"
                        X="-8913.069" Y="-137.4063" Z="80.8181" />
                <Objective QuestName="Lions for Lambs" QuestId="28769" Type="KillMob" MobId="49874" KillCount="8" />
                <TurnIn QuestName="Lions for Lambs" QuestId="28769" TurnInName="Marshal McBride" TurnInId="197"
                        X="-8913.069" Y="-137.4063" Z="80.8181" />
                <PickUp QuestName="Glyphic Letter" QuestId="3104" GiverName="Marshal McBride" GiverId="197"
                        X="-8913.069" Y="-137.4063" Z="80.8181" />
                <Objective QuestName="Glyphic Letter" QuestId="3104" Type="CollectItem" ItemId="9571" CollectCount="1" />
                <TurnIn QuestName="Glyphic Letter" QuestId="3104" TurnInName="Khelden Bremen" TurnInId="198" />
                <PickUp QuestName="Mastering the Arcane" QuestId="26916" GiverName="Khelden Bremen" GiverId="198" />
                <CustomBehavior File="ForceSetVendor" QuestId="26916" DoSell="true" />
                <While Condition="HasQuest(26916) &amp;&amp; !IsQuestCompleted(26916)">
                    <CustomBehavior File="InteractWith" InteractByCastingSpellId="122" MobId="44548"
                                    X="-8965.57" Y="-146.288" Z="81.50985" />
                </While>
                <TurnIn QuestName="Mastering the Arcane" QuestId="26916" TurnInName="Khelden Bremen" TurnInId="198" />
                <PickUp QuestName="Join the Battle!" QuestId="28784" GiverName="Khelden Bremen" GiverId="198" />
                <TurnIn QuestName="Join the Battle!" QuestId="28784" TurnInName="Sergeant Willem" TurnInId="823"
                        X="-8827.837" Y="-158.6233" Z="79.85906" />
                <PickUp QuestName="Fear No Evil" QuestId="28808" GiverName="Brother Paxton" GiverId="951" />
                <While Condition="HasQuest(28808) &amp;&amp; !IsQuestCompleted(28808)" >
                    <CustomBehavior File="InteractWith" QuestId="28808" MobId="50047" NumOfTimes="4"
                                    CollectionDistance="500" X="-8769.394" Y="-190.3564" Z="84.5011" />
                </While>
                <TurnIn QuestName="Fear No Evil" QuestId="28808" TurnInName="Brother Paxton" TurnInId="951" />
                <PickUp QuestName="They Sent Assassins" QuestId="28792" GiverName="Sergeant Willem" GiverId="823"
                        X="-8827.837" Y="-158.6233" Z="79.85906" />
                <Objective QuestName="They Sent Assassins" QuestId="28792" Type="KillMob" MobId="50039" KillCount="8" />
                <TurnIn QuestName="They Sent Assassins" QuestId="28792" TurnInName="Sergeant Willem" TurnInId="823"
                        X="-8827.837" Y="-158.6233" Z="79.85906" />
                <PickUp QuestName="The Rear is Clear" QuestId="28818" GiverName="Sergeant Willem" GiverId="823"
                        X="-8827.837" Y="-158.6233" Z="79.85906" />
                <TurnIn QuestName="The Rear is Clear" QuestId="28818" TurnInName="Marshal McBride" TurnInId="197"
                        X="-8913.069" Y="-137.4063" Z="80.8181" />
            </If>

            <If Condition="Me.Class == WoWClass.Monk">
                <PickUp QuestName="Beating Them Back!" QuestId="31139" GiverName="Marshal McBride" GiverId="197"
                        X="-8913.069" Y="-137.4063" Z="80.8181" />
                <Objective QuestName="Beating Them Back!" QuestId="31139" Type="KillMob" MobId="49871" KillCount="6" />
                <TurnIn QuestName="Beating Them Back!" QuestId="31139" TurnInName="Marshal McBride" TurnInId="197"
                        X="-8913.069" Y="-137.4063" Z="80.8181" />
                <PickUp QuestName="Lions for Lambs" QuestId="31140" GiverName="Marshal McBride" GiverId="197"
                        X="-8913.069" Y="-137.4063" Z="80.8181" />
                <Objective QuestName="Lions for Lambs" QuestId="31140" Type="KillMob" MobId="49874" KillCount="8" />
                <TurnIn QuestName="Lions for Lambs" QuestId="31140" TurnInName="Marshal McBride" TurnInId="197"
                        X="-8913.069" Y="-137.4063" Z="80.8181" />
                <PickUp QuestName="Calligraphed Letter" QuestId="31141" GiverName="Marshal McBride" GiverId="197"
                        X="-8913.069" Y="-137.4063" Z="80.8181" />
                <TurnIn QuestName="Calligraphed Letter" QuestId="31141" TurnInName="Bao" TurnInId="63258"
                        X="-8907.551" Y="-212.0174" Z="82.11382" />
                <PickUp QuestName="Palm of the Tiger" QuestId="31142" GiverName="Bao" GiverId="63258"
                        X="-8907.551" Y="-212.0174" Z="82.11382" />
                <While Condition="HasQuest(31142) &amp;&amp; !IsQuestCompleted(31142)">
                    <CustomBehavior File="InteractWith" InteractByCastingSpellId="100780" MobId="44548"
                                    X="-8965.57" Y="-146.288" Z="81.50985" />
                    <CustomBehavior File="InteractWith" InteractByCastingSpellId="100787" MobId="44548"
                                    X="-8965.57" Y="-146.288" Z="81.50985" />
                </While>
                <TurnIn QuestName="Palm of the Tiger" QuestId="31142" TurnInName="Bao" TurnInId="63258"
                        X="-8907.551" Y="-212.0174" Z="82.11382" />
                <PickUp QuestName="Join the Battle!" QuestId="31143" GiverName="Bao" GiverId="63258"
                        X="-8907.551" Y="-212.0174" Z="82.11382" />
                <TurnIn QuestName="Join the Battle!" QuestId="31143" TurnInName="Sergeant Willem" TurnInId="823"
                        X="-8827.837" Y="-158.6233" Z="79.85906" />
                <PickUp QuestName="They Sent Assassins" QuestId="31144" GiverName="Sergeant Willem" GiverId="823"
                        X="-8827.837" Y="-158.6233" Z="79.85906" />
                <Objective QuestName="They Sent Assassins" QuestId="31144" Type="KillMob" MobId="50039" KillCount="8" />
                <TurnIn QuestName="They Sent Assassins" QuestId="31144" TurnInName="Sergeant Willem" TurnInId="823"
                        X="-8827.837" Y="-158.6233" Z="79.85906" />
                <PickUp QuestName="The Rear is Clear" QuestId="31145" GiverName="Sergeant Willem" GiverId="823"
                        X="-8827.837" Y="-158.6233" Z="79.85906" />
                <TurnIn QuestName="The Rear is Clear" QuestId="31145" TurnInName="Marshal McBride" TurnInId="197"
                        X="-8913.069" Y="-137.4063" Z="80.8181" />
            </If>

            <If Condition="Me.Level == 1">
                <CustomBehavior File="UserDialog" AllowBotStop="true" SoundCue="Exclamation" SoundCueInterval="1"
                                Text="Something went horribly wrong, you're still level 1 and didn't do any quests yet! THIS IS NOT A JOKE\n\nPlease contact the devs to fix the issue!" />
            </If>

            <!-- End Class Quests -->
        </If>

        <PickUp QuestName="Blackrock Invasion" QuestId="26389" GiverName="Marshal McBride" GiverId="197"
                X="-8913.069" Y="-137.4063" Z="80.8181" />
        <PickUp QuestName="Extinguishing Hope" QuestId="26391" GiverName="Milly Osworth" GiverId="9296"
                X="-8923.88" Y="-135.8889" Z="81.02888" />
        <CustomBehavior File="InteractWith" QuestId="26391" MobId="42940" InteractByUsingItemId="58362"
                        NumOfTimes="500" CollectionDistance="500" ProactiveCombatStrategy="ClearMobsTargetingUs"
                        Range="10" X="-9063.322" Y="-277.0595" Z="73.64384" />
        <Objective QuestName="Blackrock Invasion" QuestId="26389" Type="CollectItem" ItemId="58361" CollectCount="8" />
        <!-- CJ: Need to disable pulling to return; otherwise, we get stuck with endless repops -->
        <DisableBehavior Name="Pull" />
        <TurnIn QuestName="Extinguishing Hope" QuestId="26391" TurnInName="Milly Osworth" TurnInId="9296"
                X="-8923.88" Y="-135.8889" Z="81.02888" />
        <EnableBehavior Name="Pull" />
        <TurnIn QuestName="Blackrock Invasion" QuestId="26389" TurnInName="Marshal McBride" TurnInId="197"
                X="-8913.069" Y="-137.4063" Z="80.8181" />
        <PickUp QuestName="Ending the Invasion!" QuestId="26390" GiverName="Marshal McBride" GiverId="197"
                X="-8913.069" Y="-137.4063" Z="80.8181" />
        <Objective QuestName="Ending the Invasion!" QuestId="26390" Type="KillMob" MobId="42938" KillCount="1" />
        <TurnIn QuestName="Ending the Invasion!" QuestId="26390" TurnInName="Marshal McBride" TurnInId="197"
                X="-8913.069" Y="-137.4063" Z="80.8181" />

        <If Condition="Me.Race == WoWRace.Human">
            <PickUp QuestName="Report to Goldshire" QuestId="54" GiverName="Marshal McBride" GiverId="197"
                    X="-8913.069" Y="-137.4063" Z="80.8181" />
        </If>
        <PickUp QuestName="Rest and Relaxation" QuestId="37112" GiverName="Falkhaan Isenstrider" GiverId="6774"
                X="-9044.558" Y="-45.98166" Z="88.33724" />
        <If Condition="HasQuest(54) &amp;&amp; IsQuestCompleted(54)" >
            <TurnIn QuestName="Report to Goldshire" QuestId="54" TurnInName="Marshal Dughan" TurnInId="240"
                    X="-9465.521" Y="74.00694" Z="56.59536" />
        </If>
        <TurnIn QuestName="Rest and Relaxation" QuestId="37112" TurnInName="Innkeeper Farley" TurnInId="295"
                X="-9462.663" Y="16.19151" Z="56.96266" />


        <SetGrindArea>
            <GrindArea>
                <Factions>7</Factions>
                <!-- [Humanoids] -->
                <Hotspots>
                    <Hotspot X="-8782.871" Y="-107.3422" Z="83.35699" />
                    <Hotspot X="-8720.972" Y="-88.16251" Z="90.40733" />
                    <Hotspot X="-8724.425" Y="-137.0334" Z="86.89613" />
                    <Hotspot X="-8736.088" Y="-199.7948" Z="87.86673" />
                    <Hotspot X="-8771.962" Y="-259.924" Z="80.28711" />
                    <Hotspot X="-8805.207" Y="-232.5131" Z="82.34293" />
                    <Hotspot X="-8807.99" Y="-198.0297" Z="82.20427" />
                    <Hotspot X="-8774.711" Y="-160.9021" Z="81.87766" />
                    <Hotspot X="-8768.478" Y="-106.164" Z="85.97653" />
                </Hotspots>
            </GrindArea>
        </SetGrindArea>
        <GrindUntil Level="5" />
        <!-- Elwynn Forest -->

        <CustomBehavior File="LoadProfile" ProfileName="[A - Quest] EK 5-12 [Kick]" RememberProfile="true" />

    </QuestOrder>

</HBProfile>
