<HBProfile xsi:noNamespaceSchemaLocation="../../../../Schemas/QuestProfileSchema.xsd" xmlns:xsi="http://www.w3.org/2001/XMLSchema-instance">
  <Name>H EK to K ($Rev: 3485 $)</Name>

    <MinLevel>1</MinLevel>
    <MaxLevel>1001</MaxLevel>

    <MinDurability>0.2</MinDurability>
    <MinFreeBagSlots>2</MinFreeBagSlots>

    <MailGrey>false</MailGrey>
    <MailWhite>false</MailWhite>
    <MailGreen>false</MailGreen>
    <MailBlue>false</MailBlue>
    <MailPurple>false</MailPurple>

    <SellGrey>false</SellGrey>
    <SellWhite>false</SellWhite>
    <SellGreen>false</SellGreen>
    <SellBlue>false</SellBlue>
    <SellPurple>false</SellPurple>

    <TargetElites>false</TargetElites>

    <AvoidMobs>
    </AvoidMobs>
    <Blackspots>
    </Blackspots>
    <Mailboxes>
    </Mailboxes>
    <Vendors>
    </Vendors>
    <QuestOrder>
        <CustomBehavior File="FlyTo" X="2036.99" Y="299.9215" Z="54.13479" />
        <CustomBehavior File="ForcedDismount" />
        <CustomBehavior File="Message" Text="Running to UC Zepp to Org" LogColor="Cornflowerblue" />
        <MoveTo X="2067.232" Y="286.1159" Z="97.03087" />
        <CustomBehavior File="Message" Text="Waiting for Zepp to Org - don't interact!" LogColor="Orange" />
        <CustomBehavior File="UseTransport"
            TransportId="164871"
            WaitAtX="2070.155" WaitAtY="289.2588" WaitAtZ="97.0315"
            TransportStartX="2062.376" TransportStartY="292.998" TransportStartZ="114.973"
            StandOnX="2067.979" StandOnY="295.2747" StandOnZ="97.23677"
            TransportEndX="1833.509" TransportEndY="-4391.543" TransportEndZ="152.7679"
            GetOffX="1840.225" GetOffY="-4390.912" GetOffZ="135.2337"
        />
    </QuestOrder>
</HBProfile>
