<HBProfile xsi:noNamespaceSchemaLocation="../../../../Schemas/QuestProfileSchema.xsd" xmlns:xsi="http://www.w3.org/2001/XMLSchema-instance">
  <Name>H LK to EK ($Rev: 3485 $)</Name>

    <MinLevel>1</MinLevel>
    <MaxLevel>1001</MaxLevel>

    <MinDurability>0.2</MinDurability>
    <MinFreeBagSlots>2</MinFreeBagSlots>

    <MailGrey>false</MailGrey>
    <MailWhite>false</MailWhite>
    <MailGreen>false</MailGreen>
    <MailBlue>false</MailBlue>
    <MailPurple>false</MailPurple>

    <SellGrey>false</SellGrey>
    <SellWhite>false</SellWhite>
    <SellGreen>false</SellGreen>
    <SellBlue>false</SellBlue>
    <SellPurple>false</SellPurple>

    <TargetElites>false</TargetElites>

    <AvoidMobs>
    </AvoidMobs>
    <Blackspots>
    </Blackspots>
    <Mailboxes>
    </Mailboxes>
    <Vendors>
    </Vendors>
    <QuestOrder>
        <CustomBehavior File="FlyTo" X="1950.747" Y="-6125.631" Z="24.99712" />
        <CustomBehavior File="ForcedDismount" />
        <CustomBehavior File="Message" Text="Running to UC Zepp from Howling Fjord" LogColor="Cornflowerblue" />
        <MoveTo X="1975.661" Y="-6097.837" Z="67.15333" />
        <CustomBehavior File="Message" Text="Waiting for Zepp UC - don't interact!" LogColor="Orange" />
        <CustomBehavior File="UseTransport"
            TransportId="181689"
            WaitAtX="1975.661" WaitAtY="-6097.837" WaitAtZ="67.15333"
            TransportStartX="1989.353" TransportStartY="-6082.776" TransportStartZ="85.59646"
            StandOnX="1981.89" StandOnY="-6090.596" StandOnZ="67.73871"
            TransportEndX="2056.493" TransportEndY="381.6347" TransportEndZ="100.362"
            GetOffX="2060.931" GetOffY="361.9963" GetOffZ="82.50146"
        />
    </QuestOrder>
</HBProfile>
