<HBProfile xsi:noNamespaceSchemaLocation="../../../Schemas/QuestProfileSchema.xsd" xmlns:xsi="http://www.w3.org/2001/XMLSchema-instance">
    <Name>SW to Vashj'ir Portal ($Rev: 3521 $)</Name>
    <MinLevel>1</MinLevel>
    <MaxLevel>1001</MaxLevel>

    <QuestOrder>

        <If Condition="Me.ZoneId == 1519">
            <CustomBehavior File="FlyTo" DestName="Vashj'ir Portal in SW" X="-8192.679" Y="446.8246" Z="116.8664" />
            <CustomBehavior File="ForcedDismount" />

            <CustomBehavior File="InteractWith" MobId="207691" Range="5"
                            X="-8192.679" Y="446.8246" Z="116.8664" />
        </If>


    </QuestOrder>
</HBProfile>
