﻿<HBProfile xsi:noNamespaceSchemaLocation="../../../Schemas/QuestProfileSchema.xsd" xmlns:xsi="http://www.w3.org/2001/XMLSchema-instance">
    <Name>[QO] Netherwing Rep A [Kick] ($Rev: 3485 $)</Name>

    <MinLevel>1</MinLevel>
    <MaxLevel>1001</MaxLevel>

    <MinDurability>0.2</MinDurability>
    <MinFreeBagSlots>2</MinFreeBagSlots>

    <MailGrey>false</MailGrey>
    <MailWhite>false</MailWhite>
    <MailGreen>false</MailGreen>
    <MailBlue>true</MailBlue>
    <MailPurple>true</MailPurple>

    <SellGrey>true</SellGrey>
    <SellWhite>true</SellWhite>
    <SellGreen>true</SellGreen>
    <SellBlue>false</SellBlue>
    <SellPurple>false</SellPurple>

    <TargetElites>true</TargetElites>

    <AvoidMobs>
        <Mob Name="Dragonmaw Ascendant" Id="22253" />
        <Mob Name="Nethermine Burster" Id="23285" />
        <Mob Name="Reth'hedron the Subduer" Id="22357" />
    </AvoidMobs>

    <Blackspots>
        <Blackspot X="-5011.99" Y="487.7217" Z="-7.436669" Radius="9.258485" />
        <Blackspot X="-5014.975" Y="366.7375" Z="170.646" Radius="5.355156" />
    </Blackspots>

    <Mailboxes>
    </Mailboxes>

    <Vendors>
        <Vendor Name="Gug" Id="23144" Type="Repair" X="-5119.803" Y="624.7665" Z="86.76022" />
    </Vendors>


    <QuestOrder>


    <CustomBehavior File="UserSettings" KillBetweenHotspots="false" LogoutForInactivity="false" />
        <LootMobs Value="false" />
        <UseMount Value="true" />

<!--
    <CustomBehavior File="UserDialog"  AllowBotStop="true" SoundCue="Asterisk" SoundCueInterval="1" Text="Make sure the Netherwing Plugin is enabled!\n\nIf you want to do a few more quests that the bot can't do atm, go up top and do them" />
-->
        <!-- This profile is for manual egg hunting only.  It will fly around.  If it stops dead in it's tracks, it's found an egg!
             If it's below 10z axis, it's in the mine.  if it's above 160z, it's on top of a rock somewhere.  Even the floating ones!
             If it's anywhere inbetween, land and it should walk to it

             If it's underground, it could be anywhere, even inside of a mine cart!

             Make sure you read the Nav log for the red / yellow text

             If you're savvy enough, you can keep a quest bot profile open with a
            <CustomBehavior File="FlyTo" X="" Y="" Z="" />
             and copy and paste the coords in, and change over if you're having trouble finding an egg

             if the bot has taken over manually, it has probably found another egg, or that egg was looted by someone else

             sometimes navmesh sucks inside of the mine, so you may have to manually take over if the bot decides to turn around randomly

             if the bot half ass generates a path, you may have to go inside of the mine and press stop / start again

             if you stop / start, you may have to recompile the plugin
        -->
        <While Condition="Me.GetReputationLevelWith(1015) &lt; Styx.WoWUnitReaction.Exalted" >
            <!-- you'll have to temporily disable the netherwing plugin if you use this profile to find your mysterious egg -->

            <!-- -->

            <CustomBehavior File="FlyTo" X="" Y="" Z="" />

            <!--
            <CustomBehavior File="FlyTo" X="" Y="" Z="" />
            <MoveTo X="" Y="" Z="" />
            -->

        </While>


        <If Condition="Me.GetReputationLevelWith(1015) == Styx.WoWUnitReaction.Exalted" >
            <CustomBehavior File="UserDialog" Title="title" AllowBotStop="true" SoundCue="Asterisk" SoundCueInterval="1" Text="You have reached Exalted\nDrake Dealer Hurlunk sells the drakes\n\nIf you liked this profile, +rep is always appreciated" />
        </If>



    </QuestOrder>

    <ProtectedItems>
        <Item Name="Time-Lost Offering" Id="32720" />
        <Item Name="Karrog's Spine" Id="32717" />
        <Item Name="Vakkiz's Scale" Id="32718" />
        <Item Name="Akkarai's Talons" Id="32715" />
        <Item Name="Gezzarak's Claws" Id="32716" />
        <Item Name="Time-Lost Scroll" Id="32620" />
        <Item Name="Shadow Dust" Id="32388" />
        <Item Name="Netherdust Pollen" Id="32468" />
        <Item Name="Nethercite Ore" Id="32464" />
        <Item Name="Nethercite Flayer Hide" Id="32470" />
    </ProtectedItems>

</HBProfile>
