<HBProfile xsi:noNamespaceSchemaLocation="../Schemas/QuestProfileSchema.xsd" xmlns:xsi="http://www.w3.org/2001/XMLSchema-instance">
    <Name>BC to EK [Kick] ($Rev: 3521 $)</Name>
    <MinLevel>58</MinLevel>
    <MaxLevel>1001</MaxLevel>

    <MinDurability>0</MinDurability>
    <MinFreeBagSlots>0</MinFreeBagSlots>

    <MailGrey>false</MailGrey>
    <MailWhite>false</MailWhite>
    <MailGreen>true</MailGreen>
    <MailBlue>true</MailBlue>
    <MailPurple>true</MailPurple>

    <SellGrey>true</SellGrey>
    <SellWhite>true</SellWhite>
    <SellGreen>true</SellGreen>
    <SellBlue>false</SellBlue>
    <SellPurple>false</SellPurple>

    <Vendors>
        <Vendor Name="Gunther Weller" Id="1289" Type="Repair" X="-8790.421" Y="607.3484" Z="96.77338" />
    </Vendors>

    <Mailboxes>
        <Mailbox X="-8861.914" Y="638.3568" Z="96.34637" />
    </Mailboxes>

    <Blackspots>
        <Blackspot X="-8862.166" Y="637.9529" Z="96.27942" Radius="3" />
        <Blackspot X="-8825.209" Y="629.1733" Z="94.38562" Radius="15" />
    </Blackspots>

    <QuestOrder>
        <While Condition="Me.MapId == 530">
            <CustomBehavior File="FlyTo" X="-248.064" Y="930.2079" Z="84.37978" DestName="BC Portal" />
            <CustomBehavior File="MyCTM" X="-247.1655" Y="897.484" Z="84.3497" />
            <CustomBehavior File="WaitTimer" WaitTime="5000" />
            <While Condition="Me.MapId == 530">
                <CustomBehavior File="MyCTM" X="-245.7161" Y="896.1308" Z="84.3497" />
                <CustomBehavior File="WaitTimer" WaitTime="5000" />
            </While>
            <CustomBehavior File="WaitTimer" WaitTime="15000" />
        </While>

        <If Condition="Me.MapId == 0">
            <If Condition="!HasQuest(28709) &amp;&amp; !IsQuestCompleted(28709)">
                <If Condition="CanFly()">
                    <CustomBehavior File="FlyTo" X="-8829.578" Y="625.59" Z="94.23041" DestName="SW" />
                    <CustomBehavior File="ForcedDismount" />
                </If>
                <PickUp QuestName="Hero's Call: Northrend!" QuestId="28709" GiverName="Hero's Call Board"
                        GiverId="206111" GiverType="Object" X="-8825.209" Y="629.1733" Z="94.38562" />
            </If>
            <CustomBehavior File="ForceSetVendor" DoSell="true" DoRepair="true" DoMail="true" />

            <CustomBehavior File="UserSettings" UseFlightPaths="false" />

            <If Condition="CanFly()">
                <CustomBehavior File="FlyTo" X="-8290.925" Y="1405.826" Z="4.721312" DestName="SW dock" />
                <CustomBehavior File="ForcedDismount" />
            </If>
        </If>

        <CustomBehavior File="LoadProfile" ProfileName="..\GoTo\EK to LK" />


    </QuestOrder>

</HBProfile>
