<HBProfile>
  <Name></Name>
  <MinDurability>0.4</MinDurability>
  <MinFreeBagSlots>1</MinFreeBagSlots>
  
  <MinLevel>1</MinLevel>
  <MaxLevel>91</MaxLevel>
  <Factions>99999</Factions>
  
  <MailGrey>False</MailGrey>
  <MailWhite>True</MailWhite>
  <MailGreen>True</MailGreen>
  <MailBlue>True</MailBlue>
  <MailPurple>True</MailPurple>
 
  <SellGrey>True</SellGrey>
  <SellWhite>True</SellWhite>
  <SellGreen>False</SellGreen>
  <SellBlue>False</SellBlue>
  <SellPurple>False</SellPurple>

	<Vendors>
    <Vendor Name="Ironshaper Shou" Entry="59827" Type="Repair" X="3042.047" Y="1245.347" Z="654.3097" />
    <Vendor Name="Black Arrow" Entry="61624" Type="Repair" X="3439.694" Y="669.283" Z="609.0527" />
	</Vendors>
	
	<Mailboxes>
    <Mailbox X="3473.558" Y="610.8941" Z="608.1824" />
    <Mailbox X="3106.576" Y="1233.699" Z="654.1262" />
	</Mailboxes>

  <Hotspots>
    <Hotspot X="3452.171" Y="1015.742" Z="689.268" />
    <Hotspot X="3410.71" Y="1029.436" Z="671.2039" />
    <Hotspot X="3348.519" Y="1049.978" Z="630.6969" />
    <Hotspot X="3311.961" Y="1062.053" Z="606.8859" />
    <Hotspot X="3326.147" Y="1106.629" Z="644.4592" />
    <Hotspot X="3341.515" Y="1154.92" Z="697.8002" />
    <Hotspot X="3347.014" Y="1172.2" Z="699.7289" />
    <Hotspot X="3388.461" Y="1145.104" Z="706.6568" />
    <Hotspot X="3412.111" Y="1129.643" Z="710.61" />
    <Hotspot X="3456.948" Y="1147.502" Z="753.5923" />
    <Hotspot X="3501.785" Y="1165.36" Z="765.437" />
    <Hotspot X="3510.469" Y="1168.819" Z="681.946" />
    <Hotspot X="3514.458" Y="1193.545" Z="773.6369" />
    <Hotspot X="3518.448" Y="1218.27" Z="785.5001" />
    <Hotspot X="3520.607" Y="1231.654" Z="791.9218" />
    <Hotspot X="3569.574" Y="1226.647" Z="783.1332" />
    <Hotspot X="3594.051" Y="1224.144" Z="778.7401" />
    <Hotspot X="3613.04" Y="1275.762" Z="779.5618" />
    <Hotspot X="3620.757" Y="1296.741" Z="778.6552" />
    <Hotspot X="3590.993" Y="1327.807" Z="804.1312" />
    <Hotspot X="3561.229" Y="1358.872" Z="830.2903" />
    <Hotspot X="3558.998" Y="1361.201" Z="831.5173" />
    <Hotspot X="3516.325" Y="1351.535" Z="870.0408" />
    <Hotspot X="3478.878" Y="1343.052" Z="876.9531" />
    <Hotspot X="3462.114" Y="1381.028" Z="909.5251" />
    <Hotspot X="3445.349" Y="1419.004" Z="934.0123" />
    <Hotspot X="3438.818" Y="1433.798" Z="943.5515" />
    <Hotspot X="3374.758" Y="1458.104" Z="1015.459" />
    <Hotspot X="3310.697" Y="1482.41" Z="974.0319" />
    <Hotspot X="3265.729" Y="1499.472" Z="904.8199" />
    <Hotspot X="3234.081" Y="1463.868" Z="889.6292" />
    <Hotspot X="3202.433" Y="1428.264" Z="874.5466" />
    <Hotspot X="3201.789" Y="1427.54" Z="874.1295" />
    <Hotspot X="3151.903" Y="1446.994" Z="837.2797" />
    <Hotspot X="3118.338" Y="1460.083" Z="812.4861" />
    <Hotspot X="3142.366" Y="1513.279" Z="836.7543" />
    <Hotspot X="3153.391" Y="1537.687" Z="832.7423" />
    <Hotspot X="3151.275" Y="1586.864" Z="827.9413" />
    <Hotspot X="3149.16" Y="1636.041" Z="816.2474" />
    <Hotspot X="3148.383" Y="1654.091" Z="811.9551" />
    <Hotspot X="3146.465" Y="1701.818" Z="826.7379" />
    <Hotspot X="3145.037" Y="1737.327" Z="837.7367" />
    <Hotspot X="3132.838" Y="1783.318" Z="822.3724" />
    <Hotspot X="3119.419" Y="1833.907" Z="805.4717" />
    <Hotspot X="3113.331" Y="1856.862" Z="797.8032" />
    <Hotspot X="3068.781" Y="1859.745" Z="775.3903" />
    <Hotspot X="3038.925" Y="1861.678" Z="760.1968" />
    <Hotspot X="2995.262" Y="1887.88" Z="698.4962" />
    <Hotspot X="2978.121" Y="1898.167" Z="674.274" />
    <Hotspot X="2998.694" Y="1943.738" Z="674.3401" />
    <Hotspot X="3014.85" Y="1979.525" Z="674.392" />
    <Hotspot X="2964.894" Y="1981.436" Z="673.4991" />
    <Hotspot X="2933.061" Y="1982.654" Z="672.9301" />
    <Hotspot X="2902.4" Y="1937.216" Z="668.4229" />
    <Hotspot X="2880.047" Y="1904.089" Z="665.137" />
    <Hotspot X="2906.047" Y="1867.9" Z="696.4244" />
    <Hotspot X="2932.048" Y="1831.711" Z="720.3798" />
    <Hotspot X="2941.406" Y="1818.686" Z="718.6566" />
    <Hotspot X="2897.613" Y="1803.029" Z="700.2997" />
    <Hotspot X="2869.632" Y="1793.027" Z="688.5715" />
    <Hotspot X="2862.809" Y="1743.719" Z="683.8578" />
    <Hotspot X="2855.985" Y="1694.412" Z="679.1443" />
    <Hotspot X="2851.271" Y="1660.35" Z="675.8881" />
    <Hotspot X="2894.582" Y="1685.311" Z="674.8314" />
    <Hotspot X="2937.893" Y="1710.273" Z="673.8892" />
    <Hotspot X="2941.399" Y="1712.294" Z="673.6892" />
    <Hotspot X="2979" Y="1736.311" Z="710.6865" />
    <Hotspot X="3016.6" Y="1760.327" Z="723.125" />
    <Hotspot X="3031.542" Y="1769.871" Z="727.7982" />
    <Hotspot X="3029.98" Y="1687.923" Z="679.7649" />
    <Hotspot X="3029.872" Y="1682.254" Z="676.4419" />
    <Hotspot X="3044.288" Y="1641.859" Z="710.8722" />
    <Hotspot X="3061.324" Y="1594.12" Z="751.8902" />
    <Hotspot X="3061.586" Y="1593.386" Z="752.1885" />
    <Hotspot X="3030.02" Y="1560.509" Z="733.8784" />
    <Hotspot X="3001.496" Y="1530.802" Z="713.0536" />
    <Hotspot X="2969.555" Y="1602.114" Z="679.5971" />
    <Hotspot X="2964.775" Y="1612.786" Z="674.5903" />
    <Hotspot X="2929.958" Y="1577.06" Z="677.9666" />
    <Hotspot X="2901.346" Y="1547.7" Z="680.7411" />
    <Hotspot X="2886.785" Y="1499.928" Z="678.3347" />
    <Hotspot X="2874.64" Y="1460.083" Z="676.3276" />
    <Hotspot X="2919.967" Y="1446.865" Z="692.7825" />
    <Hotspot X="2965.293" Y="1433.647" Z="710.1252" />
    <Hotspot X="3010.62" Y="1420.429" Z="727.468" />
    <Hotspot X="3024.865" Y="1416.275" Z="730.8635" />
    <Hotspot X="3003.05" Y="1375.87" Z="711.0772" />
    <Hotspot X="2981.235" Y="1335.464" Z="691.2909" />
    <Hotspot X="2961.836" Y="1299.534" Z="673.6963" />
    <Hotspot X="2938.418" Y="1343.59" Z="676.9693" />
    <Hotspot X="2929.722" Y="1359.95" Z="678.1847" />
    <Hotspot X="2879.772" Y="1359.95" Z="675.9487" />
    <Hotspot X="2829.822" Y="1359.95" Z="673.9963" />
    <Hotspot X="2827.903" Y="1359.95" Z="673.6268" />
    <Hotspot X="2790.213" Y="1392.805" Z="675.3628" />
    <Hotspot X="2761.136" Y="1418.152" Z="673.953" />
    <Hotspot X="2734.891" Y="1460.698" Z="677.3582" />
    <Hotspot X="2708.645" Y="1503.244" Z="672.986" />
    <Hotspot X="2704.385" Y="1510.15" Z="671.7536" />
    <Hotspot X="2697.187" Y="1460.676" Z="672.5141" />
    <Hotspot X="2689.99" Y="1411.203" Z="673.9703" />
    <Hotspot X="2689.362" Y="1406.887" Z="673.3409" />
    <Hotspot X="2679.008" Y="1358.065" Z="670.3186" />
    <Hotspot X="2671.125" Y="1320.897" Z="668.0178" />
    <Hotspot X="2712.267" Y="1303.065" Z="733.1121" />
    <Hotspot X="2760.737" Y="1282.057" Z="716.203" />
    <Hotspot X="2774.759" Y="1234.486" Z="720.3597" />
    <Hotspot X="2788.78" Y="1186.915" Z="712.9368" />
    <Hotspot X="2797.459" Y="1157.47" Z="699.5501" />
    <Hotspot X="2800.147" Y="1112.94" Z="681.1327" />
    <Hotspot X="2802.835" Y="1068.411" Z="667.4016" />
    <Hotspot X="2805.523" Y="1023.881" Z="634.9998" />
    <Hotspot X="2806.204" Y="1012.612" Z="626.0931" />
    <Hotspot X="2753.926" Y="1025.864" Z="634.3555" />
    <Hotspot X="2687.693" Y="1042.652" Z="601.6302" />
    <Hotspot X="2675.972" Y="1091.186" Z="608.1567" />
    <Hotspot X="2663.078" Y="1144.572" Z="635.9126" />
    <Hotspot X="2651.357" Y="1193.106" Z="614.1852" />
    <Hotspot X="2649.302" Y="1201.614" Z="610.3762" />
    <Hotspot X="2616.988" Y="1172.334" Z="585.9123" />
    <Hotspot X="2589.212" Y="1147.167" Z="564.8844" />
    <Hotspot X="2547.06" Y="1120.372" Z="564.1949" />
    <Hotspot X="2504.908" Y="1093.577" Z="563.0472" />
    <Hotspot X="2462.755" Y="1066.781" Z="560.5944" />
    <Hotspot X="2420.603" Y="1039.986" Z="558.1417" />
    <Hotspot X="2378.451" Y="1013.191" Z="555.6888" />
    <Hotspot X="2336.298" Y="986.396" Z="553.236" />
    <Hotspot X="2294.146" Y="959.6008" Z="550.7833" />
    <Hotspot X="2251.994" Y="932.8057" Z="548.3304" />
    <Hotspot X="2209.842" Y="906.0106" Z="545.8776" />
    <Hotspot X="2167.689" Y="879.2155" Z="543.4248" />
    <Hotspot X="2125.537" Y="852.4203" Z="540.972" />
    <Hotspot X="2083.385" Y="825.6252" Z="538.5192" />
    <Hotspot X="2041.232" Y="798.8301" Z="536.0664" />
    <Hotspot X="1999.08" Y="772.0349" Z="533.6136" />
    <Hotspot X="1956.928" Y="745.2397" Z="531.1608" />
    <Hotspot X="1914.776" Y="718.4446" Z="528.708" />
    <Hotspot X="1872.623" Y="691.6495" Z="526.2552" />
    <Hotspot X="1833.786" Y="666.962" Z="523.9954" />
    <Hotspot X="1838.08" Y="736.5441" Z="556.4675" />
    <Hotspot X="1841.147" Y="786.2455" Z="560.7032" />
    <Hotspot X="1844.52" Y="840.9171" Z="558.5793" />
    <Hotspot X="1846.426" Y="871.7999" Z="542.5915" />
    <Hotspot X="1835.283" Y="920.5383" Z="551.1531" />
    <Hotspot X="1824.141" Y="969.2768" Z="548.6035" />
    <Hotspot X="1816.38" Y="1003.225" Z="544.3308" />
    <Hotspot X="1799.154" Y="1049.873" Z="539.1166" />
    <Hotspot X="1781.927" Y="1096.521" Z="533.9023" />
    <Hotspot X="1771.313" Y="1125.262" Z="530.6898" />
    <Hotspot X="1778.309" Y="1174.738" Z="528.8956" />
    <Hotspot X="1785.304" Y="1224.214" Z="527.1014" />
    <Hotspot X="1793" Y="1278.637" Z="525.1278" />
    <Hotspot X="1799.995" Y="1328.112" Z="523.3336" />
    <Hotspot X="1806.991" Y="1377.588" Z="521.5395" />
    <Hotspot X="1813.987" Y="1427.064" Z="519.7454" />
    <Hotspot X="1820.983" Y="1476.539" Z="517.9512" />
    <Hotspot X="1827.978" Y="1526.015" Z="516.157" />
    <Hotspot X="1833.08" Y="1562.094" Z="514.8486" />
    <Hotspot X="1845.372" Y="1610.487" Z="533.2444" />
    <Hotspot X="1856.448" Y="1654.091" Z="509.8255" />
    <Hotspot X="1854.75" Y="1704.054" Z="511.8939" />
    <Hotspot X="1853.11" Y="1752.347" Z="508.0129" />
    <Hotspot X="1850.571" Y="1801.853" Z="516.6126" />
    <Hotspot X="1848.031" Y="1851.358" Z="504.2037" />
    <Hotspot X="1846.433" Y="1882.521" Z="490.8148" />
    <Hotspot X="1887.701" Y="1910.493" Z="494.6168" />
    <Hotspot X="1928.97" Y="1938.466" Z="498.4187" />
    <Hotspot X="1970.238" Y="1966.439" Z="502.2207" />
    <Hotspot X="2011.506" Y="1994.411" Z="506.0227" />
    <Hotspot X="2052.775" Y="2022.384" Z="509.8246" />
    <Hotspot X="2094.043" Y="2050.356" Z="513.6266" />
    <Hotspot X="2135.312" Y="2078.329" Z="517.4286" />
    <Hotspot X="2176.58" Y="2106.302" Z="521.2305" />
    <Hotspot X="2217.848" Y="2134.274" Z="525.0325" />
    <Hotspot X="2259.116" Y="2162.247" Z="528.8345" />
    <Hotspot X="2300.385" Y="2190.22" Z="532.6365" />
    <Hotspot X="2315.469" Y="2200.444" Z="534.0261" />
    <Hotspot X="2308.685" Y="2237.75" Z="566.6177" />
    <Hotspot X="2301.222" Y="2278.787" Z="604.7605" />
    <Hotspot X="2300.447" Y="2283.054" Z="606.1957" />
    <Hotspot X="2286.671" Y="2329.167" Z="625.4451" />
    <Hotspot X="2277.078" Y="2361.283" Z="629.1943" />
    <Hotspot X="2320.776" Y="2340.919" Z="655.8547" />
    <Hotspot X="2347.439" Y="2328.494" Z="650.5433" />
    <Hotspot X="2363.777" Y="2365.654" Z="692.1952" />
    <Hotspot X="2380.115" Y="2402.813" Z="709.2642" />
    <Hotspot X="2380.566" Y="2403.84" Z="709.7357" />
    <Hotspot X="2405.792" Y="2362.156" Z="698.504" />
    <Hotspot X="2423.565" Y="2332.785" Z="690.59" />
    <Hotspot X="2460.687" Y="2359.224" Z="717.8929" />
    <Hotspot X="2497.809" Y="2385.664" Z="734.4937" />
    <Hotspot X="2505.754" Y="2391.323" Z="736.123" />
    <Hotspot X="2545.066" Y="2420.802" Z="793.5224" />
    <Hotspot X="2579.197" Y="2446.396" Z="718.8509" />
    <Hotspot X="2534.828" Y="2459.518" Z="799.2097" />
    <Hotspot X="2490.458" Y="2472.639" Z="781.4138" />
    <Hotspot X="2460.687" Y="2481.443" Z="769.4727" />
    <Hotspot X="2425.682" Y="2500.288" Z="792.3061" />
    <Hotspot X="2395.589" Y="2516.49" Z="713.0785" />
    <Hotspot X="2351.701" Y="2503.584" Z="714.9364" />
    <Hotspot X="2310.461" Y="2491.457" Z="673.9344" />
    <Hotspot X="2273.704" Y="2468.591" Z="648.913" />
    <Hotspot X="2237.018" Y="2445.771" Z="623.9402" />
    <Hotspot X="2261.546" Y="2481.835" Z="649.2308" />
    <Hotspot X="2286.074" Y="2517.899" Z="702.0437" />
    <Hotspot X="2310.601" Y="2553.964" Z="707.5081" />
    <Hotspot X="2322.146" Y="2570.937" Z="708.7945" />
    <Hotspot X="2377.634" Y="2591.745" Z="706.2019" />
    <Hotspot X="2422.281" Y="2608.487" Z="691.8533" />
    <Hotspot X="2464.417" Y="2582.912" Z="854.253" />
    <Hotspot X="2506.553" Y="2557.337" Z="759.7009" />
    <Hotspot X="2527.453" Y="2544.652" Z="712.803" />
    <Hotspot X="2561.337" Y="2565.733" Z="935.7401" />
    <Hotspot X="2595.22" Y="2586.814" Z="915.4953" />
    <Hotspot X="2649.434" Y="2620.543" Z="878.0757" />
    <Hotspot X="2679.347" Y="2639.153" Z="847.8461" />
    <Hotspot X="2724.378" Y="2630.515" Z="830.9261" />
    <Hotspot X="2769.41" Y="2621.876" Z="820.1547" />
    <Hotspot X="2814.441" Y="2613.238" Z="790.6264" />
    <Hotspot X="2822.896" Y="2611.616" Z="784.286" />
    <Hotspot X="2779.835" Y="2594.906" Z="754.4271" />
    <Hotspot X="2746.984" Y="2582.157" Z="731.6477" />
    <Hotspot X="2698.228" Y="2462.689" Z="747.4679" />
    <Hotspot X="2697.708" Y="2461.417" Z="747.6364" />
    <Hotspot X="2743.496" Y="2463.205" Z="727.6284" />
    <Hotspot X="2777.828" Y="2464.546" Z="712.6259" />
    <Hotspot X="2777.828" Y="2424.365" Z="675.0696" />
    <Hotspot X="2777.828" Y="2387.836" Z="642.032" />
    <Hotspot X="2777.828" Y="2373.8" Z="627.8079" />
    <Hotspot X="2704.515" Y="2364.321" Z="647.2235" />
    <Hotspot X="2681.016" Y="2361.283" Z="644.5287" />
    <Hotspot X="2653.534" Y="2302.402" Z="701.1591" />
    <Hotspot X="2645.964" Y="2286.183" Z="704.0493" />
    <Hotspot X="2587.715" Y="2297.865" Z="712.4546" />
    <Hotspot X="2574.19" Y="2300.577" Z="714.4063" />
    <Hotspot X="2534.522" Y="2278.533" Z="699.5719" />
    <Hotspot X="2494.854" Y="2256.49" Z="674.0451" />
    <Hotspot X="2480.717" Y="2248.633" Z="664.9471" />
    <Hotspot X="2512.39" Y="2215.597" Z="646.0409" />
    <Hotspot X="2553.565" Y="2172.651" Z="619.0234" />
    <Hotspot X="2572.521" Y="2152.881" Z="606.5859" />
    <Hotspot X="2569.645" Y="2103.106" Z="610.3618" />
    <Hotspot X="2566.77" Y="2053.332" Z="614.1378" />
    <Hotspot X="2563.894" Y="2003.558" Z="617.9138" />
    <Hotspot X="2562.506" Y="1979.525" Z="619.7369" />
    <Hotspot X="2517.647" Y="1985.226" Z="598.4011" />
    <Hotspot X="2464.025" Y="1992.041" Z="572.8969" />
    <Hotspot X="2416.267" Y="1959.485" Z="593.6513" />
    <Hotspot X="2376.469" Y="1932.354" Z="604.5353" />
    <Hotspot X="2372.221" Y="1929.458" Z="603.8477" />
    <Hotspot X="2331.464" Y="1909.811" Z="582.5668" />
    <Hotspot X="2274.405" Y="1882.305" Z="552.7736" />
    <Hotspot X="2233.648" Y="1862.657" Z="531.4927" />
    <Hotspot X="2220.326" Y="1856.236" Z="524.5369" />
    <Hotspot X="2258.531" Y="1825.719" Z="534.9846" />
    <Hotspot X="2296.735" Y="1795.202" Z="545.4454" />
    <Hotspot X="2297.108" Y="1794.904" Z="545.5344" />
    <Hotspot X="2353.01" Y="1792.062" Z="590.3929" />
    <Hotspot X="2395.589" Y="1789.897" Z="583.6017" />
    <Hotspot X="2410.019" Y="1744.089" Z="569.6962" />
    <Hotspot X="2420.626" Y="1710.417" Z="559.4747" />
    <Hotspot X="2392.844" Y="1667.61" Z="579.9878" />
    <Hotspot X="2374.852" Y="1639.888" Z="593.2727" />
    <Hotspot X="2345.203" Y="1592.297" Z="571.9184" />
    <Hotspot X="2318.024" Y="1548.672" Z="552.3784" />
    <Hotspot X="2315.469" Y="1544.571" Z="550.5036" />
    <Hotspot X="2345.166" Y="1504.757" Z="559.6242" />
    <Hotspot X="2370.552" Y="1470.723" Z="561.1573" />
    <Hotspot X="2405.329" Y="1436.101" Z="570.744" />
    <Hotspot X="2440.106" Y="1401.479" Z="582.7306" />
    <Hotspot X="2467.363" Y="1374.344" Z="587.8442" />
    <Hotspot X="2501.932" Y="1414.463" Z="644.176" />
    <Hotspot X="2530.74" Y="1447.894" Z="670.1778" />
    <Hotspot X="2537.468" Y="1455.702" Z="645.0412" />
    <Hotspot X="2540.703" Y="1483.395" Z="719.7704" />
    <Hotspot X="2543.938" Y="1511.088" Z="745.9841" />
    <Hotspot X="2547.172" Y="1538.78" Z="772.1978" />
    <Hotspot X="2547.483" Y="1541.441" Z="773.5443" />
    <Hotspot X="2548.52" Y="1574.492" Z="736.0399" />
    <Hotspot X="2549.557" Y="1607.542" Z="698.5354" />
    <Hotspot X="2550.594" Y="1640.593" Z="661.0309" />
    <Hotspot X="2550.822" Y="1647.833" Z="652.815" />
    <Hotspot X="2616.512" Y="1604.415" Z="697.714" />
    <Hotspot X="2649.295" Y="1582.747" Z="673.992" />
    <Hotspot X="2678.375" Y="1623.409" Z="687.2949" />
    <Hotspot X="2707.457" Y="1664.071" Z="673.6695" />
    <Hotspot X="2711.062" Y="1669.111" Z="671.9804" />
    <Hotspot X="2700.01" Y="1717.864" Z="673.006" />
    <Hotspot X="2689.355" Y="1764.864" Z="673.9949" />
    <Hotspot X="2643.924" Y="1783.547" Z="683.3218" />
    <Hotspot X="2598.493" Y="1802.231" Z="694.8855" />
    <Hotspot X="2585.874" Y="1807.421" Z="695.2396" />
    <Hotspot X="2629.953" Y="1842.54" Z="653.7229" />
    <Hotspot X="2639.287" Y="1849.977" Z="644.9312" />
    <Hotspot X="2624.691" Y="1895.021" Z="628.8667" />
    <Hotspot X="2615.667" Y="1922.867" Z="618.9352" />
    <Hotspot X="2659.39" Y="1946.981" Z="624.4859" />
    <Hotspot X="2684.355" Y="1960.75" Z="623.0502" />
    <Hotspot X="2715.621" Y="1925.581" Z="642.9532" />
    <Hotspot X="2746.888" Y="1890.412" Z="657.9348" />
    <Hotspot X="2751.121" Y="1885.65" Z="659.1336" />
    <Hotspot X="2781.522" Y="1925.151" Z="663.0706" />
    <Hotspot X="2811.922" Y="1964.651" Z="667.0076" />
    <Hotspot X="2845.363" Y="2008.102" Z="671.3384" />
    <Hotspot X="2847.933" Y="2011.442" Z="671.6713" />
    <Hotspot X="2884.701" Y="2038.083" Z="696.1227" />
    <Hotspot X="2921.47" Y="2064.723" Z="735.6926" />
    <Hotspot X="2958.238" Y="2091.363" Z="742.7552" />
    <Hotspot X="2971.451" Y="2100.937" Z="742.0084" />
    <Hotspot X="2933.635" Y="2118.854" Z="717.6542" />
    <Hotspot X="2879.523" Y="2144.493" Z="675.4826" />
    <Hotspot X="2903.577" Y="2186.08" Z="661.6268" />
    <Hotspot X="2918.038" Y="2211.083" Z="653.2963" />
    <Hotspot X="2947.52" Y="2237.017" Z="684.2518" />
    <Hotspot X="2985.846" Y="2270.731" Z="736.5472" />
    <Hotspot X="3004.835" Y="2287.435" Z="744.4316" />
    <Hotspot X="3051.026" Y="2234.01" Z="804.5375" />
    <Hotspot X="3081.821" Y="2198.394" Z="800.8328" />
    <Hotspot X="3103.316" Y="2173.533" Z="798.2469" />
    <Hotspot X="3098.133" Y="2220.82" Z="813.6463" />
    <Hotspot X="3093.301" Y="2264.905" Z="828.0033" />
    <Hotspot X="3129.571" Y="2293.958" Z="852.5979" />
    <Hotspot X="3165.842" Y="2323.011" Z="865.0507" />
    <Hotspot X="3166.744" Y="2323.733" Z="865.3603" />
    <Hotspot X="3155.872" Y="2367.632" Z="857.9218" />
    <Hotspot X="3145.045" Y="2411.35" Z="822.8004" />
    <Hotspot X="3171.139" Y="2449.639" Z="828.7937" />
    <Hotspot X="3205.061" Y="2499.415" Z="819.8575" />
    <Hotspot X="3246.812" Y="2560.678" Z="767.4323" />
    <Hotspot X="3272.906" Y="2598.967" Z="734.6664" />
    <Hotspot X="3280.247" Y="2609.739" Z="725.4484" />
    <Hotspot X="3266.423" Y="2649.06" Z="710.614" />
    <Hotspot X="3251.216" Y="2692.314" Z="674.6136" />
    <Hotspot X="3234.627" Y="2739.499" Z="635.3405" />
    <Hotspot X="3231.841" Y="2747.422" Z="628.7462" />
    <Hotspot X="3278.575" Y="2742.972" Z="646.9776" />
    <Hotspot X="3325.309" Y="2738.522" Z="663.3682" />
    <Hotspot X="3336.999" Y="2737.409" Z="667.4681" />
    <Hotspot X="3374.489" Y="2718.48" Z="694.6006" />
    <Hotspot X="3426.975" Y="2691.979" Z="740.5583" />
    <Hotspot X="3462.187" Y="2674.2" Z="758.0692" />
    <Hotspot X="3417.997" Y="2654.525" Z="745.4141" />
    <Hotspot X="3382.066" Y="2638.527" Z="735.1243" />
    <Hotspot X="3376.691" Y="2592.324" Z="764.473" />
    <Hotspot X="3371.804" Y="2550.321" Z="796.2272" />
    <Hotspot X="3364.473" Y="2487.316" Z="843.8583" />
    <Hotspot X="3359.098" Y="2441.113" Z="861.1757" />
    <Hotspot X="3358.95" Y="2439.845" Z="861.3292" />
    <Hotspot X="3327.427" Y="2401.112" Z="863.7807" />
    <Hotspot X="3310.292" Y="2380.058" Z="865.1132" />
    <Hotspot X="3356.634" Y="2361.544" Z="868.2285" />
    <Hotspot X="3402.975" Y="2343.029" Z="872.3892" />
    <Hotspot X="3412.111" Y="2339.379" Z="871.958" />
    <Hotspot X="3440.904" Y="2379.152" Z="862.5186" />
    <Hotspot X="3469.697" Y="2418.925" Z="853.0791" />
    <Hotspot X="3475.54" Y="2426.996" Z="851.1635" />
    <Hotspot X="3499.04" Y="2382.94" Z="848.5466" />
    <Hotspot X="3510.592" Y="2361.283" Z="847.2603" />
    <Hotspot X="3561.561" Y="2377.799" Z="845.6997" />
    <Hotspot X="3607.896" Y="2392.813" Z="842.6778" />
    <Hotspot X="3645.787" Y="2405.092" Z="814.2952" />
    <Hotspot X="3654.05" Y="2364.217" Z="845.0437" />
    <Hotspot X="3662.313" Y="2323.343" Z="870.0395" />
    <Hotspot X="3662.487" Y="2322.481" Z="870.049" />
    <Hotspot X="3707.197" Y="2300.13" Z="871.7643" />
    <Hotspot X="3722.576" Y="2292.441" Z="868.4509" />
    <Hotspot X="3778.906" Y="2292.441" Z="836.0168" />
    <Hotspot X="3822.237" Y="2292.441" Z="811.0675" />
    <Hotspot X="3824.396" Y="2292.441" Z="809.8242" />
    <Hotspot X="3800.053" Y="2256.905" Z="835.2135" />
    <Hotspot X="3756.237" Y="2192.939" Z="882.6115" />
    <Hotspot X="3745.945" Y="2177.914" Z="891.6494" />
    <Hotspot X="3745.212" Y="2129.302" Z="903.3274" />
    <Hotspot X="3744.48" Y="2080.691" Z="919.2689" />
    <Hotspot X="3744.276" Y="2067.142" Z="918.2604" />
    <Hotspot X="3740.187" Y="2018.595" Z="929.5072" />
    <Hotspot X="3734.871" Y="1955.484" Z="945.4702" />
    <Hotspot X="3734.261" Y="1948.233" Z="945.8079" />
    <Hotspot X="3690" Y="1968.568" Z="957.098" />
    <Hotspot X="3636.887" Y="1992.97" Z="975.4667" />
    <Hotspot X="3615.75" Y="2002.681" Z="976.0376" />
    <Hotspot X="3594.621" Y="2046.643" Z="1010.979" />
    <Hotspot X="3582.366" Y="2072.142" Z="1031.246" />
    <Hotspot X="3597.384" Y="2117.624" Z="1045.593" />
    <Hotspot X="3604.066" Y="2137.861" Z="1051.977" />
    <Hotspot X="3557.636" Y="2155.554" Z="1058.529" />
    <Hotspot X="3511.207" Y="2173.248" Z="1063.313" />
    <Hotspot X="3502.247" Y="2176.662" Z="1064.237" />
    <Hotspot X="3470.887" Y="2158.646" Z="1098.762" />
    <Hotspot X="3430.12" Y="2135.226" Z="1143.649" />
    <Hotspot X="3398.761" Y="2117.21" Z="1178.176" />
    <Hotspot X="3398.758" Y="2117.208" Z="1178.175" />
    <Hotspot X="3346.813" Y="2098.36" Z="1113.588" />
    <Hotspot X="3297.923" Y="2080.621" Z="1052.801" />
    <Hotspot X="3295.27" Y="2079.658" Z="1049.502" />
    <Hotspot X="3287.59" Y="2030.261" Z="1050.929" />
    <Hotspot X="3276.069" Y="1956.167" Z="1059.202" />
    <Hotspot X="3273.571" Y="1940.097" Z="1046.677" />
    <Hotspot X="3350.956" Y="1916.173" Z="1105.868" />
    <Hotspot X="3368.713" Y="1910.683" Z="1107.709" />
    <Hotspot X="3332.273" Y="1869.441" Z="1056.755" />
    <Hotspot X="3295.834" Y="1828.199" Z="1006.938" />
    <Hotspot X="3280.24" Y="1810.55" Z="983.9974" />
    <Hotspot X="3263.354" Y="1785.554" Z="959.5213" />
    <Hotspot X="3227.893" Y="1733.064" Z="861.9926" />
    <Hotspot X="3223.751" Y="1726.934" Z="850.6024" />
    <Hotspot X="3270.864" Y="1711.472" Z="885.7607" />
    <Hotspot X="3317.977" Y="1696.011" Z="888.1268" />
    <Hotspot X="3365.09" Y="1680.549" Z="874.8837" />
    <Hotspot X="3377.059" Y="1676.621" Z="871.5192" />
    <Hotspot X="3333.687" Y="1631.589" Z="889.2938" />
    <Hotspot X="3311.961" Y="1609.031" Z="898.1973" />
    <Hotspot X="3351.057" Y="1582.722" Z="934.371" />
    <Hotspot X="3377.059" Y="1565.223" Z="926.0286" />
    <Hotspot X="3426.65" Y="1561.566" Z="938.5305" />
    <Hotspot X="3476.241" Y="1557.908" Z="936.8577" />
    <Hotspot X="3478.878" Y="1557.713" Z="936.7687" />
    <Hotspot X="3481.122" Y="1614.363" Z="924.1957" />
    <Hotspot X="3482.848" Y="1657.94" Z="887.7362" />
    <Hotspot X="3483.885" Y="1684.132" Z="865.8228" />
    <Hotspot X="3518.991" Y="1650.87" Z="887.386" />
    <Hotspot X="3561.118" Y="1610.956" Z="896.8986" />
    <Hotspot X="3572.751" Y="1599.934" Z="897.9703" />
    <Hotspot X="3576.345" Y="1553.005" Z="881.759" />
    <Hotspot X="3579.938" Y="1506.075" Z="864.6096" />
    <Hotspot X="3583.892" Y="1454.453" Z="845.7454" />
    <Hotspot X="3584.036" Y="1452.573" Z="844.9873" />
    <Hotspot X="3617.838" Y="1488.409" Z="853.5435" />
    <Hotspot X="3632.441" Y="1503.892" Z="857.2401" />
    <Hotspot X="3672.71" Y="1559.599" Z="874.2681" />
    <Hotspot X="3680.847" Y="1570.856" Z="873.1486" />
    <Hotspot X="3731.854" Y="1521.596" Z="826.2784" />
    <Hotspot X="3735.93" Y="1517.66" Z="822.5332" />
    <Hotspot X="3706.077" Y="1477.925" Z="817.0662" />
    <Hotspot X="3676.224" Y="1438.189" Z="812.9224" />
    <Hotspot X="3669.163" Y="1428.791" Z="810.3062" />
    <Hotspot X="3696.933" Y="1389.062" Z="822.5703" />
    <Hotspot X="3724.703" Y="1349.332" Z="838.2026" />
    <Hotspot X="3732.592" Y="1338.046" Z="838.3184" />
    <Hotspot X="3771.006" Y="1368.161" Z="854.5671" />
    <Hotspot X="3809.42" Y="1398.276" Z="878.1869" />
    <Hotspot X="3824.396" Y="1410.017" Z="864.2169" />
    <Hotspot X="3817.542" Y="1360.962" Z="871.046" />
    <Hotspot X="3810.689" Y="1311.906" Z="877.875" />
    <Hotspot X="3806.035" Y="1278.591" Z="882.5129" />
    <Hotspot X="3832.301" Y="1263.887" Z="894.4811" />
    <Hotspot X="3858.568" Y="1249.183" Z="902.6241" />
    <Hotspot X="3966.26" Y="1188.897" Z="713.7987" />
    <Hotspot X="3992.527" Y="1174.193" Z="667.744" />
    <Hotspot X="4189.526" Y="1063.912" Z="322.3313" />
    <Hotspot X="4244.685" Y="1033.034" Z="225.6164" />
    <Hotspot X="4270.952" Y="1018.33" Z="179.5613" />
    <Hotspot X="4286.755" Y="1009.483" Z="151.8524" />
    <Hotspot X="4332.429" Y="1029.819" Z="151.2612" />
    <Hotspot X="4378.103" Y="1050.155" Z="150.6699" />
    <Hotspot X="4393.582" Y="1057.047" Z="150.4695" />
    <Hotspot X="4427.684" Y="1027.571" Z="128.83" />
    <Hotspot X="4461.785" Y="998.0961" Z="107.1906" />
    <Hotspot X="4492.055" Y="971.9334" Z="87.98293" />
    <Hotspot X="4552.452" Y="966.7871" Z="66.06488" />
    <Hotspot X="4565.506" Y="965.6747" Z="59.44283" />
    <Hotspot X="4613.742" Y="976.5262" Z="51.99337" />
    <Hotspot X="4661.979" Y="987.3777" Z="44.54392" />
    <Hotspot X="4682.348" Y="991.96" Z="41.39819" />
    <Hotspot X="4703.927" Y="936.0596" Z="47.04464" />
    <Hotspot X="4719.069" Y="896.8333" Z="46.63943" />
    <Hotspot X="4671.667" Y="883.6683" Z="55.57053" />
    <Hotspot X="4624.266" Y="870.5034" Z="64.50163" />
    <Hotspot X="4583.867" Y="859.2833" Z="72.11339" />
    <Hotspot X="4536.41" Y="857.7493" Z="87.78046" />
    <Hotspot X="4488.952" Y="856.2154" Z="104.6878" />
    <Hotspot X="4487.055" Y="856.1541" Z="104.074" />
    <Hotspot X="4494.474" Y="802.256" Z="106.1517" />
    <Hotspot X="4500.408" Y="759.1498" Z="89.56983" />
    <Hotspot X="4534.395" Y="723.5447" Z="80.78447" />
    <Hotspot X="4557.16" Y="699.6959" Z="74.8999" />
    <Hotspot X="4599.448" Y="674.1364" Z="67.25555" />
    <Hotspot X="4650.193" Y="643.465" Z="58.9753" />
    <Hotspot X="4668.987" Y="632.1058" Z="54.68506" />
    <Hotspot X="4659.127" Y="584.0251" Z="67.32594" />
    <Hotspot X="4653.972" Y="558.8831" Z="69.21546" />
    <Hotspot X="4599.655" Y="557.7536" Z="75.9926" />
    <Hotspot X="4547.544" Y="556.67" Z="52.42131" />
    <Hotspot X="4560.224" Y="508.305" Z="70.13693" />
    <Hotspot X="4574.171" Y="455.1035" Z="64.82918" />
    <Hotspot X="4589.387" Y="397.0656" Z="59.03889" />
    <Hotspot X="4602.066" Y="348.7006" Z="54.21365" />
    <Hotspot X="4603.896" Y="341.7191" Z="53.51713" />
    <Hotspot X="4554.651" Y="350.3099" Z="54.56668" />
    <Hotspot X="4490.632" Y="361.478" Z="55.93111" />
    <Hotspot X="4441.387" Y="370.0688" Z="56.98066" />
    <Hotspot X="4387.217" Y="379.5187" Z="58.13517" />
    <Hotspot X="4363.537" Y="383.6498" Z="58.63988" />
    <Hotspot X="4392.59" Y="424.3396" Z="58.12938" />
    <Hotspot X="4421.643" Y="465.0294" Z="57.61888" />
    <Hotspot X="4432.935" Y="480.8444" Z="57.42046" />
    <Hotspot X="4400.633" Y="536.082" Z="80.08147" />
    <Hotspot X="4375.786" Y="578.5724" Z="101.4383" />
    <Hotspot X="4343.484" Y="633.8101" Z="114.4224" />
    <Hotspot X="4318.636" Y="676.3005" Z="106.3778" />
    <Hotspot X="4306.785" Y="696.5665" Z="102.0169" />
    <Hotspot X="4337.937" Y="734.995" Z="109.2859" />
    <Hotspot X="4374.965" Y="780.6735" Z="117.9264" />
    <Hotspot X="4342.84" Y="816.9601" Z="132.8185" />
    <Hotspot X="4310.714" Y="853.2468" Z="145.8437" />
    <Hotspot X="4278.589" Y="889.5334" Z="158.869" />
    <Hotspot X="4243.251" Y="929.4487" Z="173.1968" />
    <Hotspot X="4233.342" Y="940.6414" Z="172.1404" />
    <Hotspot X="4200.74" Y="951.5435" Z="208.4485" />
    <Hotspot X="4168.139" Y="962.4456" Z="258.9339" />
    <Hotspot X="4018.171" Y="1012.595" Z="491.1671" />
    <Hotspot X="3985.57" Y="1023.497" Z="534.6517" />
    <Hotspot X="3936.667" Y="1039.851" Z="599.8786" />
    <Hotspot X="3894.285" Y="1054.023" Z="656.4087" />
    <Hotspot X="3789.96" Y="1088.91" Z="795.5596" />
    <Hotspot X="3757.358" Y="1099.812" Z="817.8291" />
    <Hotspot X="3724.757" Y="1110.714" Z="840.0987" />
    <Hotspot X="3662.814" Y="1131.428" Z="882.4109" />
    <Hotspot X="3630.212" Y="1142.331" Z="866.8499" />
    <Hotspot X="3615.75" Y="1147.167" Z="859.947" />
  </Hotspots>
</HBProfile>
