<HBProfile>
  <Name></Name>
  <MinDurability>0.4</MinDurability>
  <MinFreeBagSlots>1</MinFreeBagSlots>
  
  <MinLevel>1</MinLevel>
 <MaxLevel>91</MaxLevel>
  <Factions>99999</Factions>
  
  <MailGrey>False</MailGrey>
  <MailWhite>True</MailWhite>
  <MailGreen>True</MailGreen>
  <MailBlue>True</MailBlue>
  <MailPurple>True</MailPurple>
 
  <SellGrey>True</SellGrey>
  <SellWhite>True</SellWhite>
  <SellGreen>False</SellGreen>
  <SellBlue>False</SellBlue>
  <SellPurple>False</SellPurple>

	<Vendors>

	</Vendors>
	
	<Mailboxes>

	</Mailboxes>

  <Hotspots>
    <Hotspot X="5027.949" Y="4712.469" Z="-19.95615" />
    <Hotspot X="5040.656" Y="4758.716" Z="-34.09006" />
    <Hotspot X="5053.363" Y="4804.962" Z="-48.22395" />
    <Hotspot X="5057.1" Y="4818.563" Z="-52.38069" />
    <Hotspot X="5099.756" Y="4844.558" Z="-48.84526" />
    <Hotspot X="5142.414" Y="4870.552" Z="-55.84869" />
    <Hotspot X="5150.033" Y="4875.195" Z="-57.09967" />
    <Hotspot X="5190.975" Y="4846.5" Z="-56.47919" />
    <Hotspot X="5231.916" Y="4817.804" Z="-55.85869" />
    <Hotspot X="5247.613" Y="4806.802" Z="-55.62079" />
    <Hotspot X="5289.648" Y="4820.113" Z="-54.84946" />
    <Hotspot X="5340.09" Y="4836.086" Z="-102.7871" />
    <Hotspot X="5352.163" Y="4839.909" Z="-114.2604" />
    <Hotspot X="5372.176" Y="4794.152" Z="-116.6679" />
    <Hotspot X="5388.175" Y="4757.576" Z="-118.5923" />
    <Hotspot X="5439.014" Y="4726.992" Z="-109.6454" />
    <Hotspot X="5466.566" Y="4710.418" Z="-104.7967" />
    <Hotspot X="5494.63" Y="4751.266" Z="-111.4167" />
    <Hotspot X="5522.694" Y="4792.115" Z="-118.0367" />
    <Hotspot X="5533.383" Y="4807.673" Z="-120.5581" />
    <Hotspot X="5524.271" Y="4856.792" Z="-117.5278" />
    <Hotspot X="5515.159" Y="4905.912" Z="-116.2369" />
    <Hotspot X="5514.796" Y="4907.867" Z="-116.3648" />
    <Hotspot X="5464.808" Y="4907.638" Z="-115.3356" />
    <Hotspot X="5419.54" Y="4907.431" Z="-114.4035" />
    <Hotspot X="5369.914" Y="4937.63" Z="-50.73117" />
    <Hotspot X="5328.559" Y="4962.795" Z="-51.9706" />
    <Hotspot X="5287.205" Y="4987.961" Z="-53.21002" />
    <Hotspot X="5245.85" Y="5013.127" Z="-54.44945" />
    <Hotspot X="5225.542" Y="5025.485" Z="-55.72369" />
    <Hotspot X="5178.231" Y="5009.31" Z="-53.02861" />
    <Hotspot X="5130.921" Y="4993.133" Z="-53.25711" />
    <Hotspot X="5107.051" Y="4984.972" Z="-55.02722" />
    <Hotspot X="5071.237" Y="5017.363" Z="-42.0607" />
    <Hotspot X="5047.806" Y="5038.554" Z="-33.57776" />
    <Hotspot X="5078.766" Y="5098.925" Z="-50.80981" />
    <Hotspot X="5082.656" Y="5106.512" Z="-52.97548" />
    <Hotspot X="5092.131" Y="5152.142" Z="-27.33091" />
    <Hotspot X="5103.501" Y="5206.897" Z="-11.8996" />
    <Hotspot X="5104.728" Y="5212.804" Z="-10.77917" />
    <Hotspot X="5141.725" Y="5184.502" Z="-28.95187" />
    <Hotspot X="5178.721" Y="5156.2" Z="-47.1245" />
    <Hotspot X="5191.853" Y="5146.153" Z="-53.57516" />
    <Hotspot X="5194.705" Y="5192.407" Z="-26.32861" />
    <Hotspot X="5196.5" Y="5221.517" Z="-22.98597" />
    <Hotspot X="5269.48" Y="5247.173" Z="-43.08637" />
    <Hotspot X="5270.846" Y="5247.654" Z="-43.75356" />
    <Hotspot X="5298.436" Y="5206.128" Z="-47.54939" />
    <Hotspot X="5326.025" Y="5164.602" Z="-51.34521" />
    <Hotspot X="5353.615" Y="5123.076" Z="-55.14105" />
    <Hotspot X="5355.648" Y="5120.016" Z="-55.42078" />
    <Hotspot X="5409.345" Y="5146.779" Z="-38.1098" />
    <Hotspot X="5447.419" Y="5165.756" Z="-54.45891" />
    <Hotspot X="5431.065" Y="5212.996" Z="-53.14424" />
    <Hotspot X="5414.711" Y="5260.235" Z="-52.34676" />
    <Hotspot X="5404.438" Y="5289.91" Z="-51.84578" />
    <Hotspot X="5453.852" Y="5282.301" Z="-51.91656" />
    <Hotspot X="5503.265" Y="5274.693" Z="-52.77486" />
    <Hotspot X="5552.679" Y="5267.084" Z="-53.63315" />
    <Hotspot X="5579.85" Y="5262.901" Z="-54.10509" />
    <Hotspot X="5577.797" Y="5312.771" Z="-51.14629" />
    <Hotspot X="5575.745" Y="5362.641" Z="-48.18748" />
    <Hotspot X="5574.042" Y="5404.043" Z="-45.73109" />
    <Hotspot X="5556.035" Y="5448.608" Z="-22.86957" />
    <Hotspot X="5539.191" Y="5490.297" Z="-19.0714" />
    <Hotspot X="5583.845" Y="5468.551" Z="-13.31415" />
    <Hotspot X="5628.499" Y="5446.805" Z="-7.556892" />
    <Hotspot X="5667.919" Y="5427.608" Z="-2.474472" />
    <Hotspot X="5678.234" Y="5511.733" Z="7.60675" />
    <Hotspot X="5684.302" Y="5561.219" Z="8.521149" />
    <Hotspot X="5685.915" Y="5574.373" Z="8.764198" />
    <Hotspot X="5737.277" Y="5589.008" Z="31.56207" />
    <Hotspot X="5771.524" Y="5598.768" Z="30.6698" />
    <Hotspot X="5734.663" Y="5629.731" Z="17.16163" />
    <Hotspot X="5698.92" Y="5659.755" Z="4.063515" />
    <Hotspot X="5649.162" Y="5656.343" Z="0.5336685" />
    <Hotspot X="5599.404" Y="5652.931" Z="-2.996155" />
    <Hotspot X="5597.274" Y="5652.785" Z="-3.147217" />
    <Hotspot X="5556.456" Y="5625.232" Z="-9.974823" />
    <Hotspot X="5515.637" Y="5597.68" Z="-20.2154" />
    <Hotspot X="5510.149" Y="5593.976" Z="-21.59207" />
    <Hotspot X="5499.009" Y="5642.716" Z="-21.24039" />
    <Hotspot X="5489.24" Y="5685.457" Z="-22.62974" />
    <Hotspot X="5512.571" Y="5728.292" Z="-0.2778778" />
    <Hotspot X="5535.903" Y="5771.128" Z="2.535645" />
    <Hotspot X="5545" Y="5787.829" Z="3.632607" />
    <Hotspot X="5585.438" Y="5816.527" Z="10.42982" />
    <Hotspot X="5625.876" Y="5845.226" Z="17.70611" />
    <Hotspot X="5653.035" Y="5864.499" Z="20.76616" />
    <Hotspot X="5692.947" Y="5834.565" Z="17.47913" />
    <Hotspot X="5732.859" Y="5804.631" Z="18.47489" />
    <Hotspot X="5755.261" Y="5787.829" Z="12.28266" />
    <Hotspot X="5789.217" Y="5751.198" Z="14.55113" />
    <Hotspot X="5823.174" Y="5714.567" Z="16.8196" />
    <Hotspot X="5840.063" Y="5696.348" Z="17.9479" />
    <Hotspot X="5881.197" Y="5668.104" Z="18.02546" />
    <Hotspot X="5922.331" Y="5639.861" Z="11.53906" />
    <Hotspot X="5922.541" Y="5639.716" Z="11.50587" />
    <Hotspot X="5933.373" Y="5590.976" Z="8.843315" />
    <Hotspot X="5942.871" Y="5548.235" Z="6.508469" />
    <Hotspot X="5915.896" Y="5506.378" Z="2.002258" />
    <Hotspot X="5888.921" Y="5464.521" Z="20.29013" />
    <Hotspot X="5859.249" Y="5418.477" Z="-6.618149" />
    <Hotspot X="5858.649" Y="5417.548" Z="-7.560844" />
    <Hotspot X="5908.54" Y="5417.788" Z="-10.86622" />
    <Hotspot X="5949.26" Y="5417.983" Z="-13.56407" />
    <Hotspot X="5998.344" Y="5427.305" Z="-10.16304" />
    <Hotspot X="6047.429" Y="5436.626" Z="-6.853142" />
    <Hotspot X="6106.33" Y="5447.812" Z="-16.73978" />
    <Hotspot X="6130.479" Y="5452.398" Z="-20.79338" />
    <Hotspot X="6136.099" Y="5402.729" Z="-21.99393" />
    <Hotspot X="6138.611" Y="5380.52" Z="-22.53077" />
    <Hotspot X="6188.236" Y="5386.638" Z="-22.53077" />
    <Hotspot X="6223.413" Y="5390.975" Z="-22.53077" />
    <Hotspot X="6204.389" Y="5344.735" Z="-22.53077" />
    <Hotspot X="6185.365" Y="5298.496" Z="-22.57545" />
    <Hotspot X="6166.34" Y="5252.256" Z="-22.62013" />
    <Hotspot X="6160.683" Y="5238.506" Z="-22.63342" />
    <Hotspot X="6110.838" Y="5242.422" Z="-22.22315" />
    <Hotspot X="6060.994" Y="5246.338" Z="-16.03201" />
    <Hotspot X="6011.149" Y="5250.255" Z="-17.61916" />
    <Hotspot X="5961.304" Y="5254.171" Z="-19.20629" />
    <Hotspot X="5916.733" Y="5257.673" Z="-20.62552" />
    <Hotspot X="5876.396" Y="5229.234" Z="106.5724" />
    <Hotspot X="5836.059" Y="5200.794" Z="8.233009" />
    <Hotspot X="5816.021" Y="5186.667" Z="-40.61898" />
    <Hotspot X="5774.979" Y="5215.223" Z="-40.84146" />
    <Hotspot X="5733.937" Y="5243.78" Z="-41.06395" />
    <Hotspot X="5719.603" Y="5253.753" Z="-41.14165" />
    <Hotspot X="5698.529" Y="5208.678" Z="-46.05392" />
    <Hotspot X="5677.456" Y="5163.603" Z="-50.9662" />
    <Hotspot X="5669.298" Y="5146.153" Z="-52.86781" />
    <Hotspot X="5619.738" Y="5139.637" Z="-51.71211" />
    <Hotspot X="5579.85" Y="5134.392" Z="-50.78195" />
    <Hotspot X="5541.797" Y="5101.96" Z="-51.2372" />
    <Hotspot X="5503.744" Y="5069.529" Z="-51.69244" />
    <Hotspot X="5477.623" Y="5047.267" Z="-52.00494" />
    <Hotspot X="5527.193" Y="5040.812" Z="-53.06265" />
    <Hotspot X="5561.263" Y="5036.376" Z="-53.78963" />
    <Hotspot X="5589.112" Y="4994.87" Z="-52.48608" />
    <Hotspot X="5616.961" Y="4953.364" Z="-51.18256" />
    <Hotspot X="5644.81" Y="4911.858" Z="-49.87901" />
    <Hotspot X="5651.873" Y="4901.332" Z="-49.54842" />
    <Hotspot X="5700.828" Y="4911.445" Z="-50.61922" />
    <Hotspot X="5749.783" Y="4921.557" Z="-51.69" />
    <Hotspot X="5788.95" Y="4929.648" Z="-52.54671" />
    <Hotspot X="5828.186" Y="4960.499" Z="-55.50432" />
    <Hotspot X="5860.973" Y="4986.279" Z="-57.97581" />
    <Hotspot X="5858.059" Y="4936.442" Z="-54.29921" />
    <Hotspot X="5855.165" Y="4886.957" Z="-52.40161" />
    <Hotspot X="5826.103" Y="4846.449" Z="-56.2162" />
    <Hotspot X="5797.042" Y="4805.941" Z="-60.03078" />
    <Hotspot X="5793.596" Y="4801.138" Z="-60.48306" />
    <Hotspot X="5746.874" Y="4818.346" Z="-54.68225" />
    <Hotspot X="5728.543" Y="4825.098" Z="-54.12123" />
    <Hotspot X="5730.718" Y="4775.145" Z="-54.2197" />
    <Hotspot X="5732.893" Y="4725.192" Z="-53.95055" />
    <Hotspot X="5733.189" Y="4718.37" Z="-54.33162" />
    <Hotspot X="5684.996" Y="4705.819" Z="9.506302" />
    <Hotspot X="5649.55" Y="4696.588" Z="-46.59538" />
    <Hotspot X="5602.14" Y="4680.867" Z="-48.85236" />
    <Hotspot X="5554.729" Y="4665.145" Z="-51.10934" />
    <Hotspot X="5508.988" Y="4649.977" Z="-53.2869" />
    <Hotspot X="5504.514" Y="4600.409" Z="-54.44473" />
    <Hotspot X="5500.04" Y="4550.842" Z="-61.20932" />
    <Hotspot X="5496.209" Y="4508.398" Z="-67.00166" />
    <Hotspot X="5446.738" Y="4509.79" Z="-57.99997" />
    <Hotspot X="5397.266" Y="4511.182" Z="-50.94495" />
    <Hotspot X="5356.81" Y="4512.319" Z="-46.95781" />
    <Hotspot X="5331.703" Y="4436.622" Z="-29.77187" />
    <Hotspot X="5327.768" Y="4424.758" Z="-39.68011" />
    <Hotspot X="5369.722" Y="4398.747" Z="-47.63211" />
    <Hotspot X="5411.677" Y="4372.735" Z="-55.58411" />
    <Hotspot X="5414.893" Y="4370.741" Z="-56.19376" />
    <Hotspot X="5377.556" Y="4337.868" Z="-59.74577" />
    <Hotspot X="5340.218" Y="4304.995" Z="-66.05891" />
    <Hotspot X="5334.738" Y="4300.169" Z="-66.98557" />
    <Hotspot X="5336.931" Y="4227.527" Z="-16.04837" />
    <Hotspot X="5338.223" Y="4184.729" Z="-13.84354" />
    <Hotspot X="5306.172" Y="4146.843" Z="-7.729912" />
    <Hotspot X="5274.121" Y="4108.957" Z="-0.6598511" />
    <Hotspot X="5242.07" Y="4071.071" Z="6.410141" />
    <Hotspot X="5231.35" Y="4058.398" Z="6.542282" />
    <Hotspot X="5241.974" Y="4009.703" Z="11.71275" />
    <Hotspot X="5252.26" Y="3962.56" Z="14.39798" />
    <Hotspot X="5214.551" Y="3936.511" Z="35.19796" />
    <Hotspot X="5176.842" Y="3910.462" Z="54.66024" />
    <Hotspot X="5163.973" Y="3901.573" Z="61.19251" />
    <Hotspot X="5167.25" Y="3851.797" Z="69.9663" />
    <Hotspot X="5170.528" Y="3802.021" Z="68.61211" />
    <Hotspot X="5170.943" Y="3795.716" Z="68.44058" />
    <Hotspot X="5214.421" Y="3815.689" Z="55.48554" />
    <Hotspot X="5257.9" Y="3835.662" Z="39.87198" />
    <Hotspot X="5263.876" Y="3838.407" Z="37.41365" />
    <Hotspot X="5268.553" Y="3792.368" Z="56.34797" />
    <Hotspot X="5273.23" Y="3746.328" Z="75.28229" />
    <Hotspot X="5277.816" Y="3701.185" Z="93.848" />
    <Hotspot X="5330.349" Y="3655.384" Z="102.0034" />
    <Hotspot X="5416.652" Y="3580.138" Z="84.74709" />
    <Hotspot X="5454.175" Y="3547.423" Z="77.24438" />
    <Hotspot X="5463.683" Y="3539.133" Z="70.76426" />
    <Hotspot X="5512.726" Y="3530.244" Z="74.74509" />
    <Hotspot X="5561.768" Y="3521.355" Z="78.72592" />
    <Hotspot X="5603.083" Y="3513.867" Z="82.07956" />
    <Hotspot X="5653.001" Y="3513.693" Z="84.92703" />
    <Hotspot X="5702.92" Y="3513.52" Z="87.77451" />
    <Hotspot X="5728.543" Y="3513.431" Z="89.23609" />
    <Hotspot X="5761.189" Y="3551.159" Z="85.94737" />
    <Hotspot X="5793.835" Y="3588.888" Z="82.65866" />
    <Hotspot X="5826.48" Y="3626.616" Z="79.36996" />
    <Hotspot X="5856.326" Y="3661.108" Z="76.36334" />
    <Hotspot X="5806.929" Y="3663.494" Z="69.00077" />
    <Hotspot X="5757.531" Y="3665.879" Z="64.36793" />
    <Hotspot X="5708.134" Y="3668.265" Z="54.5332" />
    <Hotspot X="5702.986" Y="3668.513" Z="53.50837" />
    <Hotspot X="5673.222" Y="3672.821" Z="55.41637" />
    <Hotspot X="5643.458" Y="3677.129" Z="54.45173" />
    <Hotspot X="5613.694" Y="3681.437" Z="53.48708" />
    <Hotspot X="5583.93" Y="3685.745" Z="52.52242" />
    <Hotspot X="5570.556" Y="3687.681" Z="-124.2162" />
    <Hotspot X="5601.271" Y="3705.653" Z="-36.37921" />
    <Hotspot X="5631.987" Y="3723.626" Z="82.80991" />
    <Hotspot X="5662.702" Y="3741.598" Z="60.63287" />
    <Hotspot X="5693.418" Y="3759.571" Z="38.45557" />
    <Hotspot X="5705.31" Y="3766.529" Z="29.86958" />
    <Hotspot X="5705.31" Y="3815.368" Z="19.15914" />
    <Hotspot X="5705.31" Y="3864.208" Z="15.50348" />
    <Hotspot X="5705.31" Y="3895.474" Z="1.592033" />
    <Hotspot X="5655.916" Y="3894.686" Z="-1.587959" />
    <Hotspot X="5606.521" Y="3893.897" Z="-13.05804" />
    <Hotspot X="5596.113" Y="3893.731" Z="-15.4751" />
    <Hotspot X="5552.659" Y="3871.575" Z="9.897064" />
    <Hotspot X="5509.205" Y="3849.42" Z="14.55159" />
    <Hotspot X="5465.75" Y="3827.264" Z="18.23384" />
    <Hotspot X="5463.683" Y="3826.21" Z="18.02743" />
    <Hotspot X="5422.172" Y="3853.897" Z="15.40495" />
    <Hotspot X="5380.662" Y="3881.585" Z="13.36169" />
    <Hotspot X="5339.151" Y="3909.273" Z="11.31842" />
    <Hotspot X="5321.959" Y="3920.74" Z="7.098778" />
    <Hotspot X="5357.822" Y="3954.721" Z="14.79189" />
    <Hotspot X="5393.684" Y="3988.702" Z="22.48502" />
    <Hotspot X="5433.132" Y="4026.082" Z="30.94741" />
    <Hotspot X="5452.066" Y="4044.022" Z="35.00907" />
    <Hotspot X="5469.616" Y="4146.629" Z="-0.5407028" />
    <Hotspot X="5477.594" Y="4193.269" Z="-16.69968" />
    <Hotspot X="5477.623" Y="4193.441" Z="-16.75946" />
    <Hotspot X="5509.091" Y="4231.337" Z="-19.71146" />
    <Hotspot X="5540.559" Y="4269.233" Z="-23.62495" />
    <Hotspot X="5581.468" Y="4318.498" Z="-44.61342" />
    <Hotspot X="5582.526" Y="4319.773" Z="-45.36874" />
    <Hotspot X="5626.525" Y="4342.912" Z="-50.72644" />
    <Hotspot X="5670.523" Y="4366.051" Z="-56.08412" />
    <Hotspot X="5690.208" Y="4376.404" Z="-58.48112" />
    <Hotspot X="5668.756" Y="4421.562" Z="-57.72266" />
    <Hotspot X="5647.305" Y="4466.72" Z="-56.96419" />
    <Hotspot X="5639.095" Y="4484.003" Z="-56.6739" />
    <Hotspot X="5688.308" Y="4475.36" Z="-54.83069" />
    <Hotspot X="5730.866" Y="4467.885" Z="-53.23669" />
    <Hotspot X="5780.711" Y="4471.624" Z="-52.00827" />
    <Hotspot X="5829.608" Y="4475.291" Z="-50.80321" />
    <Hotspot X="5855.471" Y="4436.265" Z="-22.33035" />
    <Hotspot X="5878.398" Y="4401.67" Z="-17.69332" />
    <Hotspot X="5928" Y="4396.255" Z="-9.153595" />
    <Hotspot X="5970.169" Y="4391.651" Z="-11.75354" />
    <Hotspot X="6020.052" Y="4390.295" Z="-7.152832" />
    <Hotspot X="6050.325" Y="4389.473" Z="-6.708611" />
    <Hotspot X="6035.999" Y="4341.612" Z="-4.681389" />
    <Hotspot X="6021.673" Y="4293.751" Z="0.9701004" />
    <Hotspot X="6007.348" Y="4245.89" Z="4.598228" />
    <Hotspot X="5993.022" Y="4198.029" Z="8.226357" />
    <Hotspot X="5978.696" Y="4150.168" Z="5.204369" />
    <Hotspot X="5973.655" Y="4133.325" Z="4.140907" />
    <Hotspot X="5927.734" Y="4147.718" Z="-0.8714828" />
    <Hotspot X="5895.823" Y="4157.72" Z="-18.85614" />
    <Hotspot X="5831.757" Y="4147.262" Z="-15.51054" />
    <Hotspot X="5782.476" Y="4139.218" Z="-11.67758" />
    <Hotspot X="5733.194" Y="4131.173" Z="-7.844597" />
    <Hotspot X="5698.339" Y="4125.484" Z="-8.543304" />
    <Hotspot X="5686.477" Y="4076.921" Z="0.3649216" />
    <Hotspot X="5674.614" Y="4028.359" Z="-4.522385" />
    <Hotspot X="5670.459" Y="4011.35" Z="-6.234116" />
    <Hotspot X="5720.214" Y="4013.398" Z="-1.727852" />
    <Hotspot X="5769.968" Y="4015.446" Z="2.778412" />
    <Hotspot X="5819.723" Y="4017.494" Z="7.284668" />
    <Hotspot X="5860.973" Y="4019.192" Z="11.02073" />
    <Hotspot X="5909.66" Y="4007.971" Z="9.106682" />
    <Hotspot X="5958.347" Y="3996.75" Z="7.192642" />
    <Hotspot X="5972.493" Y="3993.49" Z="6.636536" />
    <Hotspot X="6015.634" Y="4016.909" Z="31.38694" />
    <Hotspot X="6058.776" Y="4040.329" Z="35.10054" />
    <Hotspot X="6094.468" Y="4059.705" Z="33.50533" />
    <Hotspot X="6138.329" Y="4078.043" Z="49.54596" />
    <Hotspot X="6182.189" Y="4096.381" Z="65.33701" />
    <Hotspot X="6195.533" Y="4101.96" Z="69.19745" />
    <Hotspot X="6242.958" Y="4110.853" Z="82.30519" />
    <Hotspot X="6290.382" Y="4119.745" Z="95.41293" />
    <Hotspot X="6337.807" Y="4128.637" Z="108.5207" />
    <Hotspot X="6385.232" Y="4137.529" Z="121.6284" />
    <Hotspot X="6418.573" Y="4143.78" Z="130.8434" />
    <Hotspot X="6380.523" Y="4158.982" Z="102.1887" />
    <Hotspot X="6338.667" Y="4175.705" Z="70.66859" />
    <Hotspot X="6300.618" Y="4190.907" Z="42.01394" />
    <Hotspot X="6294.274" Y="4193.441" Z="37.23693" />
    <Hotspot X="6269.223" Y="4236.682" Z="36.83149" />
    <Hotspot X="6244.17" Y="4279.922" Z="37.95061" />
    <Hotspot X="6219.119" Y="4323.163" Z="39.06974" />
    <Hotspot X="6209.473" Y="4339.812" Z="31.72195" />
    <Hotspot X="6258.97" Y="4346.139" Z="37.09995" />
    <Hotspot X="6308.466" Y="4352.467" Z="38.26525" />
    <Hotspot X="6311.7" Y="4352.88" Z="38.27654" />
    <Hotspot X="6334.913" Y="4396.566" Z="31.01715" />
    <Hotspot X="6358.126" Y="4440.252" Z="23.7578" />
    <Hotspot X="6374.43" Y="4470.935" Z="18.65918" />
    <Hotspot X="6403.24" Y="4430.244" Z="27.58957" />
    <Hotspot X="6432.051" Y="4389.554" Z="30.84066" />
    <Hotspot X="6460.862" Y="4348.863" Z="30.41899" />
    <Hotspot X="6463.878" Y="4344.604" Z="30.37485" />
    <Hotspot X="6508.553" Y="4360.354" Z="46.37691" />
    <Hotspot X="6553.229" Y="4376.104" Z="63.32171" />
    <Hotspot X="6597.903" Y="4391.854" Z="80.26635" />
    <Hotspot X="6642.579" Y="4407.604" Z="97.21115" />
    <Hotspot X="6657.876" Y="4412.997" Z="99.8624" />
    <Hotspot X="6649.68" Y="4461.787" Z="101.9729" />
    <Hotspot X="6641.485" Y="4510.576" Z="87.36192" />
    <Hotspot X="6639.29" Y="4523.645" Z="83.44817" />
    <Hotspot X="6646.034" Y="4573.144" Z="85.53168" />
    <Hotspot X="6652.778" Y="4622.644" Z="87.61519" />
    <Hotspot X="6655.553" Y="4643.006" Z="88.47229" />
    <Hotspot X="6656.125" Y="4692.739" Z="83.34383" />
    <Hotspot X="6656.698" Y="4742.472" Z="78.21539" />
    <Hotspot X="6657.271" Y="4792.206" Z="73.08691" />
    <Hotspot X="6657.844" Y="4841.938" Z="67.95845" />
    <Hotspot X="6657.876" Y="4844.701" Z="67.67359" />
    <Hotspot X="6665.571" Y="4893.998" Z="68.77901" />
    <Hotspot X="6671.816" Y="4934.004" Z="61.79071" />
    <Hotspot X="6656.659" Y="4981.225" Z="59.47994" />
    <Hotspot X="6641.613" Y="5028.099" Z="49.12395" />
    <Hotspot X="6656.906" Y="5075.698" Z="104.2357" />
    <Hotspot X="6672.198" Y="5123.296" Z="78.25835" />
    <Hotspot X="6687.491" Y="5170.895" Z="52.28091" />
    <Hotspot X="6688.08" Y="5172.727" Z="51.28134" />
    <Hotspot X="6644.047" Y="5205.54" Z="48.21116" />
    <Hotspot X="6604.017" Y="5235.37" Z="50.74659" />
    <Hotspot X="6597.47" Y="5240.249" Z="44.96357" />
    <Hotspot X="6563.409" Y="5198.51" Z="33.88477" />
    <Hotspot X="6532.445" Y="5160.565" Z="23.81314" />
    <Hotspot X="6532.416" Y="5160.529" Z="23.80366" />
    <Hotspot X="6529.362" Y="5110.624" Z="27.88831" />
    <Hotspot X="6526.309" Y="5060.717" Z="26.40625" />
    <Hotspot X="6523.255" Y="5010.812" Z="24.92421" />
    <Hotspot X="6520.202" Y="4960.905" Z="23.44215" />
    <Hotspot X="6518.476" Y="4932.697" Z="22.60446" />
    <Hotspot X="6481.37" Y="4899.59" Z="21.77054" />
    <Hotspot X="6444.265" Y="4866.482" Z="14.26117" />
    <Hotspot X="6417.411" Y="4842.523" Z="8.435966" />
    <Hotspot X="6368.087" Y="4850.613" Z="7.117966" />
    <Hotspot X="6318.764" Y="4858.704" Z="5.799973" />
    <Hotspot X="6290.313" Y="4863.371" Z="5.039711" />
    <Hotspot X="6312.595" Y="4818.636" Z="8.329376" />
    <Hotspot X="6334.877" Y="4773.901" Z="3.162048" />
    <Hotspot X="6342.12" Y="4759.359" Z="1.482307" />
    <Hotspot X="6297.631" Y="4675.54" Z="3.78067" />
    <Hotspot X="6286.143" Y="4653.897" Z="-4.145813" />
    <Hotspot X="6238.239" Y="4639.574" Z="-4.19088" />
    <Hotspot X="6190.334" Y="4625.251" Z="-4.467651" />
    <Hotspot X="6172.915" Y="4620.042" Z="-4.568298" />
    <Hotspot X="6127.585" Y="4599.947" Z="-11.003" />
    <Hotspot X="6097.953" Y="4586.811" Z="-15.2094" />
    <Hotspot X="6049.581" Y="4574.522" Z="-7.99807" />
    <Hotspot X="6001.208" Y="4562.234" Z="-7.076294" />
    <Hotspot X="5989.918" Y="4559.366" Z="-8.481789" />
    <Hotspot X="5951.547" Y="4588.145" Z="-21.01054" />
    <Hotspot X="5913.175" Y="4616.923" Z="-35.8641" />
    <Hotspot X="5874.804" Y="4645.702" Z="-50.71756" />
    <Hotspot X="5867.943" Y="4650.848" Z="-53.37344" />
    <Hotspot X="5905.75" Y="4682.534" Z="-45.21751" />
    <Hotspot X="5943.559" Y="4714.221" Z="-23.21969" />
    <Hotspot X="5981.366" Y="4745.908" Z="-18.18916" />
    <Hotspot X="6019.174" Y="4777.595" Z="-15.13519" />
    <Hotspot X="6056.982" Y="4809.281" Z="-12.08126" />
    <Hotspot X="6060.78" Y="4812.464" Z="-11.77448" />
    <Hotspot X="6126.335" Y="4881.221" Z="-6.459793" />
    <Hotspot X="6135.126" Y="4890.441" Z="-11.92774" />
    <Hotspot X="6153.462" Y="4936.95" Z="76.89714" />
    <Hotspot X="6173.633" Y="4988.108" Z="36.22623" />
    <Hotspot X="6191.97" Y="5034.617" Z="-0.7476501" />
    <Hotspot X="6199.018" Y="5052.494" Z="-14.96007" />
    <Hotspot X="6206.923" Y="5101.853" Z="-15.72292" />
    <Hotspot X="6221.153" Y="5190.699" Z="-14.15906" />
    <Hotspot X="6222.251" Y="5197.557" Z="-18.18099" />
    <Hotspot X="6266.945" Y="5175.21" Z="-1.050453" />
    <Hotspot X="6309.376" Y="5153.995" Z="-14.76941" />
    <Hotspot X="6341.85" Y="5190.395" Z="4.103752" />
    <Hotspot X="6374.323" Y="5226.795" Z="16.11127" />
    <Hotspot X="6406.797" Y="5263.196" Z="20.17232" />
    <Hotspot X="6416.25" Y="5273.792" Z="21.35444" />
    <Hotspot X="6407.389" Y="5322.264" Z="32.96985" />
    <Hotspot X="6398.528" Y="5370.735" Z="39.71946" />
    <Hotspot X="6396.501" Y="5381.827" Z="40.26022" />
    <Hotspot X="6363.014" Y="5431.499" Z="43.61848" />
    <Hotspot X="6344.226" Y="5459.368" Z="45.50264" />
    <Hotspot X="6296.556" Y="5472.967" Z="38.97175" />
    <Hotspot X="6249.55" Y="5486.376" Z="32.53181" />
    <Hotspot X="6230.019" Y="5531.501" Z="41.605" />
    <Hotspot X="6210.488" Y="5576.625" Z="50.67818" />
    <Hotspot X="6199.018" Y="5603.124" Z="56.00633" />
    <Hotspot X="6154.185" Y="5594.148" Z="76.24063" />
    <Hotspot X="6109.352" Y="5585.172" Z="98.10054" />
    <Hotspot X="6064.519" Y="5576.196" Z="119.9604" />
    <Hotspot X="6061.941" Y="5575.68" Z="117.8725" />
    <Hotspot X="6056.523" Y="5621.141" Z="97.77452" />
    <Hotspot X="6051.105" Y="5666.602" Z="77.67652" />
    <Hotspot X="6045.687" Y="5712.063" Z="57.57857" />
    <Hotspot X="6043.354" Y="5731.633" Z="48.92667" />
    <Hotspot X="6010.316" Y="5768.896" Z="53.39688" />
    <Hotspot X="5977.278" Y="5806.158" Z="64.46268" />
    <Hotspot X="5944.24" Y="5843.421" Z="70.22912" />
    <Hotspot X="5921.4" Y="5869.181" Z="65.42761" />
    <Hotspot X="5881.707" Y="5898.313" Z="56.72683" />
    <Hotspot X="5845.871" Y="5924.615" Z="48.87162" />
    <Hotspot X="5802.359" Y="5949.185" Z="47.75817" />
    <Hotspot X="5758.847" Y="5973.754" Z="45.52889" />
    <Hotspot X="5744.806" Y="5981.682" Z="44.80952" />
    <Hotspot X="5696.832" Y="5995.767" Z="44.46366" />
    <Hotspot X="5666.167" Y="6004.77" Z="44.24258" />
    <Hotspot X="5617.737" Y="6015.017" Z="51.28323" />
    <Hotspot X="5569.395" Y="6025.245" Z="58.31116" />
    <Hotspot X="5551.702" Y="5980.754" Z="43.90413" />
    <Hotspot X="5534.01" Y="5936.263" Z="30.38558" />
    <Hotspot X="5529.898" Y="5925.922" Z="26.14849" />
    <Hotspot X="5495.147" Y="5960.902" Z="37.89917" />
    <Hotspot X="5460.396" Y="5995.881" Z="43.95107" />
    <Hotspot X="5441.611" Y="6014.79" Z="47.22242" />
    <Hotspot X="5392.031" Y="6020.849" Z="51.42354" />
    <Hotspot X="5342.451" Y="6026.909" Z="57.47906" />
    <Hotspot X="5292.87" Y="6032.969" Z="54.7797" />
    <Hotspot X="5284.786" Y="6033.957" Z="54.33957" />
    <Hotspot X="5235.527" Y="6028.256" Z="47.93364" />
    <Hotspot X="5190.691" Y="6023.066" Z="42.10297" />
    <Hotspot X="5141.249" Y="6021.608" Z="49.40538" />
    <Hotspot X="5091.807" Y="6020.15" Z="56.70779" />
    <Hotspot X="5087.303" Y="6020.017" Z="57.373" />
    <Hotspot X="5037.836" Y="6024.397" Z="51.55309" />
    <Hotspot X="5003.663" Y="6027.423" Z="47.53252" />
    <Hotspot X="5018.333" Y="5981.441" Z="34.48892" />
    <Hotspot X="5033.004" Y="5935.459" Z="122.2807" />
    <Hotspot X="5041.189" Y="5909.804" Z="14.13723" />
    <Hotspot X="4994.135" Y="5921.233" Z="26.59675" />
    <Hotspot X="4947.08" Y="5932.662" Z="39.05629" />
    <Hotspot X="4900.025" Y="5944.091" Z="51.51581" />
    <Hotspot X="4865.425" Y="5952.495" Z="60.67765" />
    <Hotspot X="4828.37" Y="5919.287" Z="57.30131" />
    <Hotspot X="4796.886" Y="5891.072" Z="51.58714" />
    <Hotspot X="4817.225" Y="5841.324" Z="39.90372" />
    <Hotspot X="4835.714" Y="5796.099" Z="29.61384" />
    <Hotspot X="4848" Y="5766.048" Z="22.22486" />
    <Hotspot X="4829.19" Y="5719.808" Z="25.95053" />
    <Hotspot X="4816.635" Y="5688.942" Z="26.95275" />
    <Hotspot X="4865.926" Y="5689.47" Z="19.69893" />
    <Hotspot X="4915.217" Y="5689.998" Z="12.4838" />
    <Hotspot X="4964.508" Y="5690.526" Z="2.357262" />
    <Hotspot X="4979.268" Y="5690.685" Z="-0.6751404" />
    <Hotspot X="5007.5" Y="5731.905" Z="109.162" />
    <Hotspot X="5033.866" Y="5770.404" Z="3.109291" />
    <Hotspot X="5056.168" Y="5726.278" Z="-4.343452" />
    <Hotspot X="5078.47" Y="5682.152" Z="-11.79619" />
    <Hotspot X="5094.854" Y="5649.736" Z="-17.27127" />
    <Hotspot X="5138.79" Y="5625.874" Z="-15.86916" />
    <Hotspot X="5187.119" Y="5599.626" Z="-9.04866" />
    <Hotspot X="5231.054" Y="5575.765" Z="-14.97805" />
    <Hotspot X="5263.295" Y="5558.254" Z="-19.32919" />
    <Hotspot X="5308.39" Y="5579.633" Z="-15.55746" />
    <Hotspot X="5353.483" Y="5601.012" Z="-9.84417" />
    <Hotspot X="5375.396" Y="5611.401" Z="-11.67746" />
    <Hotspot X="5403.667" Y="5570.395" Z="-16.0715" />
    <Hotspot X="5431.938" Y="5529.39" Z="-20.0476" />
    <Hotspot X="5436.965" Y="5522.098" Z="-21.24691" />
    <Hotspot X="5404.851" Y="5477.459" Z="-10.47845" />
    <Hotspot X="5369.817" Y="5428.763" Z="-19.16285" />
    <Hotspot X="5349.839" Y="5400.994" Z="-24.11515" />
    <Hotspot X="5300.726" Y="5395.239" Z="-16.7159" />
    <Hotspot X="5251.613" Y="5389.483" Z="-9.316643" />
    <Hotspot X="5238.319" Y="5387.925" Z="-7.313927" />
    <Hotspot X="5206.199" Y="5425.854" Z="3.678688" />
    <Hotspot X="5192.206" Y="5442.378" Z="0.5097733" />
    <Hotspot X="5143.626" Y="5453.583" Z="-2.662209" />
    <Hotspot X="5095.046" Y="5464.787" Z="-6.962547" />
    <Hotspot X="5082.656" Y="5467.645" Z="-8.059288" />
    <Hotspot X="5014.211" Y="5417.366" Z="-6.471832" />
    <Hotspot X="4997.854" Y="5405.35" Z="-12.42152" />
    <Hotspot X="4954.85" Y="5428.5" Z="-1.713364" />
    <Hotspot X="4911.845" Y="5451.65" Z="8.994789" />
    <Hotspot X="4868.84" Y="5474.8" Z="19.70294" />
    <Hotspot X="4853.808" Y="5482.892" Z="23.44583" />
    <Hotspot X="4842.334" Y="5435.788" Z="14.90362" />
    <Hotspot X="4831.736" Y="5392.281" Z="-0.08314514" />
    <Hotspot X="4785.134" Y="5394.491" Z="30.17217" />
    <Hotspot X="4733.872" Y="5396.921" Z="38.39942" />
    <Hotspot X="4730.671" Y="5397.073" Z="38.91303" />
    <Hotspot X="4762.898" Y="5362" Z="29.74735" />
    <Hotspot X="4801.571" Y="5319.913" Z="8.366119" />
    <Hotspot X="4833.798" Y="5284.84" Z="-9.451454" />
    <Hotspot X="4837.545" Y="5280.762" Z="-11.52317" />
    <Hotspot X="4768.765" Y="5274.509" Z="27.57577" />
    <Hotspot X="4722.912" Y="5270.34" Z="37.29667" />
    <Hotspot X="4722.54" Y="5270.307" Z="37.37555" />
    <Hotspot X="4726.233" Y="5220.45" Z="36.52837" />
    <Hotspot X="4728.348" Y="5191.894" Z="36.04313" />
    <Hotspot X="4739.715" Y="5143.708" Z="29.04847" />
    <Hotspot X="4746.126" Y="5116.531" Z="25.10336" />
    <Hotspot X="4793.701" Y="5113.893" Z="10.77325" />
    <Hotspot X="4841.275" Y="5111.256" Z="-3.435226" />
    <Hotspot X="4856.131" Y="5110.432" Z="-9.942482" />
    <Hotspot X="4818.03" Y="5079.823" Z="4.420296" />
    <Hotspot X="4779.928" Y="5049.214" Z="14.87421" />
    <Hotspot X="4741.827" Y="5018.604" Z="23.00243" />
    <Hotspot X="4728.701" Y="5008.06" Z="25.34925" />
    <Hotspot X="4726.763" Y="4958.108" Z="26.38437" />
    <Hotspot X="4724.863" Y="4909.173" Z="27.39842" />
    <Hotspot X="4725.882" Y="4834.248" Z="24.22511" />
    <Hotspot X="4726.024" Y="4823.791" Z="23.78225" />
    <Hotspot X="4733.574" Y="4774.422" Z="21.39522" />
    <Hotspot X="4742.634" Y="4715.179" Z="18.53078" />
    <Hotspot X="4744.611" Y="4702.251" Z="17.90571" />
    <Hotspot X="4748.792" Y="4652.537" Z="21.47061" />
    <Hotspot X="4752.743" Y="4605.543" Z="24.34276" />
    <Hotspot X="4746.283" Y="4555.975" Z="27.06439" />
    <Hotspot X="4739.177" Y="4501.45" Z="29.94929" />
    <Hotspot X="4737.641" Y="4489.667" Z="26.99926" />
    <Hotspot X="4739.19" Y="4439.845" Z="30.92021" />
    <Hotspot X="4741.05" Y="4380.058" Z="38.73039" />
    <Hotspot X="4742.288" Y="4340.247" Z="38.75845" />
    <Hotspot X="4790.275" Y="4327.394" Z="33.09667" />
    <Hotspot X="4823.604" Y="4318.466" Z="29.16422" />
    <Hotspot X="4834.885" Y="4366.857" Z="23.59017" />
    <Hotspot X="4846.165" Y="4415.248" Z="18.01612" />
    <Hotspot X="4852.646" Y="4443.055" Z="14.81312" />
    <Hotspot X="4845.861" Y="4492.589" Z="15.38658" />
    <Hotspot X="4839.075" Y="4542.123" Z="15.96004" />
    <Hotspot X="4835.221" Y="4570.257" Z="16.28576" />
    <Hotspot X="4860.909" Y="4612.802" Z="11.90494" />
    <Hotspot X="4896.872" Y="4672.366" Z="7.362213" />
    <Hotspot X="4904.921" Y="4685.698" Z="1.410744" />
    <Hotspot X="4924.669" Y="4498.379" Z="10.56869" />
    <Hotspot X="4923.699" Y="4448.492" Z="13.789" />
    <Hotspot X="4922.729" Y="4398.605" Z="18.06097" />
    <Hotspot X="4921.759" Y="4348.719" Z="22.33293" />
    <Hotspot X="4921.568" Y="4338.904" Z="20.86319" />
    <Hotspot X="4901.171" Y="4293.763" Z="27.66226" />
    <Hotspot X="4880.774" Y="4248.621" Z="36.13886" />
    <Hotspot X="4873.556" Y="4232.647" Z="36.86726" />
    <Hotspot X="4866.938" Y="4184.875" Z="50.06048" />
    <Hotspot X="4864.263" Y="4165.562" Z="55.39449" />
    <Hotspot X="4879.083" Y="4118.069" Z="65.86024" />
    <Hotspot X="4893.904" Y="4070.576" Z="75.79239" />
    <Hotspot X="4902.598" Y="4042.715" Z="68.2741" />
    <Hotspot X="4942.155" Y="4012.154" Z="69.41221" />
    <Hotspot X="4981.711" Y="3981.593" Z="70.55032" />
    <Hotspot X="4999.016" Y="3968.223" Z="71.04821" />
    <Hotspot X="5043.831" Y="3982.228" Z="53.85679" />
    <Hotspot X="5075.686" Y="3992.183" Z="41.63654" />
    <Hotspot X="5059.361" Y="4031.013" Z="68.5754" />
    <Hotspot X="5043.036" Y="4069.844" Z="95.51426" />
    <Hotspot X="5035.028" Y="4088.891" Z="108.7289" />
    <Hotspot X="5032.977" Y="4122.469" Z="71.73834" />
    <Hotspot X="5030.926" Y="4156.047" Z="34.74793" />
    <Hotspot X="5029.573" Y="4178.195" Z="10.34976" />
    <Hotspot X="5078.591" Y="4184.918" Z="3.141113" />
    <Hotspot X="5127.61" Y="4191.641" Z="71.25992" />
    <Hotspot X="5140.74" Y="4193.441" Z="-5.998352" />
    <Hotspot X="5171.586" Y="4203.467" Z="72.20615" />
    <Hotspot X="5202.432" Y="4213.492" Z="89.25095" />
    <Hotspot X="5230.542" Y="4222.628" Z="104.7835" />
    <Hotspot X="5217.691" Y="4258.259" Z="72.1444" />
    <Hotspot X="5204.84" Y="4293.89" Z="39.50542" />
    <Hotspot X="5191.989" Y="4329.521" Z="6.866173" />
    <Hotspot X="5183.721" Y="4352.445" Z="-14.13344" />
    <Hotspot X="5134.618" Y="4345.079" Z="-8.247032" />
    <Hotspot X="5096.596" Y="4339.376" Z="-3.688988" />
    <Hotspot X="5060.75" Y="4373.668" Z="2.560577" />
    <Hotspot X="5039.675" Y="4393.829" Z="6.234772" />
    <Hotspot X="5047.888" Y="4442.46" Z="-1.986946" />
    <Hotspot X="5056.101" Y="4491.09" Z="-10.20861" />
    <Hotspot X="5061.747" Y="4524.517" Z="-15.85982" />
    <Hotspot X="5096.964" Y="4618.352" Z="-47.15936" />
    <Hotspot X="5105.89" Y="4642.135" Z="-55.09242" />
  </Hotspots>
</HBProfile>
