<HBProfile xsi:noNamespaceSchemaLocation="../../Schemas/QuestProfileSchema.xsd" xmlns:xsi="http://www.w3.org/2001/XMLSchema-instance">
    <!-- Originally contributed by Kickazz006 -->
    <Name>Auto Loader ($Rev: 3162 $)</Name>

    <QuestOrder>
        <CustomBehavior File="UserDialog" AllowBotStop="false" SoundCue="Exclamation" SoundCueInterval="15"
                        ExpiryTime="10" ExpiryAction="InputEnabled_Continue"
                        Text="This is the Auto Loader for Questing Profile Pack which will load the proper profile for the toon you are currently logged in right now.\n\nYou can always browse other profiles by clicking Load Profile button" />

        <If Condition="Me.Class == WoWClass.DeathKnight">
            <CustomBehavior File="LoadProfile" ProfileName="Classic\DK Start Zone" RememberProfile="true" />
        </If>

        <If Condition="Me.IsHorde">
            <CustomBehavior File="LoadProfile" ProfileName="Classic\[H - Quest] 1-58 [Kick]\[H - Quest] 1-12 Auto-Loader [Kick]" RememberProfile="true" />
        </If>

        <If Condition="Me.IsAlliance">
            <CustomBehavior File="LoadProfile" ProfileName="Classic\[A - Quest] 1-58 [Kick]\[A - Quest] 1-12 Auto-Loader [Kick]" RememberProfile="true" />
        </If>

    </QuestOrder>
</HBProfile>
