<?xml version="1.0" encoding="utf-8"?>
<!--
    Original contribution by Chinajade
    PROFILE EXPECTATIONS:
        * When using this profile, be certain to set the HonorBuddy bot to (select only one):
            ( ) Gatherbuddy2
            ( ) Grinding / Mixed
            (*) Questing
            ( ) PvP
        * This profile is appropriate for (check all that apply):
            [X] Alliance   [X] Achievement
            [X] Horde      [ ] Farming
            [ ] Leveling
            [ ] PvP
            [X] Questing
            [ ] Reputation
            [X] Seasonal
-->
<HBProfile xsi:noNamespaceSchemaLocation="../../Schemas/QuestProfileSchema.xsd" xmlns:xsi="http://www.w3.org/2001/XMLSchema-instance">

   <Name>[A+H] Candy Buckets - Outlands</Name>

   <MinLevel>60</MinLevel>
   <MaxLevel>1001</MaxLevel>

   <MinDurability>0.1</MinDurability>
   <MinFreeBagSlots>2</MinFreeBagSlots>

   <MailGrey>false</MailGrey>
   <MailWhite>false</MailWhite>
   <MailGreen>true</MailGreen>
   <MailBlue>true</MailBlue>
   <MailPurple>true</MailPurple>

   <SellGrey>true</SellGrey>
   <SellWhite>true</SellWhite>
   <SellGreen>false</SellGreen>
   <SellBlue>false</SellBlue>
   <SellPurple>false</SellPurple>

   <TargetElites>false</TargetElites>


    <AvoidMobs>
    </AvoidMobs>

    <!-- Honorbuddy v2.5.7644.652 introduced AerialBlackspots. Release notes have example. -->
    <Blackspots>
    </Blackspots>


    <!-- We include Twilight Highland's Candy Buckets here also, to save time later
         on the Cataclysm profile.
    -->
    <QuestOrder>
        <DisableBehavior Name="Pull" />

        <!-- If we do not have quests in Kalmdor, or Draenei area -->
        <If Condition="!Honorbuddy.Quest_Behaviors.HallowsEnd_CandyBuckets.HaveAnyQuestsOnMap(530)">
            <!-- The auto-loader should have performed this check before loading the profile.
                 So, we emit a message for users that load this profile manually.
            -->
            <CustomBehavior File="UserDialog" StopOnContinue="true"
                            Text="You have completed all the Outland Candy Bucket quests for this year" />

        <!-- If not in Outland... -->
        <ElseIf Condition="Me.MapId != 530" >
            <!-- The auto-loader should have placed us on the correct Continent.
                 If profile is run manually, the user needs to move us.
            -->
            <CustomBehavior File="UserDialog" StopOnContinue="true"
                            Text="Please start this profile somewhere in Outland." />
            </ElseIf>

        <Else>

            <!--======================================================================
                Achievement: Tricks and Treats of Outland (Alliance: http://wowhead.com/achievement=969)
                ======================================================================-->

            <If Condition="Me.IsAlliance">
                <!-- NOTE: Auto-loader should have already position an Alliance Toon at Ratchet -->

                <!--Achievement(969,4): Hellfire Peninsula, Honor Hold -->
                <CustomBehavior File="Holiday\HallowsEnd-CandyBuckets" QuestId="12352" />

                <!--Achievement(969,5): Hellfire Peninsula, Temple of Telhamat -->
                <CustomBehavior File="Holiday\HallowsEnd-CandyBuckets" QuestId="12353" />

                <!--Achievement(969,13): Zangarmarsh, Cenarion Refuge -->
                <CustomBehavior File="Holiday\HallowsEnd-CandyBuckets" QuestId="12403" />

                <!--Achievement(969,15): Zangarmarsh, Telredor -->
                <CustomBehavior File="Holiday\HallowsEnd-CandyBuckets" QuestId="12354" />

                <!--Achievement(969,3): Blade's Edge Mountains, Toshley's Station -->
                <CustomBehavior File="Holiday\HallowsEnd-CandyBuckets" QuestId="12359" />

                <!--Achievement(969,7): Netherstorm, Area 52 -->
                <CustomBehavior File="Holiday\HallowsEnd-CandyBuckets" QuestId="12407" />

                <!--Achievement(969,8): Netherstorm, The Stormspire -->
                <CustomBehavior File="Holiday\HallowsEnd-CandyBuckets" QuestId="12408" />

                <!--Achievement(969,1): Blade's Edge Mountains, Evergrove -->
                <CustomBehavior File="Holiday\HallowsEnd-CandyBuckets" QuestId="12406" />

                <!--Achievement(969,2): Blade's Edge Mountains, Sylvanaar -->
                <CustomBehavior File="Holiday\HallowsEnd-CandyBuckets" QuestId="12358" />

                <!--Achievement(969,14): Zangarmarsh, Orebor Harborage -->
                <CustomBehavior File="Holiday\HallowsEnd-CandyBuckets" QuestId="12355" />

                <!--Achievement(969,6): Nagrand, Telaar -->
                <CustomBehavior File="Holiday\HallowsEnd-CandyBuckets" QuestId="12357" />

                <!--Achievement(969,12): Terokkar Forest, Allerian Stronghold -->
                <CustomBehavior File="Holiday\HallowsEnd-CandyBuckets" QuestId="12356" />

                <!--Achievement(969,10): Shadowmoon Valley, Wildhammer Stronghold -->
                <CustomBehavior File="Holiday\HallowsEnd-CandyBuckets" QuestId="12360" />

                <!--Achievement(969,9): Shadowmoon Valley, Altar of Sha'tar or Sanctum of the Stars -->
                <!-- Alter of Sha'tar (Aldor) -->
                <CustomBehavior File="Holiday\HallowsEnd-CandyBuckets" QuestId="12409"
                                TerminateWhen="new uint[]{1743,1776,1777,1844}.Any(f =>  Me.GetReputationLevelWith(f) &lt; WoWUnitReaction.Unfriendly)" />
                <!-- Sanctum of the Starts (Scryers) -->
                <CustomBehavior File="Holiday\HallowsEnd-CandyBuckets" QuestId="12409"
                                TerminateWhen="new uint[]{1744,1746,1838,1876}.Any(f =>  Me.GetReputationLevelWith(f) &lt; WoWUnitReaction.Unfriendly)" />

                <!--Achievement(969,11): Shattrath City, Aldor Rise or Scryer's Tier -->
                <!-- Aldor rise -->
                <CustomBehavior File="Holiday\HallowsEnd-CandyBuckets" QuestId="12404"
                                TerminateWhen="new uint[]{1743,1776,1777,1844}.Any(f =>  Me.GetReputationLevelWith(f) &lt; WoWUnitReaction.Unfriendly)" />
                <!-- Scryer's Tier -->
                <CustomBehavior File="Holiday\HallowsEnd-CandyBuckets" QuestId="12404"
                                TerminateWhen="new uint[]{1744,1746,1838,1876}.Any(f =>  Me.GetReputationLevelWith(f) &lt; WoWUnitReaction.Unfriendly)" />

                <!-- Move to use Shattrath Portal to Orgrimmar -->
                <If Condition="Me.MapId == 530">
                    <MoveTo DestName="Shatratth Portal to Stormwind"
                            Nav="Fly" X="-1940.276" Y="5392.421" Z="-12.42781" />
                    <CustomBehavior File="InteractWith" MobId="183325" MovementBy="NavigatorPreferred" />
                    <CustomBehavior File="WaitTimer" WaitTime="5000" VariantTime="5000" />
                </If>
                
                <!-- Disperse into Stormwind -->
                <CustomBehavior File="FlyTo" >
                    <DestinationChoices>
                        <Hotspot Name="Old Town bridge" X="-8728.818" Y="539.5789" Z="101.047" AllowedVariance="3" />
                        <Hotspot Name="top of Old Town porticullis" X="-8835.924" Y="700.5738" Z="131.0122" AllowedVariance="7" />
                        <Hotspot Name="Cathedral Square bridge" X="-8730.799" Y="722.1186" Z="101.6446" AllowedVariance="3" />
                        <Hotspot Name="top of Cathedral Square porticullis" X="-8754.491" Y="593.2128" Z="123.4767" AllowedVariance="7" />
                        <Hotspot Name="Mage Quarter bridge" X="-8857.102" Y="741.834" Z="100.6356" AllowedVariance="3" />
                        <Hotspot Name="top of Mage Quarter porticullis" X="-8755.277" Y="684.5886" Z="128.7067" AllowedVariance="7" />
                        <Hotspot Name="Gallina Winery" X="-8884.18" Y="706.2628" Z="98.17048" AllowedVariance="7" />
                        <Hotspot Name="top of main gate tower 1" X="-8928.818" Y="589.0203" Z="154.8591" AllowedVariance="7" />
                        <Hotspot Name="top of main gate tower 2" X="-8883.096" Y="532.4412" Z="154.8598" AllowedVariance="7" />
                    </DestinationChoices>
                </CustomBehavior>
            </If>


            <!--======================================================================
                Achievement: Tricks and Treats of Outland (Horde: http://wowhead.com/achievement=968)
                ======================================================================-->

            <If Condition="Me.IsHorde">
                <!-- NOTE: Auto-loader should have already positioned a Horde toon in Orgrimmar -->

                <!--Achievement(968,5): Hellfire Peninsula, Thrallmar -->
                <CustomBehavior File="Holiday\HallowsEnd-CandyBuckets" QuestId="12388" />

                <!--Achievement(968,4): Hellfire Peninsula, Falcon Watch -->
                <CustomBehavior File="Holiday\HallowsEnd-CandyBuckets" QuestId="12389" />

                <!--Achievement(968,14): Zangarmarsh, Cenarion Refuge -->
                <CustomBehavior File="Holiday\HallowsEnd-CandyBuckets" QuestId="12403" />

                <!--Achievement(968,2): Blade's Edge Mountains, Mok'Nathal Village -->
                <CustomBehavior File="Holiday\HallowsEnd-CandyBuckets" QuestId="12394" />

                <!--Achievement(968,7): Netherstorm, Area 52 -->
                <CustomBehavior File="Holiday\HallowsEnd-CandyBuckets" QuestId="12407" />

                <!--Achievement(968,8): Netherstorm, The Stormspire -->
                <CustomBehavior File="Holiday\HallowsEnd-CandyBuckets" QuestId="12408" />

                <!--Achievement(968,1): Blade's Edge Mountains, Evergrove -->
                <CustomBehavior File="Holiday\HallowsEnd-CandyBuckets" QuestId="12406" />

                <!--Achievement(968,3): Blade's Edge Mountains, Thunderlord Stronghold -->
                <CustomBehavior File="Holiday\HallowsEnd-CandyBuckets" QuestId="12393" />

                <!--Achievement(968,13): Zangarmarsh, Zabra'jin -->
                <CustomBehavior File="Holiday\HallowsEnd-CandyBuckets" QuestId="12390" />

                <!--Achievement(968,6): Nagrand, Garadar -->
                <CustomBehavior File="Holiday\HallowsEnd-CandyBuckets" QuestId="12392" />

                <!--Achievement(968,12): Terokkar Forest, Stonebreaker Hold -->
                <CustomBehavior File="Holiday\HallowsEnd-CandyBuckets" QuestId="12391" />

                <!--Achievement(968,9): Shadowmoon Valley, Altar of Sha'tar or Sanctum of the Stars -->
                <!-- Alter of Sha'tar (Aldor) -->
                <CustomBehavior File="Holiday\HallowsEnd-CandyBuckets" QuestId="12409"
                                TerminateWhen="new uint[]{1743,1776,1777,1844}.Any(f =>  Me.GetReputationLevelWith(f) &lt; WoWUnitReaction.Unfriendly)" />
                <!-- Sanctum of the Starts (Scryers) -->
                <CustomBehavior File="Holiday\HallowsEnd-CandyBuckets" QuestId="12409"
                                TerminateWhen="new uint[]{1744,1746,1838,1876}.Any(f =>  Me.GetReputationLevelWith(f) &lt; WoWUnitReaction.Unfriendly)" />

                <!--Achievement(968,10): Shadowmoon Valley, Shadowmoon Village -->
                <CustomBehavior File="Holiday\HallowsEnd-CandyBuckets" QuestId="12395" />

                <!--Achievement(968,11): Shattrath City, Aldor Rise or Scryer's Tier -->
                <!-- Aldor rise -->
                <CustomBehavior File="Holiday\HallowsEnd-CandyBuckets" QuestId="12404"
                                TerminateWhen="new uint[]{1743,1776,1777,1844}.Any(f =>  Me.GetReputationLevelWith(f) &lt; WoWUnitReaction.Unfriendly)" />
                <!-- Scryer's Tier -->
                <CustomBehavior File="Holiday\HallowsEnd-CandyBuckets" QuestId="12404"
                                TerminateWhen="new uint[]{1744,1746,1838,1876}.Any(f =>  Me.GetReputationLevelWith(f) &lt; WoWUnitReaction.Unfriendly)" />

                <!-- Move to use Shattrath Portal to Orgrimmar -->
                <If Condition="Me.MapId == 530">
                    <MoveTo DestName="Shatratth Portal to Orgrimmar"
                            Nav="Fly" X="-1940.276" Y="5392.421" Z="-12.42781" />
                    <CustomBehavior File="InteractWith" MobId="183323" MovementBy="NavigatorPreferred" />
                    <CustomBehavior File="WaitTimer" WaitTime="5000" VariantTime="5000" />
                </If>
                
                <!-- Disperse into Orgrimmar... -->
                <If Condition="Me.MapId == 1">
                    <CustomBehavior File="FlyTo" DestName="Orgrimmar parking area" >
                        <DestinationChoices>
                            <Hotspot Name="by taxi" X="1783.135" Y="-4363.315" Z="102.6938" AllowedVariance="5" />
                            <Hotspot Name="by Varzok" X="1815.546" Y="-4409.744" Z="103.0266" AllowedVariance="10" />
                            <Hotspot Name="by north elevator" X="1850.41" Y="-4355.158" Z="103.2104" AllowedVariance="10" />
                        </DestinationChoices>
                    </CustomBehavior>
                </If>
            </If>
        </Else>
    </If>

    <EnableBehavior Name="Pull" />
    </QuestOrder>
</HBProfile>

<!-- Orgrimmar to Grom'gol Base Camp -->
<!--
<CustomBehavior File="UseTransport" TransportId="175080"
                WaitAtX="1864.492" WaitAtY="-4414.012" WaitAtZ="135.2331"
                TransportStartX="1880.818" TransportStartY="-4435.269" TransportStartZ="152.8608"
                StandOnX="1873.985" StandOnY="-4423.46" StandOnZ="135.0854"
                TransportEndX="-12464.34" TransportEndY="233.1597" TransportEndZ="49.53437"
                GetOffX="-12447.24" GetOffY="216.8994" GetOffZ="31.5489"  />
 -->

<!-- Grom'gol Base Camp to Orgrimmar -->
<!--
<CustomBehavior File="UseTransport" TransportId="175080"
                WaitAtX="-12447.24" WaitAtY="216.8994" WaitAtZ="31.5489"
                TransportStartX="-12464.34" TransportStartY="233.1597" TransportStartZ="49.53437"
                StandOnX="-12455.49" StandOnY="222.7797" StandOnZ="31.75893"
                TransportEndX="1880.818" TransportEndY="-4435.269" TransportEndZ="152.8608"
                GetOffX="1864.492" GetOffY="-4414.012" GetOffZ="135.2331" />
-->


<!-- Tirisfal Glades to Orgrimmar: Blimp -->
<!--
<CustomBehavior File="UseTransport" TransportId="164871"
                WaitAtX="2066.937" WaitAtY="286.9727" WaitAtZ="97.0321"
                TransportStartX="2062.376" TransportStartY="292.998" TransportStartZ="114.973"
                StandOnX="2067.816" StandOnY="294.7727" StandOnZ="97.22041"
                TransportEndX="1833.509" TransportEndY="-4391.543" TransportEndZ="152.7679"
                GetOffX="1840.926" GetOffY="-4391.46" GetOffZ="135.233" />
-->

<!-- Orgrimmar to Tirisfal Glades: Blimp -->
<!--
<CustomBehavior File="UseTransport" TransportId="164871"
                WaitAtX="1840.926" WaitAtY="-4391.46" WaitAtZ="135.233"
                TransportStartX="1833.509" TransportStartY="-4391.543" TransportStartZ="152.7679"
                StandOnX="1835.123" StandOnY="-4386.054" StandOnZ="135.0153"
                TransportEndX="2062.376" TransportEndY="292.998" TransportEndZ="114.973"
                GetOffX="2066.937" GetOffY="286.9727" GetOffZ="97.0321" />
-->

<!-- Tirisfal Glades to Grom'gol Base Camp: Blimp -->
<!--
<CustomBehavior File="UseTransport" TransportId="176495"
                WaitAtX="2059.427" WaitAtY="248.9169" WaitAtZ="99.76416"
                TransportStartX="2062.599" TransportStartY="235.2645" TransportStartZ="117.7336"
                StandOnX="2056.668" StandOnY="233.1074" StandOnZ="100.0225"
                TransportEndX="-12406.89" TransportEndY="211.8377" TransportEndZ="49.69844"
                GetOffX="-12413.72" GetOffY="206.9256" GetOffZ="31.52503" />
-->

<!-- Grom'gol Base Camp to Tirisfal Glades: Blimp -->
<!--
<CustomBehavior File="UseTransport" TransportId="176495"
                WaitAtX="-12413.72" WaitAtY="206.9256" WaitAtZ="31.52503"
                TransportEndX="-12406.89" TransportEndY="211.8377" TransportEndZ="49.69844"
                StandOnX="-12413.72" StandOnY="206.9256" StandOnZ="31.52503"
                TransportStartX="2062.599" TransportStartY="235.2645" TransportStartZ="117.7336"
                GetOffX="2059.427" GetOffY="248.9169" GetOffZ="99.76416" />
-->


<!-- Undercity to Silvermoon City: Orb of Translocation -->
<!--
<MoveTo Nav="Fly" DestName="Orb of Translocation in Undercity"
        X="1806.391" Y="334.1435" Z="70.3974" />
<CustomBehavior File="InteractWith" MobId="184503" PreInteractMountStrategy="DismountOrCancelShapeshift"
                X="1805.848" Y="348.8648" Z="70.87273" />
-->

<!-- Silvermoon City to Undercity: Orb of Translocation -->
<!--
<MoveTo Nav="Run" DestName="Orb of Translocation in Silvermoon City"
        X="10043.03" Y="-7000.537" Z="61.98714"/>
<CustomBehavior File="InteractWith" MobId="184502" PreInteractMountStrategy="DismountOrCancelShapeshift"
                X="10032.36" Y="-7000.288" Z="61.30979" />
-->

<!-- Eastern Kingdoms to Blood Elf area zone boundary -->
<!--
<MoveTo Nav="Fly" DestName="Stargate to Blood Elf area"
        X="3461.971" Y="-4470.39" Z="137.2498" />
<CustomBehavior File="GoThruPortal" X="3465.352" Y="-4475.219" Z="137.354" />
-->

<!-- Blood Elf area to Eastern Kingdoms zone boundary -->
<!--
<MoveTo Nav="Run" DestName="Stargate to Eastern Kingdoms"
        X="6133.736" Y="-7008.952" Z="140.8468" />
<CustomBehavior File"GoThruPortal" X="6128.427" Y="-7005.887" Z="139.4094" />
-->
