﻿<HBProfile xsi:noNamespaceSchemaLocation="../../../Schemas/QuestProfileSchema.xsd" xmlns:xsi="http://www.w3.org/2001/XMLSchema-instance">
    <Name>[QO] Bloodsail Buccaneers - Faldir's Cove [Kick] ($Rev: 3485 $)</Name>

    <MinLevel>1</MinLevel>
    <MaxLevel>1001</MaxLevel>

    <MinDurability>0.2</MinDurability>
    <MinFreeBagSlots>2</MinFreeBagSlots>

    <MailGrey>false</MailGrey>
    <MailWhite>false</MailWhite>
    <MailGreen>false</MailGreen>
    <MailBlue>true</MailBlue>
    <MailPurple>true</MailPurple>

    <SellGrey>true</SellGrey>
    <SellWhite>true</SellWhite>
    <SellGreen>true</SellGreen>
    <SellBlue>false</SellBlue>
    <SellPurple>false</SellPurple>

    <TargetElites>true</TargetElites>
    <ContinentId>0</ContinentId>

    <AvoidMobs>
        <Mob Name="Professor Phizzlethorpe" Id="2768" />
        <Mob Name="Lolo the Lookout" Id="2766" />
    </AvoidMobs>
    <Blackspots>
        <Blackspot X="-2102.666" Y="-2030.406" Z="4.455983" Radius="4.807477" />
        <Blackspot X="-2085.376" Y="-2030.908" Z="3.417769" Radius="1.209731" /> <!-- crack in dock by Shakes -->
        <Blackspot X="-2083.89" Y="-2027.981" Z="3.363162" Radius="4.540409" />
        <!-- <Blackspot X="-2056.957" Y="-2038.205" Z="7.704183" Radius="8.340627" /> -->
    </Blackspots>

    <Mailboxes>
    </Mailboxes>

    <Vendors>

    </Vendors>


    <QuestOrder>

    <CustomBehavior File="UserSettings" KillBetweenHotspots="true" LogoutForInactivity="false" />
        <LootMobs Value="false" />
        <UseMount Value="true" />

        <If Condition="Me.GetReputationLevelWith(87) &lt; Styx.WoWUnitReaction.Friendly" >
            <CustomBehavior File="FlyTo" X="-2074.324" Y="-2075.455" Z="4.714087" />
            <CustomBehavior File="ForcedDismount" />
                <SetGrindArea>
                    <GrindArea>
                        <Factions>120 121 390</Factions> <!-- [Booty Bay] -->
                        <Hotspots>
                            <Hotspot X="-2067.996" Y="-2086.894" Z="8.936307" />
                            <Hotspot X="-2087.295" Y="-2058.43" Z="1.708996" />
                            <Hotspot X="-2106.907" Y="-2052.317" Z="6.854673" />
                            <Hotspot X="-2090.636" Y="-2030.337" Z="3.157119" />
                            <Hotspot X="-2074.268" Y="-1994.174" Z="13.50829" />
                            <Hotspot X="-2090.636" Y="-2030.337" Z="3.157119" />
                            <Hotspot X="-2104.951" Y="-2053.647" Z="6.552926" />
                            <Hotspot X="-2084.587" Y="-2065.505" Z="2.785087" />
                            <Hotspot X="-2088.852" Y="-2052.168" Z="3.378186" />
                            <Hotspot X="-2067.112" Y="-2086.281" Z="8.908254" />
                        </Hotspots>
                    </GrindArea>
                </SetGrindArea>
                <GrindUntil Condition="Me.GetReputationLevelWith(87) &gt;= Styx.WoWUnitReaction.Friendly" GoalText="Grinding to Friendly" />
        </If>

        <If Condition="Me.GetReputationLevelWith(87) &gt;= Styx.WoWUnitReaction.Friendly" >

            <!-- Dressing the Part -->
            <If Condition="((!HasQuest(9272)) &amp;&amp; (!IsQuestCompleted(9272)))" >
                <CustomBehavior File="FlyTo" X="-14986.96" Y="261.293" Z="13.24983" />
                <CustomBehavior File="ForcedDismount" />
                <CustomBehavior File="InteractWith"  MobId="25809" CollectionDistance="50"
                                X="-15023.35" Y="265.391" Z="7.919432" />
                <CustomBehavior File="RunMacro" Macro="/click GossipTitleButton1" />
                <CustomBehavior File="RunMacro" Macro="/click QuestFrameCompleteQuestButton" />
            </If>

            <!-- do the 2 quests offered by hand? or at least 2nd by hand -->
            <If Condition="((!HasQuest(4621)) &amp;&amp; (!IsQuestCompleted(4621)))" >
                <CustomBehavior File="FlyTo" X="-14988.48" Y="264.9644" Z="13.34382" />
                <CustomBehavior File="ForcedDismount" />
        <PickUp QuestName="Avast Ye, Admiral!" QuestId="4621" GiverName="Fleet Master Firallon" GiverId="2546" />
        <MoveTo X="-14988.48" Y="264.9644" Z="13.34382" />
            </If>
            <If Condition="((HasQuest(4621)) &amp;&amp; (!IsQuestCompleted(4621)))" >
                <CustomBehavior File="FlyTo" X="-14425.05" Y="495.1804" Z="75.59882" />
        <CustomBehavior File="UserDialog"  AllowBotStop="true" SoundCue="Asterisk" SoundCueInterval="2" Text="Kill Baron and Fleet Master noobs. Good luck\n\nAfter you run away or rez, get to a safe place and press continue" />
                <Objective QuestName="Avast Ye, Admiral!" QuestId="4621" Type="KillMob" MobId="2496" KillCount="1" />
                <Objective QuestName="Avast Ye, Admiral!" QuestId="4621" Type="KillMob" MobId="2487" KillCount="1" />
            </If>
            <If Condition="((HasQuest(4621)) &amp;&amp; (IsQuestCompleted(4621)))" >
                <CustomBehavior File="FlyTo" X="-14988.48" Y="264.9644" Z="13.34382" />
                <CustomBehavior File="ForcedDismount" />
        <TurnIn QuestName="Avast Ye, Admiral!" QuestId="4621" TurnInName="Fleet Master Firallon" TurnInId="2546" />
    <CustomBehavior File="UserDialog"  AllowBotStop="true" SoundCue="Asterisk" SoundCueInterval="2" Text="If you want to continue this faction to Exalted, Press continue.  Else... Grats!\n\nThere are 2 Parrots available from the vendor on the upper deck\n\n-Kick" />
            </If>
        </If>

        <If Condition="Me.GetReputationLevelWith(87) &lt; Styx.WoWUnitReaction.Exalted" >
            <CustomBehavior File="FlyTo" X="-2074.324" Y="-2075.455" Z="4.714087" />
            <CustomBehavior File="ForcedDismount" />
                <SetGrindArea>
                    <GrindArea>
                        <Factions>120 121 390</Factions> <!-- [Booty Bay] -->
                        <Hotspots>
                            <Hotspot X="-2067.996" Y="-2086.894" Z="8.936307" />
                            <Hotspot X="-2087.295" Y="-2058.43" Z="1.708996" />
                            <Hotspot X="-2106.907" Y="-2052.317" Z="6.854673" />
                            <Hotspot X="-2088.969" Y="-2024.071" Z="3.377978" />
                            <Hotspot X="-2074.268" Y="-1994.174" Z="13.50829" />
                            <Hotspot X="-2089.409" Y="-2022.903" Z="3.349903" />
                            <Hotspot X="-2104.951" Y="-2053.647" Z="6.552926" />
                            <Hotspot X="-2084.587" Y="-2065.505" Z="2.785087" />
                            <Hotspot X="-2067.112" Y="-2086.281" Z="8.908254" />
                        </Hotspots>
                    </GrindArea>
                </SetGrindArea>
                <GrindUntil Condition="Me.GetReputationLevelWith(87) &gt;= Styx.WoWUnitReaction.Exalted" GoalText="Grinding to Exalted" />
        </If>

        <If Condition="Me.GetReputationLevelWith(87) == Styx.WoWUnitReaction.Exalted" >
            <CustomBehavior File="UserDialog" Title="title" AllowBotStop="true" SoundCue="Asterisk" SoundCueInterval="1" Text="You have reached Exalted\nIf you liked this profile, +rep is always appreciated" />
        </If>

    </QuestOrder>
</HBProfile>
