<HBProfile xsi:noNamespaceSchemaLocation="../Schemas/QuestProfileSchema.xsd"
           xmlns:xsi="http://www.w3.org/2001/XMLSchema-instance">
    <Name>[Fly][N - Quest] MoP Flying to Shado-Pan Garrison [Kick] ($Rev: 3521 $)</Name>
    <MinLevel>1</MinLevel>
    <MaxLevel>1001</MaxLevel>

    <MinDurability>0.2</MinDurability>
    <MinFreeBagSlots>2</MinFreeBagSlots>

    <!-- NB: Honorbuddy sells before mailing -->
    <SellGrey>true</SellGrey>
    <SellWhite>true</SellWhite>
    <SellGreen>true</SellGreen>
    <SellBlue>false</SellBlue>
    <SellPurple>false</SellPurple>

    <MailGrey>false</MailGrey>
    <MailWhite>true</MailWhite>
    <MailGreen>true</MailGreen>
    <MailBlue>true</MailBlue>
    <MailPurple>true</MailPurple>


    <AvoidMobs>
    </AvoidMobs>
    <Blackspots>
    </Blackspots>
    <Vendors>
    </Vendors>


    <QuestOrder IgnoreCheckpoints="true">

        <If Condition="!CanFly()">
            <If Condition="!HasSpell(115913) &amp;&amp; ( Me.Level &gt;= 90 )">
                <CustomBehavior File="UserDialog" StopOnContinue="true" SoundCue="Exclamation" SoundCueInterval="1" Text="You cannot fly. Request denied." />
            </If>
        </If>


        <If Condition="Me.IsAlliance">
            <!-- If I am in Dalaran, take the portal to SW -->
            <If Condition="Me.ZoneId == 4395">
                <If Condition="Me.IsAlliance">
                    <CustomBehavior File="Message" Text="We are in Dalaran, using portal to SW"
                                    LogColor="CornflowerBlue" />
                    <CustomBehavior File="ForcedDismount" />
                    <MoveTo X="5718.221" Y="721.2461" Z="641.7213" />
                    <CustomBehavior File="ForcedDismount" />

                    <CustomBehavior File="InteractWith" MobId="190960" X="5718.221" Y="721.2461" Z="641.7213" />
                    <CustomBehavior File="WaitTimer" WaitTime="5000" GoalText="Waiting for port {TimeRemaining}" />
                    <If Condition="Me.ZoneId == 1519">
                        <MoveTo X="-8988.831" Y="860.4624" Z="125.7445" />
                    </If>
                </If>
            </If>

            <!-- If I am in EK, take the SW portal -->
            <If Condition="( Me.MapId == 0 ) &amp;&amp; ( Me.ZoneId != 5389 ) &amp;&amp; ( Me.ZoneId != 5095 )">
                <CustomBehavior File="FlyTo" DestName="SW Portal to Jade Forest" X="-8193.133" Y="534.6311"
                                Z="117.6105" />
                <CustomBehavior File="ForcedDismount" />

                <CustomBehavior File="InteractWith" MobId="215457" X="-8194.638" Y="529.1678" Z="117.3993" />
                <CustomBehavior File="WaitTimer" WaitTime="5000" GoalText="Waiting for port {TimeRemaining}" />
            </If>
        </If>

        <If Condition="Me.IsHorde">
            <!-- If I am in Dalaran, take the portal to Org -->
            <If Condition="Me.ZoneId == 4395">
                <CustomBehavior File="ForcedDismount" />
                <MoveTo X="5924.277" Y="589.9855" Z="639.8734" />
                <CustomBehavior File="ForcedDismount" />
                <CustomBehavior File="InteractWith" MobId="191009" X="5925.295" Y="593.4274" Z="640.5935" />
                <CustomBehavior File="WaitTimer" WaitTime="5000" GoalText="Waiting for port {TimeRemaining}" />
                <If Condition="Me.ZoneId == 1637">
                    <MoveTo X="1897.4" Y="-4523.682" Z="27.50176" />
                </If>
            </If>

            <!-- If I am in Org, take the Org portal to Jade Forest -->
            <If Condition="( Me.MapId == 1 ) &amp;&amp; ( Me.ZoneId != 5389 ) &amp;&amp; ( Me.ZoneId != 5095 )">
                <CustomBehavior File="FlyTo" DestName="Org Portal to Jade Forest" X="2012.154" Y="-4695.624"
                                Z="28.5676" />
                <CustomBehavior File="ForcedDismount" />

                <CustomBehavior File="InteractWith" MobId="215424" X="2015.709" Y="-4701.144" Z="28.6388" />
                <CustomBehavior File="WaitTimer" WaitTime="5000" GoalText="Waiting for port {TimeRemaining}" />
            </If>
        </If>

        <CustomBehavior File="FlyTo" X="1849.192" Y="4261.158" Z="148.8672" />
        <CustomBehavior File="ForcedDismount" />

        <!-- Shado-Pan = rare trinket (not really viable), chest, rings,
                                    epic head, cloak, trinket -->
        <!-- Klaxxi = rare wrists,
                            epic pants, neck, belt -->

        <!-- Ally -->
        <!-- Golden Lotus - Jaluu = rare wrists, neck, trinket,
                                        epic finger, shoulder, chest -->
        <!-- August Celestials - Sage Whiteheart = rare chest, cloak,
                                            epic boots, hands, wrists -->

            <CustomBehavior File="UserDialog" AllowBotStop="true" SoundCue="Exclamation" SoundCueInterval="5" ExpiryTime="60" ExpiryAction="InputEnabled_Continue" Text="We're Here" />

    </QuestOrder>

</HBProfile>
