<HBProfile xsi:noNamespaceSchemaLocation="../Schemas/QuestProfileSchema.xsd" xmlns:xsi="http://www.w3.org/2001/XMLSchema-instance">
    <Name>EK to BC [Kick] ($Rev: 3552 $)</Name>
    <MinLevel>58</MinLevel>
    <MaxLevel>1001</MaxLevel>

    <MinDurability>0.2</MinDurability>
    <MinFreeBagSlots>2</MinFreeBagSlots>

    <MailGrey>false</MailGrey>
    <MailWhite>false</MailWhite>
    <MailGreen>true</MailGreen>

    <SellGrey>true</SellGrey>
    <SellWhite>true</SellWhite>
    <SellGreen>true</SellGreen>
    <SellBlue>false</SellBlue>
    <SellPurple>false</SellPurple>

    <QuestOrder>

        <If Condition="Me.MapId == 0">

            <If Condition="!HasQuest(28708)">
                <If Condition="!IsQuestCompleted(28708)">
                    <If Condition="!IsQuestCompleted(10119)">
                        <!-- CJ: With pre-WoD drop, it is unclear what is required to get the "Throgh the Dark Portal"
                        quest.  There is a "Time Traveling" (http://wowhead.com/spell=176111) aura involved.
                        Higher level toons seem to be able to acquire it from Zidormi.  Lower level toons get
                        an equivalent automatically or don't need it.  For now, we're just commenting out the
                        quest, since its a breadcrumb anyway.
                        <PickUp QuestName="Through the Dark Portal" QuestId="10119"
                                GiverName="Watch Commander Relthorn Netherwane" GiverId="16841" X="-11814.47"
                                Y="-3196.079" Z="-31.03" />
                        -->
                    </If>
                </If>
            </If>

            <!-- through the BC portal we go! -->
            <While Condition="Me.MapId == 0">
				<MoveTo DestName="Portal to Hellfire Peninsula" X="-9003.102" Y="856.1383" Z="29.6207" />
				<CustomBehavior File="InteractWith" MobId="195141" NonCompeteDistance="0" Range="4" X="-9003.66" Y="855.3229" Z="29.62067" />
            </While>
        </If>

        <If Condition="Me.MapId == 530">
            <If Condition="HasQuest(10119)">
                <TurnIn QuestName="Through the Dark Portal" QuestId="10119" TurnInName="Commander Duron"
                        TurnInId="19229" X="-265.7064" Y="1028.849" Z="54.32343" />
            </If>
            <If Condition="HasQuest(28708)">
                <TurnIn QuestName="Hero's Call: Outland!" QuestId="28708" TurnInName="Commander Duron" TurnInId="19229"
                        X="-265.7064" Y="1028.849" Z="54.32343" />
            </If>
        </If>


        <CustomBehavior File="LoadProfile" ProfileName="..\BC\[Fly][A - Quest] BC 58-70 [Kick]" RememberProfile="true" />


    </QuestOrder>
</HBProfile>
