<HBProfile xsi:noNamespaceSchemaLocation="../Schemas/QuestProfileSchema.xsd" xmlns:xsi="http://www.w3.org/2001/XMLSchema-instance">
    <Name>EK to LK [Kick] ($Rev: 3521 $)</Name>
    <MinLevel>58</MinLevel>
    <MaxLevel>1001</MaxLevel>

    <MinDurability>0.2</MinDurability>
    <MinFreeBagSlots>2</MinFreeBagSlots>

    <MailGrey>false</MailGrey>
    <MailWhite>false</MailWhite>
    <MailGreen>true</MailGreen>

    <SellGrey>true</SellGrey>
    <SellWhite>true</SellWhite>
    <SellGreen>true</SellGreen>
    <SellBlue>false</SellBlue>
    <SellPurple>false</SellPurple>

    <QuestOrder>

        <If Condition="Me.MapId == 0">
            <!-- SW dock to Valiance Keep -->
            <DisableBehavior Name="Vendor" />
            <CustomBehavior File="UseTransport" TransportId="190536"
                            WaitAtX="-8295.161" WaitAtY="1406.02" WaitAtZ="4.405883"
                            StandOnX="-8293.195" StandOnY="1424.703" StandOnZ="0.04"
                            GetOffX="2231.187" GetOffY="5130.391" GetOffZ="5.343706"
                            TransportStartX="-8288.816" TransportStartY="1424.703" TransportStartZ="0.04"
                            TransportEndX="2218.391" TransportEndY="5119.588" TransportEndZ="0.04" />
            <MoveTo X="2250.308" Y="5180.08" Z="11.77014" />
            <CustomBehavior File="WaitTimer" WaitTime="5000" />
            <EnableBehavior Name="Vendor" />
        </If>

        <If Condition="Me.MapId == 571">
            <If Condition="HasQuest(28709)">
                <TurnIn QuestName="Hero's Call: Northrend!" QuestId="28709" TurnInName="Recruitment Officer Blythe"
                        TurnInId="25307" />
                <PickUp QuestName="Enlistment Day" QuestId="11672" GiverName="Recruitment Officer Blythe"
                        GiverId="25307" X="2300.503" Y="5239.977" Z="11.33996" />
            </If>

            <!-- Train riding -->
            <If Condition="!HasSpell(54197)">
                <If Condition="Me.Gold &gt;= 501">
                    <MoveTo X="2274.391" Y="5174.106" Z="11.17985" />
                    <CustomBehavior File="InteractWith" MobId="35133" CollectionDistance="50"
                                    X="2274.391" Y="5174.106" Z="11.17985" />
                    <CustomBehavior File="ForceTrainRiding" MobId="35133" />
                </If>
            </If>

        </If>

        <CustomBehavior File="LoadProfile" ProfileName="..\LK\[Fly][A - Quest] LK 68-80 [Kick]" RememberProfile="true" />

    </QuestOrder>
</HBProfile>
