<HBProfile xsi:noNamespaceSchemaLocation="../Schemas/QuestProfileSchema.xsd" xmlns:xsi="http://www.w3.org/2001/XMLSchema-instance">
    <Name>H K to LK [Kick] ($Rev: 3521 $)</Name>
    <MinLevel>1</MinLevel>
    <MaxLevel>1001</MaxLevel>

    <MinDurability>0.1</MinDurability>
    <MinFreeBagSlots>1</MinFreeBagSlots>


    <Vendors>
        <!-- Orgrimmar Vendor -->
        <Vendor Name="Trak'gen" Id="3313" Type="Food" X="1528.89" Y="-4442.89" Z="24.02194" />
        <Vendor Name="Urtharo" Id="3314" Type="Repair" X="1639.75" Y="-4316.71" Z="21.12019" />
    </Vendors>

    <Mailboxes>
        <Mailbox X="1604.843" Y="-4383.491" Z="20.57193" /> <!-- Org -->
    </Mailboxes>

    <Blackspots>
    </Blackspots>

    <QuestOrder>

        <CustomBehavior File="UserSettings" UseFlightPaths="false" />

        <If Condition="( Me.MapId == 0 ) &amp;&amp; !IsQuestCompleted(25316)">
            <MoveTo X="2047.313" Y="310.4062" Z="54.157" />
            <MoveTo X="2067.457" Y="289.577" Z="97.03069" />
            <If Condition="Me.ZoneId == 85"> <!-- Tirisfal Glades -->
                <CustomBehavior File="Message" Text="Running to UC Zepp to Org" LogColor="CornflowerBlue" />
                <MoveTo X="2067.232" Y="286.1159" Z="97.03087" />

                <CustomBehavior File="Message" Text="Waiting for Zepp to Org - don't interact!" LogColor="Orange" />

                <CustomBehavior File="UseTransport" TransportId="164871"
                                WaitAtX="2070.155" WaitAtY="289.2588" WaitAtZ="97.0315"
                                TransportStartX="2062.376" TransportStartY="292.998" TransportStartZ="114.973"
                                StandOnX="2067.979" StandOnY="295.2747" StandOnZ="97.23677"
                                TransportEndX="1833.509" TransportEndY="-4391.543" TransportEndZ="152.7679"
                                GetOffX="1840.225" GetOffY="-4390.912" GetOffZ="135.2337" />

            </If>
        </If>

        <If Condition="( Me.MapId == 1 ) &amp;&amp; ( Me.ZoneId == 1637 )">
            <CustomBehavior File="ForceSetVendor" DoSell="true" DoRepair="true" DoMail="true" />

            <CustomBehavior File="Message" Text="Running to Org Zepp to Borean" LogColor="CornflowerBlue" />
            <MoveTo X="1763.389" Y="-4283.858" Z="133.1073" />

            <CustomBehavior File="Message" Text="Waiting for Org Zepp to Borean - don't interact!" LogColor="Orange" />

            <CustomBehavior File="UseTransport" TransportId="186238"
                            WaitAtX="1763.203" WaitAtY="-4284.529" WaitAtZ="133.1072"
                            TransportStartX="1775.066" TransportStartY="-4299.745" TransportStartZ="151.0326"
                            StandOnX="1770.22" StandOnY="-4292.056" StandOnZ="133.1872"
                            TransportEndX="2837.908" TransportEndY="6187.443" TransportEndZ="140.1648"
                            GetOffX="2836.831" GetOffY="6185.15" GetOffZ="121.9923" />

        </If>

        <CustomBehavior File="LoadProfile" ProfileName="..\LK\[Fly][H - Quest] LK 68-80 [Kick]" RememberProfile="true" />


    </QuestOrder>
</HBProfile>
