<HBProfile xsi:noNamespaceSchemaLocation="../../../../Schemas/QuestProfileSchema.xsd" xmlns:xsi="http://www.w3.org/2001/XMLSchema-instance">
    <Name>[A - Rep Quest] Frostsaber Rep - Winterspring [Kick] ($Rev: 3485 $)</Name>
    <MinLevel>60</MinLevel>
    <MaxLevel>1001</MaxLevel>

    <MinDurability>0.1</MinDurability>
    <MinFreeBagSlots>2</MinFreeBagSlots>

    <SellGrey>true</SellGrey>
    <SellWhite>false</SellWhite>
    <SellGreen>false</SellGreen>
    <SellBlue>false</SellBlue>
    <SellPurple>false</SellPurple>

    <MailWhite>true</MailWhite>
    <MailGreen>true</MailGreen>
    <MailBlue>true</MailBlue>
    <MailPurple>true</MailPurple>

    <ContinentId>1</ContinentId>

    <Vendors>
        <Vendor Name="Trapper Kiefer" Id="50094" Type="Repair" X="7636.761" Y="-4429.5" Z="623.8735" />
        <Vendor Name="Wixxrak" Id="11184" Type="Repair" X="6733.39" Y="-4699.038" Z="721.3696" />
    </Vendors>

    <Mailboxes>
        <Mailbox X="6707.588" Y="-4667.385" Z="721.3739" />
    </Mailboxes>

    <AvoidMobs>
        <!-- Horde NPC's -->
        <Mob Name="Sar Browneye" Id="11718" />
        <Mob Name="Rilan Howard" Id="11751" />
    </AvoidMobs>

    <Blackspots>
        <Blackspot X="6885.674" Y="-5141.92" Z="701.8964" Radius="5.089082" /> <!-- Totem near Winterfall -->
    </Blackspots>

    <!--
    <Quest Id="4970" Name="Frostsaber Provisions">
        <Objective Type="CollectItem" ItemId="12622" CollectCount="5">
            <CollectFrom>
                <Mob Name="Shardtooth Bear" Id="7444" />
            </CollectFrom>
            <Hotspots>
                <Hotspot X="7655.942" Y="-4246.395" Z="664.5908" />
                <Hotspot X="7622.995" Y="-4273.018" Z="646.0189" />
                <Hotspot X="7602.851" Y="-4323.669" Z="631.2996" />
                <Hotspot X="7552.883" Y="-4326.684" Z="627.837" />
                <Hotspot X="7488.75" Y="-4282.033" Z="652.0037" />
                <Hotspot X="7538.257" Y="-4498.985" Z="604.7014" />
                <Hotspot X="7498.919" Y="-4531.972" Z="605.8318" />
                <Hotspot X="7466.029" Y="-4581.558" Z="609.3859" />
                <Hotspot X="7403.598" Y="-4560.221" Z="597.4431" />
            </Hotspots>
        </Objective>
        <Objective Type="CollectItem" ItemId="12623" CollectCount="5">
            <CollectFrom>
                <Mob Name="Chillwind Chimaera" Id="7448" />
            </CollectFrom>
            <Hotspots>
                <Hotspot X="7674.313" Y="-4517.809" Z="636.657" />
                <Hotspot X="7707.975" Y="-4548.208" Z="657.0831" />
                <Hotspot X="7785.501" Y="-4567.216" Z="679.4836" />
                <Hotspot X="7767.693" Y="-4480.86" Z="655.1276" />
                <Hotspot X="7846.698" Y="-4438.643" Z="680.785" />
                <Hotspot X="7892.479" Y="-4432.637" Z="697.3455" />
                <Hotspot X="7873.846" Y="-4497.483" Z="690.1465" />
                <Hotspot X="7866.892" Y="-4543.228" Z="692.8818" />
            </Hotspots>
        </Objective>
    </Quest>
    -->
    <!--
    <Quest Id="5981" Name="Rampaging Giants">
        <Objective Type="KillMob" MobId="7428" KillCount="4">
            <Hotspots>
                <Hotspot X="5246.518" Y="-4455.861" Z="849.6644" />
                <Hotspot X="5225.876" Y="-4530.438" Z="836.0461" />
                <Hotspot X="5127.521" Y="-4600.161" Z="843.0176" />
                <Hotspot X="5039.925" Y="-4745.203" Z="851.8378" />
                <Hotspot X="5104.377" Y="-4856.506" Z="860.6137" />
                <Hotspot X="5109.867" Y="-4937.416" Z="869.2709" />
                <Hotspot X="5131.692" Y="-4477.883" Z="859.0074" />
            </Hotspots>
        </Objective>
        <Objective Type="KillMob" MobId="7429" KillCount="4">
            <Hotspots>
                <Hotspot X="5246.518" Y="-4455.861" Z="849.6644" />
                <Hotspot X="5225.876" Y="-4530.438" Z="836.0461" />
                <Hotspot X="5127.521" Y="-4600.161" Z="843.0176" />
                <Hotspot X="5039.925" Y="-4745.203" Z="851.8378" />
                <Hotspot X="5104.377" Y="-4856.506" Z="860.6137" />
                <Hotspot X="5109.867" Y="-4937.416" Z="869.2709" />
                <Hotspot X="5131.692" Y="-4477.883" Z="859.0074" />
            </Hotspots>
        </Objective>
    </Quest>
    -->


    <QuestOrder>
            <!-- This will stop the bot after you're Exalted -->
            <If Condition="Me.GetReputationLevelWith(589) == Styx.WoWUnitReaction.Exalted" >
                <CustomBehavior File="UserDialog" Title="title" AllowBotStop="true" SoundCue="Asterisk" SoundCueInterval="1" Text="You have reached Exalted\nIf you liked this profile, +rep is always appreciated" />
            </If>

            <!-- If you don't have the quest, fly there and get the quest -->
            <If Condition="(!HasQuest(4970))" >
                <CustomBehavior File="FlyTo" X="8067.484" Y="-3862.439" Z="763.0035" />
                <CustomBehavior File="RunMacro" Macro="/dismount\n/cancelaura Swift Flight Form\n/cancelaura Flight Form" />
                <PickUp QuestName="Frostsaber Provisions" QuestId="4970" GiverName="Rivern Frostwind" GiverId="10618" GiverType="NPC" X="8067.484" Y="-3862.439" Z="763.0035" />
            </If>
            <!-- HB doesn't like to get 4970 sometimes, so I have to put a lot of PickUp's for it -->
            <PickUp QuestName="Frostsaber Provisions" QuestId="4970" GiverName="Rivern Frostwind" GiverId="10618" GiverType="NPC" X="8067.484" Y="-3862.439" Z="763.0035" />

            <!-- This will get Winterfall Intrusion once you're above Neutral -->
            <If Condition="Me.GetReputationLevelWith(589) &gt;= Styx.WoWUnitReaction.Friendly" >
                <PickUp QuestName="Frostsaber Provisions" QuestId="4970" GiverName="Rivern Frostwind" GiverId="10618" GiverType="NPC" X="8067.484" Y="-3862.439" Z="763.0035" />
                <PickUp QuestName="Winterfall Intrusion" QuestId="5201" GiverName="Rivern Frostwind" GiverId="10618" GiverType="NPC" X="8067.484" Y="-3862.439" Z="763.0035" />
            </If>
            <PickUp QuestName="Frostsaber Provisions" QuestId="4970" GiverName="Rivern Frostwind" GiverId="10618" GiverType="NPC" X="8067.484" Y="-3862.439" Z="763.0035" />

            <If Condition="Me.GetReputationLevelWith(589) &gt;= Styx.WoWUnitReaction.Honored" >
                <PickUp QuestName="Frostsaber Provisions" QuestId="4970" GiverName="Rivern Frostwind" GiverId="10618" GiverType="NPC" X="8067.484" Y="-3862.439" Z="763.0035" />
                <PickUp QuestName="Winterfall Intrusion" QuestId="5201" GiverName="Rivern Frostwind" GiverId="10618" GiverType="NPC" X="8067.484" Y="-3862.439" Z="763.0035" />
                <PickUp QuestName="Rampaging Giants" QuestId="5981" GiverName="Rivern Frostwind" GiverId="10618" GiverType="NPC" X="8067.484" Y="-3862.439" Z="763.0035" />
            </If>
            <PickUp QuestName="Frostsaber Provisions" QuestId="4970" GiverName="Rivern Frostwind" GiverId="10618" GiverType="NPC" X="8067.484" Y="-3862.439" Z="763.0035" />

            <If Condition="((HasQuest(4970)) &amp;&amp; (!IsQuestCompleted(4970)))" >

                <If Condition="(GetItemCount(12623) &lt; 5)" >
                    <CustomBehavior File="FlyTo" Land="true" X="7727.459" Y="-4478.92" Z="643.1946" />
                        <SetGrindArea>
                            <GrindArea>
                                <Factions>16</Factions>
                                <Hotspots>

                                    <!-- Chimaera -->
                                    <Hotspot X="7727.459" Y="-4478.92" Z="643.1946" />
                                    <Hotspot X="7884.199" Y="-4428.061" Z="693.5768" />
                                    <Hotspot X="7966.764" Y="-4544.397" Z="714.4152" />
                                    <Hotspot X="7873.801" Y="-4590.83" Z="704.6382" />
                                    <Hotspot X="7792.985" Y="-4639.197" Z="703.6848" />
                                    <Hotspot X="7756.299" Y="-4544.885" Z="667.5249" />
                                    <Hotspot X="7675.435" Y="-4507.391" Z="632.9232" />

                                </Hotspots>
                            </GrindArea>
                        </SetGrindArea>
                        <GrindUntil Condition="(GetItemCount(12623) == 5)" />
                </If>

                <If Condition="(GetItemCount(12622) &lt; 5)" >
                    <CustomBehavior File="FlyTo" Land="true" X="7196.908" Y="-4382.072" Z="647.3109" />
                    <SetGrindArea>
                            <GrindArea>
                                <Factions>16</Factions>
                                <Hotspots>

                                    <!-- Bears -->
                                    <Hotspot X="7196.908" Y="-4382.072" Z="647.3109" />
                                    <Hotspot X="7134.77" Y="-4266.752" Z="677.6019" />
                                    <Hotspot X="7103.925" Y="-4344.124" Z="661.3081" />
                                    <Hotspot X="7176.775" Y="-4394.343" Z="651.3525" />
                                    <Hotspot X="7239.451" Y="-4416.029" Z="641.183" />
                                    <Hotspot X="7311.874" Y="-4536.11" Z="589.5272" />
                                    <Hotspot X="7455.255" Y="-4529.397" Z="600.4458" />
                                    <Hotspot X="7555.803" Y="-4548.593" Z="615.804" />
                                    <Hotspot X="7559.833" Y="-4619.042" Z="639.4744" />

                                </Hotspots>
                            </GrindArea>
                        </SetGrindArea>
                        <GrindUntil Condition="(GetItemCount(12622) == 5)" />
                </If>

            </If>

            <!--
            <Objective QuestName="Frostsaber Provisions" QuestId="4970" Type="CollectItem" ItemId="12622" CollectCount="5" />
            <Objective QuestName="Frostsaber Provisions" QuestId="4970" Type="CollectItem" ItemId="12623" CollectCount="5" />
            -->

            <If Condition="((HasQuest(5201)) &amp;&amp; (!IsQuestCompleted(5201)))" >
                <CustomBehavior File="FlyTo" Land="true" X="6834.525" Y="-5088.687" Z="691.638" />
                    <SetGrindArea>
                        <GrindArea>
                            <Factions>82</Factions>
                            <Hotspots>
                                <!-- Furbolg -->
                                <Hotspot X="6858.091" Y="-5080.417" Z="690.3635" />
                                <Hotspot X="6840.232" Y="-5108.572" Z="693.1045" />
                                <Hotspot X="6782.113" Y="-5108.074" Z="705.7988" />
                                <Hotspot X="6779.908" Y="-5157.022" Z="732.4071" />
                                <Hotspot X="6740.849" Y="-5132.644" Z="728.759" />
                                <Hotspot X="6757.69" Y="-5083.506" Z="724.779" />
                                <Hotspot X="6728.13" Y="-5188.915" Z="750.9246" />
                                <Hotspot X="6739.972" Y="-5214.117" Z="765.2922" />
                                <Hotspot X="6714.563" Y="-5232.45" Z="778.2242" />
                                <Hotspot X="6738.964" Y="-5147.642" Z="731.4659" />
                                <Hotspot X="6802.688" Y="-5099.467" Z="697.7739" />
                                <Hotspot X="6855.838" Y="-5077.897" Z="690.0119" />
                            </Hotspots>
                        </GrindArea>
                    </SetGrindArea>
                    <GrindUntil Condition="(IsQuestCompleted(5201))" />

            <!--
            <Objective QuestName="Winterfall Intrusion" QuestId="5201" Type="KillMob" MobId="7439" KillCount="5" />
            <Objective QuestName="Winterfall Intrusion" QuestId="5201" Type="KillMob" MobId="7438" KillCount="5" />
            -->
            </If>

            <If Condition="((HasQuest(5981)) &amp;&amp; (!IsQuestCompleted(5981)))" >
                <CustomBehavior File="FlyTo" Land="true" X="5191.014" Y="-4551.959" Z="833.9622" />
                    <SetGrindArea>
                        <GrindArea>
                            <Factions>778</Factions>
                            <Hotspots>
                                <!-- Giants -->
                                <Hotspot X="5246.518" Y="-4455.861" Z="849.6644" />
                                <Hotspot X="5225.876" Y="-4530.438" Z="836.0461" />
                                <Hotspot X="5127.521" Y="-4600.161" Z="843.0176" />
                                <Hotspot X="5039.925" Y="-4745.203" Z="851.8378" />
                                <Hotspot X="5104.377" Y="-4856.506" Z="860.6137" />
                                <Hotspot X="5109.867" Y="-4937.416" Z="869.2709" />
                                <Hotspot X="5131.692" Y="-4477.883" Z="859.0074" />

                            </Hotspots>
                        </GrindArea>
                    </SetGrindArea>
                    <GrindUntil Condition="(IsQuestCompleted(5981))" />

            <!--
            <Objective QuestName="Rampaging Giants" QuestId="5981" Type="KillMob" MobId="7428" KillCount="4" />
            <Objective QuestName="Rampaging Giants" QuestId="5981" Type="KillMob" MobId="7429" KillCount="4" />
            -->
            </If>

            <If Condition="((HasQuest(5201)) &amp;&amp; (IsQuestCompleted(5201)))" >
                <CustomBehavior File="FlyTo" Land="true" X="8067.484" Y="-3862.439" Z="763.0035" />
        <TurnIn QuestName="Winterfall Intrusion" QuestId="5201" TurnInName="Rivern Frostwind" TurnInId="10618" X="8067.484" Y="-3862.439" Z="763.0035" />
        <PickUp QuestName="Winterfall Intrusion" QuestId="5201" GiverName="Rivern Frostwind" GiverId="10618" GiverType="NPC" X="8067.484" Y="-3862.439" Z="763.0035" />
            </If>
            <If Condition="Me.GetReputationLevelWith(589) &gt;= Styx.WoWUnitReaction.Friendly" >
                <If Condition="(!HasQuest(5201))" >
                    <PickUp QuestName="Winterfall Intrusion" QuestId="5201" GiverName="Rivern Frostwind" GiverId="10618" GiverType="NPC" X="8067.484" Y="-3862.439" Z="763.0035" />
                </If>
            </If>
            <If Condition="((HasQuest(5981)) &amp;&amp; (IsQuestCompleted(5981)))" >
                <CustomBehavior File="FlyTo" Land="true" X="8067.484" Y="-3862.439" Z="763.0035" />
        <TurnIn QuestName="Rampaging Giants" QuestId="5981" TurnInName="Rivern Frostwind" TurnInId="10618" X="8067.484" Y="-3862.439" Z="763.0035" />
        <PickUp QuestName="Rampaging Giants" QuestId="5981" GiverName="Rivern Frostwind" GiverId="10618" GiverType="NPC" X="8067.484" Y="-3862.439" Z="763.0035" />
            </If>
            <If Condition="Me.GetReputationLevelWith(589) &gt;= Styx.WoWUnitReaction.Honored" >
                <If Condition="(!HasQuest(5981))" >
                    <PickUp QuestName="Rampaging Giants" QuestId="5981" GiverName="Rivern Frostwind" GiverId="10618" GiverType="NPC" X="8067.484" Y="-3862.439" Z="763.0035" />
                </If>
            </If>

            <If Condition="((HasQuest(4970)) &amp;&amp; (IsQuestCompleted(4970)))" >
                <CustomBehavior File="FlyTo" Land="true" X="8067.484" Y="-3862.439" Z="763.0035" />
        <TurnIn QuestName="Frostsaber Provisions" QuestId="4970" TurnInName="Rivern Frostwind" TurnInId="10618" X="8067.484" Y="-3862.439" Z="763.0035" />
        <PickUp QuestName="Frostsaber Provisions" QuestId="4970" GiverName="Rivern Frostwind" GiverId="10618" GiverType="NPC" X="8067.484" Y="-3862.439" Z="763.0035" />
            </If>
            <!-- Yes, a 2nd one, HB sometimes flips out about this quest -->
            <If Condition="((HasQuest(4970)) &amp;&amp; (IsQuestCompleted(4970)))" >
        <TurnIn QuestName="Frostsaber Provisions" QuestId="4970" TurnInName="Rivern Frostwind" TurnInId="10618" X="8067.484" Y="-3862.439" Z="763.0035" />
        <PickUp QuestName="Frostsaber Provisions" QuestId="4970" GiverName="Rivern Frostwind" GiverId="10618" GiverType="NPC" X="8067.484" Y="-3862.439" Z="763.0035" />
            </If>
            <PickUp QuestName="Frostsaber Provisions" QuestId="4970" GiverName="Rivern Frostwind" GiverId="10618" GiverType="NPC" X="8067.484" Y="-3862.439" Z="763.0035" />

            <If Condition="(!HasQuest(4970))" >
                <PickUp QuestName="Frostsaber Provisions" QuestId="4970" GiverName="Rivern Frostwind" GiverId="10618" GiverType="NPC" X="8067.484" Y="-3862.439" Z="763.0035" />
            </If>
            <PickUp QuestName="Frostsaber Provisions" QuestId="4970" GiverName="Rivern Frostwind" GiverId="10618" GiverType="NPC" X="8067.484" Y="-3862.439" Z="763.0035" />


                <CustomBehavior File="WaitTimer" WaitTime="5000"/>
            <!-- If you rename this profile, you have to rename the ProfileName="" -->
            <CustomBehavior File="LoadProfile" ProfileName="[QO] Wintersaber Rep B [Kick].xml" />

    </QuestOrder>
</HBProfile>

<!--
    <GrindUntil Condition="(Me.CarriedItems.Count(ret => ret.Entry == 12622) &gt;= 5)"/>
 -->
