<HBProfile>
    <Name>[N] Flame Warden and Extinguishing MoP</Name>
    <MinLevel>1</MinLevel>
    <MaxLevel>1001</MaxLevel>
    <MinDurability>0.1</MinDurability>
    <MinFreeBagSlots>1</MinFreeBagSlots>
    <QuestOrder>
        <CustomBehavior File="UserSettings" KillBetweenHotspots="true" />
        <LootMobs Value="true" />
        <UseMount Value="true" />

        <!-- Vale of Eternal Blossoms - -->
        <If Condition="Me.IsHorde">
            <!-- Vale of Eternal Blossoms - Mogu'shan Palace Flame Warden -->
            <CustomBehavior File="FlyTo" DestName="Mogu'shan Palace Horde Flame Warden" X="1370.852" Y="511.1973" Z="457.7838" />
            <CustomBehavior File="ForcedDismount" />
            <CustomBehavior File="InteractWith" MobId="69551" />
            <CustomBehavior File="RunMacro" Macro="/click GossipTitleButton1" />
            <CustomBehavior File="RunMacro" Macro="/click QuestFrameCompleteQuestButton" />
            <!-- Vale of Blossoms - Mogu'shan Horde Bonfire -->
            <MoveTo X="1324.582" Y="463.1048" Z="457.7838" />
            <CustomBehavior File="InteractWith" MobId="217851" Range="10" WaitTime="3000" />
            <CustomBehavior File="RunMacro" Macro="/click GossipTitleButton1" />
            <CustomBehavior File="RunMacro" Macro="/click QuestFrameCompleteQuestButton" />
        <Else>
            <!-- Vale of Eternal Blossoms - Mogu'shan Palace Flame Warden -->
            <CustomBehavior File="FlyTo" DestName="Mogu'shan Palace Alliance Flame Warden" X="1321.013" Y="465.5714" Z="457.7838" />
            <CustomBehavior File="ForcedDismount" />
            <CustomBehavior File="InteractWith" MobId="69572" />
            <CustomBehavior File="RunMacro" Macro="/click GossipTitleButton1" />
            <CustomBehavior File="RunMacro" Macro="/click QuestFrameCompleteQuestButton" />
            <!-- Vale of Blossoms - Mogu'shan Horde Bonfire -->
            <MoveTo X="1374.771" Y="504.4074" Z="457.7838" />
            <CustomBehavior File="InteractWith" MobId="217852" Range="10" WaitTime="3000" />
            <CustomBehavior File="RunMacro" Macro="/click GossipTitleButton1" />
            <CustomBehavior File="RunMacro" Macro="/click QuestFrameCompleteQuestButton" />
        </Else>
        </If>

        <!-- Kun-lai Summit - Binan Village Flame Warden -->
        <CustomBehavior File="FlyTo" DestName="Binan Village Flame Warden" X="1828.807" Y="384.11" Z="482.2523" />
        <CustomBehavior File="ForcedDismount" />
        <CustomBehavior File="InteractWith" MobId="69535" />
        <CustomBehavior File="RunMacro" Macro="/click QuestFrameAcceptButton" />
        <CustomBehavior File="InteractWith" MobId="217848" Range="10" WaitTime="3000" />
        <CustomBehavior File="RunMacro" Macro="/click GossipTitleButton1" />
        <CustomBehavior File="RunMacro" Macro="/click QuestFrameCompleteQuestButton" />

        <!-- Townlong Steppes - Longying Outpost Flame Warden -->
        <CustomBehavior File="FlyTo" DestName="Longying Outpost Flame Warden" X="2403.299" Y="2968.118" Z="420.2166" />
        <CustomBehavior File="ForcedDismount" />
        <CustomBehavior File="InteractWith" MobId="69536" />
        <CustomBehavior File="RunMacro" Macro="/click QuestFrameAcceptButton" />
        <CustomBehavior File="InteractWith" MobId="217849" Range="10" WaitTime="3000" />
        <CustomBehavior File="RunMacro" Macro="/click GossipTitleButton1" />
        <CustomBehavior File="RunMacro" Macro="/click QuestFrameCompleteQuestButton" />

        <!-- Dread Wastes - Soggy's Gamble Flame Warden -->
        <CustomBehavior File="FlyTo" DestName="Soggy's Gamble Flame Warden" X="-1069.534" Y="3138.715" Z="1.297263" />
        <CustomBehavior File="ForcedDismount" />
        <CustomBehavior File="InteractWith" MobId="69522" />
        <CustomBehavior File="RunMacro" Macro="/click QuestFrameAcceptButton" />
        <CustomBehavior File="InteractWith" MobId="217845" Range="10" WaitTime="3000" />
        <CustomBehavior File="RunMacro" Macro="/click GossipTitleButton1" />
        <CustomBehavior File="RunMacro" Macro="/click QuestFrameCompleteQuestButton" />

        <!-- Krasarang Wilds - Zhu's Watch Flame Warden -->
        <CustomBehavior File="FlyTo" DestName="Zhu's Watch Flame Warden" X="-409.9021" Y="-523.9699" Z="105.4952" />
        <CustomBehavior File="ForcedDismount" />
        <CustomBehavior File="InteractWith" MobId="69533" />
        <CustomBehavior File="RunMacro" Macro="/click QuestFrameAcceptButton" />
        <CustomBehavior File="InteractWith" MobId="217847" Range="10" WaitTime="3000" />
        <CustomBehavior File="RunMacro" Macro="/click GossipTitleButton1" />
        <CustomBehavior File="RunMacro" Macro="/click QuestFrameCompleteQuestButton" />

        <!-- Valley of Four Winds - Halfhill Flame Warden -->
        <CustomBehavior File="FlyTo" DestName="Halfhill Flame Warden" X="-250.1054" Y="647.1756" Z="166.259" />
        <CustomBehavior File="ForcedDismount" />
        <CustomBehavior File="InteractWith" MobId="69550" />
        <CustomBehavior File="RunMacro" Macro="/click QuestFrameAcceptButton" />
        <CustomBehavior File="InteractWith" MobId="217850" Range="10" WaitTime="3000" />
        <CustomBehavior File="RunMacro" Macro="/click GossipTitleButton1" />
        <CustomBehavior File="RunMacro" Macro="/click QuestFrameCompleteQuestButton" />

        <!-- Jade Forest - Dawn's Blossom Flame Warden -->
        <CustomBehavior File="FlyTo" DestName="Dawn's Blossom Flame Warden" X="1451.753" Y="-1843.953" Z="224.9542" />
        <CustomBehavior File="ForcedDismount" />
        <CustomBehavior File="InteractWith" MobId="69529" />
        <CustomBehavior File="RunMacro" Macro="/click QuestFrameAcceptButton" />
        <CustomBehavior File="InteractWith" MobId="217846" Range="10" WaitTime="3000" />
        <CustomBehavior File="RunMacro" Macro="/click GossipTitleButton1" />
        <CustomBehavior File="RunMacro" Macro="/click QuestFrameCompleteQuestButton" />

        <CustomBehavior File="UserDialog" AllowBotStop="true" SoundCue="Exclamation" SoundCueInterval="1" Text="Grats on your ach!\n\nEnd of Line" />
    </QuestOrder>
</HBProfile>
