<?xml version="1.0" encoding="utf-8"?>
<!--
    Original contribution by Chinajade
    PROFILE EXPECTATIONS:
        * When using this profile, be certain to set the HonorBuddy bot to (select only one):
            ( ) Gatherbuddy2
            ( ) Grinding / Mixed
            (*) Questing
            ( ) PvP
        * This profile is appropriate for (check all that apply):
            [X] Alliance   [X] Achievement
            [X] Horde      [ ] Farming
            [ ] Leveling
            [ ] PvP
            [X] Questing
            [ ] Reputation
            [X] Seasonal
-->
<HBProfile xsi:noNamespaceSchemaLocation="../../Schemas/QuestProfileSchema.xsd" xmlns:xsi="http://www.w3.org/2001/XMLSchema-instance">

   <Name>[A+H] Candy Buckets - Eastern Kingdoms</Name>

   <MinLevel>60</MinLevel>
   <MaxLevel>1001</MaxLevel>

   <MinDurability>0.1</MinDurability>
   <MinFreeBagSlots>2</MinFreeBagSlots>

   <MailGrey>false</MailGrey>
   <MailWhite>false</MailWhite>
   <MailGreen>true</MailGreen>
   <MailBlue>true</MailBlue>
   <MailPurple>true</MailPurple>

   <SellGrey>true</SellGrey>
   <SellWhite>true</SellWhite>
   <SellGreen>false</SellGreen>
   <SellBlue>false</SellBlue>
   <SellPurple>false</SellPurple>

   <TargetElites>false</TargetElites>


    <AvoidMobs>
    </AvoidMobs>

    <!-- Honorbuddy v2.5.7644.652 introduced AerialBlackspots. Release notes have example. -->
    <Blackspots>

        <AerialBlackspot Name="Blasted Lands, Dreadmaul Holdp (Horde)" Faction="Alliance" MapId="0" >
            <Spot X="-10843.09" Y="-2832.353" />
            <Spot X="-10724.96" Y="-2719.781" />
            <Spot X="-10846.7" Y="-2540.634" />
            <Spot X="-11081.12" Y="-2654.651" />
            <Spot X="-11140.26" Y="-2823.974" />
        </AerialBlackspot>

        <AerialBlackspot Name="Blasted Lands, Nethergarde Keep (Alliance)" Faction="Horde" MapId="0" >
            <Spot X="-10851.59" Y="-3309.044" />
            <Spot X="-10797.81" Y="-3554.058" />
            <Spot X="-11086.74" Y="-3574.223" />
            <Spot X="-11198.1" Y="-3480.997" />
            <Spot X="-11089.52" Y="-3160.927" />
        </AerialBlackspot>

        <AerialBlackspot Name="Blasted Lands, Sunviel Excursion (Horde Settlement)" Faction="Alliance" MapId="0" >
            <Spot X="-12404.22" Y="-3098.711" />
            <Spot X="-12456.25" Y="-3031.099" />
            <Spot X="-12413.81" Y="-2959.115" />
            <Spot X="-12310.02" Y="-2945.149" />
            <Spot X="-12247.29" Y="-3073.356" />
        </AerialBlackspot>

        <AerialBlackspot Name="Blasted Lands, Surwich (Alliance Settlement)" Faction="Horde" MapId="0" >
            <Spot X="-12573.86" Y="-2925.838" />
            <Spot X="-12640.11" Y="-2735.576" />
            <Spot X="-12736.22" Y="-2740.609" />
            <Spot X="-12823.97" Y="-2854.669" />
            <Spot X="-12748.73" Y="-3044.972" />
            <Spot X="-12581.39" Y="-3013.553" />
        </AerialBlackspot>

        <AerialBlackspot Name="The Cape of Stranglethorn, Gurubashi Arena (Neutral)" Faction="Neutral" MapId="0" >
            <Spot X="-13031.16" Y="335.3513" />
            <Spot X="-13202.7" Y="431.4377" />
            <Spot X="-13274.86" Y="398.7475" />
            <Spot X="-13348.34" Y="300.0164" />
            <Spot X="-13343.28" Y="164.7337" />
            <Spot X="-13300.73" Y="87.87923" />
            <Spot X="-13121.93" Y="114.303" />
            <Spot X="-13067.21" Y="247.3515" />
        </AerialBlackspot>

        <AerialBlackspot Name="Northern Stranglethorn, Fort Livingston (Alliance)" Faction="Horde" MapId="0" >
            <Spot X="-12775.96" Y="-381.6884" />
            <Spot X="-12897.63" Y="-370.1243" />
            <Spot X="-12864.94" Y="-513.9357" />
            <Spot X="-12753.18" Y="-476.6187" />
        </AerialBlackspot>

        <AerialBlackspot Name="Northern Stranglethorn, Grom'gol Base Camp (Horde)" Faction="Alliance" MapId="0" >
            <Spot X="-12275.51" Y="99.04353" />
            <Spot X="-12331.26" Y="326.1558" />
            <Spot X="-12556.11" Y="230.6959" />
            <Spot X="-12398.61" Y="25.14277" />
        </AerialBlackspot>
    </Blackspots>


    <!-- We include Twilight Highland's Candy Buckets here also, to save time later
         on the Cataclysm profile.
    -->
    <QuestOrder>
        <DisableBehavior Name="Pull" />
        
        <!-- If we do not have quests in Eastern Kindoms, or Blood Elf area... -->
        <If Condition="!( Honorbuddy.Quest_Behaviors.HallowsEnd_CandyBuckets.HaveAnyQuestsOnMap(0) || Honorbuddy.Quest_Behaviors.HallowsEnd_CandyBuckets.HaveAnyQuestsOnMap(530) )">
            <!-- The auto-loader should have performed this check before loading the profile.
                 So, we emit a message for users that load this profile manually.
            -->
            <CustomBehavior File="UserDialog" StopOnContinue="true"
                            Text="You have completed all the Eastern Kingdoms Candy Bucket quests for this year" />

        <!-- If not in Eastern Kingdoms or Blood Elf area... -->
        <ElseIf Condition="!( ( Me.MapId == 0 ) || ( Me.MapId == 530 ) )">
            <!-- The auto-loader should have placed us on the correct Continent.
                 If profile is run manually, the user needs to move us.
            -->
            <CustomBehavior File="UserDialog" StopOnContinue="true"
                            Text="Please start this profile somewhere in Eastern Kingdoms" />
            </ElseIf>

        <Else>
            <!-- ================================================================================ -->
            <!-- Achievement: Tricks and Treats of Eastern Kingdom (Alliance: http://wowhead.com/achievement=966) -->
            <!-- ================================================================================ -->

            <If Condition="Me.IsAlliance">
                <!-- NOTE: Auto-loader should already positioned an Alliance toon in Stormwind -->

                <!-- Achievement(966,6) = The Cape of Stranglethorn, Booty Bay -->
                <!-- Skip Booty Bay, if it is hostile to us -->
                <CustomBehavior File="Holiday\HallowsEnd-CandyBuckets" QuestId="12397"
                                TerminateWhen="new uint[]{120,121}.Any(f =>  Me.GetReputationLevelWith(f) &lt; WoWUnitReaction.Unfriendly)" />

                <!-- Achievement(966,16) = Northern Stranglethorn, Fort Livingston -->
                <CustomBehavior File="Holiday\HallowsEnd-CandyBuckets" QuestId="28964" />

                <!-- Achievement(966,5) = Blasted Lands, Surwich -->
                <!-- To do Surwich CandyBucket, we have to talk to Zidormi (http://www.wowhead.com/npc=88206)
                     to phase back in time.  We want the "Time Traveling" Aura (http://wowhead.com/spell=176111).
                -->
                <CustomBehavior File="InteractWith"  MobId="88206" InteractByGossipOptions="1"
                                TerminateWhen="IsQuestCompleted(28961) || Me.HasAura(176111)"
                                X="-10761.14" Y="-2957.668" Z="58.74221" />
                <CustomBehavior File="Holiday\HallowsEnd-CandyBuckets" QuestId="28961" />


                <!-- Achievement(966,4) = Blasted Lands, Nethergarde Keep -->
                <!-- To do Nethergarde Keep, we have to talk to Zidormi (http://www.wowhead.com/npc=88206)
                     to phase back in time.  We want the "Time Traveling" Aura (http://wowhead.com/spell=176111).
                -->
                <CustomBehavior File="InteractWith"  MobId="88206" InteractByGossipOptions="1"
                                TerminateWhen="IsQuestCompleted(28960) || Me.HasAura(176111)"
                                X="-10761.14" Y="-2957.668" Z="58.74221" />
                <CustomBehavior File="Holiday\HallowsEnd-CandyBuckets" QuestId="28960" />


                <!-- If we have "Time Travel" Aura (http://wowhead.com/spell=176111), we need to talk to
                     Zidormi (http://www.wowhead.com/npc=88206) to get rid of it.
                     The aura apparently doesn't auto-clear when you leave the zone.
                -->
                <CustomBehavior File="InteractWith"  MobId="88206" InteractByGossipOptions="1"
                                TerminateWhen="!Me.HasAura(176111)"
                                X="-10761.14" Y="-2957.668" Z="58.74221" />

                <!-- Achievement(966,20) = Swamp of Sorrows, Bogpaddle -->
                <CustomBehavior File="Holiday\HallowsEnd-CandyBuckets" QuestId="28967" />

                <!-- Achievement(966,21) = Swamp of Sorrows, The Harborage -->
                <CustomBehavior File="Holiday\HallowsEnd-CandyBuckets" QuestId="28968" />

                <!-- Achievement(966,8) = Duskwood, Darkshire -->
                <CustomBehavior File="Holiday\HallowsEnd-CandyBuckets" QuestId="12344" />

                <!-- Achievement(966,25) = Westfall, Sentinel Hill -->
                <!-- Depending on where you are in the Westfall quest line,
                     the candy bucket for Sentinel Hill will either be in the
                     original Westfall Inn, or inside Sentinel Tower.  The tower
                     is where the bucket resides if you have done zero Westfall
                     quests.  The auras we have on us in this state are:
                     * Detect Quest Invis 3 (http://wowhead.com/spell=79498)
                     * Detect Quest Invis 4 (http://wowhead.com/spell=101419)
                     * Sentinel Hill Skybox (http://wowhead.com/spell=80005)
                     Will need to handle other locations when we figure out what the appropriate
                     auras are for the other states.
                -->
                <CustomBehavior File="Holiday\HallowsEnd-CandyBuckets" QuestId="12340" />

                <!-- Achievement(966,19) = Stormwind, The Trade District -->
                <CustomBehavior File="Holiday\HallowsEnd-CandyBuckets" QuestId="12336" />

                <!-- Achievement(966,10) = Elwynn Forest, Goldshire -->
                <CustomBehavior File="Holiday\HallowsEnd-CandyBuckets" QuestId="12286" />

                <!-- Achievement(966,17) = Redridge Mountains, Lakeshire -->
                <CustomBehavior File="Holiday\HallowsEnd-CandyBuckets" QuestId="12342" />

                <!-- Achievement(966,2) = Badlands, Dragon's Mouth -->
                <CustomBehavior File="Holiday\HallowsEnd-CandyBuckets" QuestId="28956" />

                <!-- Achievement(966,3) = Badlands, Fuselight -->
                <CustomBehavior File="Holiday\HallowsEnd-CandyBuckets" QuestId="28955" />

                <!-- Achievement(966,18) = Searing Gorge, Iron Summit -->
                <CustomBehavior File="Holiday\HallowsEnd-CandyBuckets" QuestId="28965" />

                <!-- Achievement(966,7) = Dun Morogh, Kharanos -->
                <CustomBehavior File="Holiday\HallowsEnd-CandyBuckets" QuestId="12332" />

                <!-- Achievement(966,13) = Ironforge, The Commons -->
                <CustomBehavior File="Holiday\HallowsEnd-CandyBuckets" QuestId="12335" />

                <!-- Achievement(966,15) = Loch Modan, Thelsamar -->
                <CustomBehavior File="Holiday\HallowsEnd-CandyBuckets" QuestId="12339" />

                <!-- Achievement(966,14) = Loch Modan, Farstrider Lodge -->
                <CustomBehavior File="Holiday\HallowsEnd-CandyBuckets" QuestId="28963" />

                <If Condition="Me.Level &gt;= 84" >
                    <!-- (5837,6) = Twilight Highlands, Highbank -->
                    <!-- Depending on where you are in the Twilight Highlands quest line,
                         the candy bucket may be different places.
                         This is the location where the bucket resides when you have done
                         zero Twilight Highlands quests.  The auras we have on us
                         in this state are:
                         * See Quest Invis 11 (http://wowhead.com/spell=91868)
                         * See Quest Invis 13 (http://wowhead.com/spell=91898)
                         * See Quest Invis 14 (http://wowhead.com/spell=91947)
                         * See Quest Invis 18 (http://wowhead.com/spell=94477)
                         Will need to handle other locations when we figure out what the appropriate
                         auras are for the other states.
                    -->
                    <CustomBehavior File="Holiday\HallowsEnd-CandyBuckets" QuestId="28980" />

                    <!-- (5837,5) = Twilight Highlands, Firebeard's Patrol -->
                    <!-- Depending on where you are in the Twilight Highlands quest line,
                         the candy bucket may be different places.
                         This is the location where the bucket resides when you have done
                         zero Twilight Highlands quests.  The auras we have on us
                         in this state are:
                         * See Quest Invis 18 (http://wowhead.com/spell=94477)
                         Will need to handle other locations when we figure out what the appropriate
                         auras are for the other states.
                    -->
                    <CustomBehavior File="Holiday\HallowsEnd-CandyBuckets" QuestId="28977" />

                    <!-- (5837,8) = Twilight Highlands, Victor's Point -->
                    <!-- Depending on where you are in the Twilight Highlands quest line,
                         the candy bucket may be different places.
                         This is the location where the bucket resides when you have done
                         zero Twilight Highlands quests.  The auras we have on us
                         in this state are:
                         * See Quest Invis 18 (http://wowhead.com/spell=94477)
                         Will need to handle other locations when we figure out what the appropriate
                         auras are for the other states.
                    -->
                    <CustomBehavior File="Holiday\HallowsEnd-CandyBuckets" QuestId="28979" />

                    <!-- (5837,7) = Twilight Highlands, Thundermar -->
                    <!-- Depending on where you are in the Twilight Highlands quest line,
                         the candy bucket may be different places.
                         This is the location where the bucket resides when you have done
                         zero Twilight Highlands quests.  The auras we have on us
                         in this state are:
                         * See Fanny in Thundermar (http://wowhead.com/spell=94765)
                         * See Quest Invis 18 (http://wowhead.com/spell=94477)
                         Will need to handle other locations when we figure out what the appropriate
                         auras are for the other states.
                    -->
                    <CustomBehavior File="Holiday\HallowsEnd-CandyBuckets" QuestId="28978" />
                </If>

                <!-- Achievement(966,26) = Wetlands, Greenwarden's Grove -->
                <CustomBehavior File="Holiday\HallowsEnd-CandyBuckets" QuestId="28991" />

                <!-- Achievement(966,23) = Wetlands, Menethil Harbor -->
                <CustomBehavior File="Holiday\HallowsEnd-CandyBuckets" QuestId="12343" />

                <!-- Achievement(966,24) = Wetlands, Swiftgear Station -->
                <CustomBehavior File="Holiday\HallowsEnd-CandyBuckets" QuestId="28990" />

                <!-- Achievement(966,1) = Arathi Highlands, Refuge Point -->
                <CustomBehavior File="Holiday\HallowsEnd-CandyBuckets" QuestId="28954" />

                <!-- Achievement(966,22) = Western Plaguelands, Chillwind Camp -->
                <CustomBehavior File="Holiday\HallowsEnd-CandyBuckets" QuestId="28988" />

                <!-- Achievement(966,11) = The Hinterlands, Aerie Peak -->
                <CustomBehavior File="Holiday\HallowsEnd-CandyBuckets" QuestId="12351" />

                <!-- Achievement(966,12) = The Hinterlands, Stormfeather Outpost -->
                <CustomBehavior File="Holiday\HallowsEnd-CandyBuckets" QuestId="28970" />

                <!-- Achievement(966,9) = Eastern Plaguelands, Light's Hope Chapel -->
                <CustomBehavior File="Holiday\HallowsEnd-CandyBuckets" QuestId="12402" />

                <!-- Disperse into Stormwind -->
                <CustomBehavior File="FlyTo" >
                    <DestinationChoices>
                        <Hotspot Name="Old Town bridge" X="-8728.818" Y="539.5789" Z="101.047" AllowedVariance="3" />
                        <Hotspot Name="top of Old Town porticullis" X="-8835.924" Y="700.5738" Z="131.0122" AllowedVariance="7" />
                        <Hotspot Name="Cathedral Square bridge" X="-8730.799" Y="722.1186" Z="101.6446" AllowedVariance="3" />
                        <Hotspot Name="top of Cathedral Square porticullis" X="-8754.491" Y="593.2128" Z="123.4767" AllowedVariance="7" />
                        <Hotspot Name="Mage Quarter bridge" X="-8857.102" Y="741.834" Z="100.6356" AllowedVariance="3" />
                        <Hotspot Name="top of Mage Quarter porticullis" X="-8755.277" Y="684.5886" Z="128.7067" AllowedVariance="7" />
                        <Hotspot Name="Gallina Winery" X="-8884.18" Y="706.2628" Z="98.17048" AllowedVariance="7" />
                        <Hotspot Name="top of main gate tower 1" X="-8928.818" Y="589.0203" Z="154.8591" AllowedVariance="7" />
                        <Hotspot Name="top of main gate tower 2" X="-8883.096" Y="532.4412" Z="154.8598" AllowedVariance="7" />
                    </DestinationChoices>
                </CustomBehavior>
            </If>


            <!-- ================================================================================ -->
            <!-- Achievement: Tricks and Treats of Eastern Kingdom (Horde: http://wowhead.com/achievement=967) -->
            <!-- ================================================================================ -->

            <If Condition="Me.IsHorde">

                <!-- NOTE: Auto-loader should have already positioned a Horde toon in Grom'gol Base Camp -->

                <!-- Achievement(967,15) = Northern Stranglethorn, Grom'gol Base Camp -->
                <CustomBehavior File="Holiday\HallowsEnd-CandyBuckets" QuestId="12382" />

                <!-- Achievement(967,6) = The Cape of Stranglethorn, Hardwrench Hideaway -->
                <CustomBehavior File="Holiday\HallowsEnd-CandyBuckets" QuestId="28969" />

                <!-- Achievement(967,5) = The Cape of Stranglethorn, Booty Bay -->
                <CustomBehavior File="Holiday\HallowsEnd-CandyBuckets" QuestId="12397"
                                TerminateWhen="new uint[]{120,121}.Any(f =>  Me.GetReputationLevelWith(f) &lt; WoWUnitReaction.Unfriendly)" />

                <!-- Achievement(967,4) = Blasted Lands, Dreadmaul Hold -->
                <CustomBehavior File="Holiday\HallowsEnd-CandyBuckets" QuestId="28959" />

                <!-- Achievement(967,22) = Swamp of Sorrows, Stonard -->
                <CustomBehavior File="Holiday\HallowsEnd-CandyBuckets" QuestId="12384" />

                <!-- Achievement(967,21) = Swamp of Sorrows, Bogpaddle -->
                <CustomBehavior File="Holiday\HallowsEnd-CandyBuckets" QuestId="28967" />

                <!-- Achievement(967,16) = Searing Gorge, Iron Summit -->
                <CustomBehavior File="Holiday\HallowsEnd-CandyBuckets" QuestId="28965" />

                <!-- Achievement(967,3) = Badlands, New Kargath -->
                <CustomBehavior File="Holiday\HallowsEnd-CandyBuckets" QuestId="28957" />

                <!-- Achievement(967,2) = Badlands, Fuselight -->
                <CustomBehavior File="Holiday\HallowsEnd-CandyBuckets" QuestId="28955" />

                <If Condition="Me.Level &gt;= 84" >
                    <!-- (5838,6) = Twilight Highlands, Crushblow -->
                    <!-- Depending on where you are in the Twilight Highlands quest line,
                         the candy bucket may be different places.
                         This is the location where the bucket resides when you have done
                         zero Twilight Highlands quests.  The auras we have on us
                         in this state are:
                         * See Quest Invis 18 (http://wowhead.com/spell=94477)
                         Will need to handle other locations when we figure out what the appropriate
                         auras are for the other states.
                    -->
                    <CustomBehavior File="Holiday\HallowsEnd-CandyBuckets" QuestId="28974" />

                    <!-- (5838,5) = Twilight Highlands, Bloodgulch -->
                    <!-- Depending on where you are in the Twilight Highlands quest line,
                         the candy bucket may be different places.
                         This is the location where the bucket resides when you have done
                         zero Twilight Highlands quests.  The auras we have on us
                         in this state are:
                         * See Quest Invis 18 (http://wowhead.com/spell=94477)
                         Will need to handle other locations when we figure out what the appropriate
                         auras are for the other states.
                    -->
                    <CustomBehavior File="Holiday\HallowsEnd-CandyBuckets" QuestId="28973" />

                    <!-- (5838,7) = Twilight Highlands, The Krazzworks -->
                    <!-- Depending on where you are in the Twilight Highlands quest line,
                         the candy bucket may be different places.
                         This is the location where the bucket resides when you have done
                         zero Twilight Highlands quests.  The auras we have on us
                         in this state are:
                         * See Quest Invis 11 (http://wowhead.com/spell=91868)
                         * See Quest Invis 13 (http://wowhead.com/spell=91898)
                         * See Quest Invis 14 (http://wowhead.com/spell=91947)
                         * See Quest Invis 18 (http://wowhead.com/spell=94477)
                         Will need to handle other locations when we figure out what the appropriate
                         auras are for the other states.
                    -->
                    <CustomBehavior File="Holiday\HallowsEnd-CandyBuckets" QuestId="28976" />
                </If>

                <!-- Achievement(967,1) = Arathi Highlands, Hammerfall -->
                <CustomBehavior File="Holiday\HallowsEnd-CandyBuckets" QuestId="12380" />

                <!-- Achievement(967,14) = The Hinterlands, Revantusk Village -->
                <CustomBehavior File="Holiday\HallowsEnd-CandyBuckets" QuestId="12387" />

                <!-- Achievement(967,13) = The Hinterlands, Hiri'watha Research Station -->
                <CustomBehavior File="Holiday\HallowsEnd-CandyBuckets" QuestId="28971" />

                <!-- Achievement(967,11) = Hillsbrad Foothills, Eastpoint Tower -->
                <CustomBehavior File="Holiday\HallowsEnd-CandyBuckets" QuestId="28962" />

                <!-- Achievement(967,12) = Hillsbrad Foothills, Tarren Mill -->
                <CustomBehavior File="Holiday\HallowsEnd-CandyBuckets" QuestId="12376" />

                <!-- Achievement(967,20) = Silverpine Forest, The Sepulcher -->
                <CustomBehavior File="Holiday\HallowsEnd-CandyBuckets" QuestId="12371" />

                <!-- Achievement(967,19) = Silverpine Forest, Forsaken Rear Guard -->
                <CustomBehavior File="Holiday\HallowsEnd-CandyBuckets" QuestId="28966" />

                <!-- Achievement(967,25) = Undercity, The Trade Quarter -->
                <!-- We need to help the bot get into and out of the Undercity... -->
                <If Condition="!IsQuestCompleted(12368)">
                    <MoveTo DestName="Undercity Bank area" X="1630.628" Y="239.6129" Z="-43.10249"/>
                    <CustomBehavior File="Holiday\HallowsEnd-CandyBuckets" QuestId="12368" />
                    <MoveTo DestName="out of Undercity"  X="1738.066" Y="257.4379" Z="62.01134" />
                </If>

                <!-- Achievement(967,23) = Tirisfal Glades, Brill -->
                <CustomBehavior File="Holiday\HallowsEnd-CandyBuckets" QuestId="12363" />

                <!-- Achievement(967,24) = Tirisfal Glades, The Bulwark -->
                <CustomBehavior File="Holiday\HallowsEnd-CandyBuckets" QuestId="28972" />

                <!-- Achievement(967,26) = Western Plaguelands, Andorhal -->
                <CustomBehavior File="Holiday\HallowsEnd-CandyBuckets" QuestId="28987" />

                <!-- Achievement(967,7) = Eastern Plaguelands, Light's Hope Chapel -->
                <CustomBehavior File="Holiday\HallowsEnd-CandyBuckets" QuestId="12402" />

                <!-- If we need to zone into Blood Elf area, do so... -->
                <If Condition="( Me.MapId == 0 ) &amp;&amp; Honorbuddy.Quest_Behaviors.HallowsEnd_CandyBuckets.HaveAnyQuestsOnMap(530)">
                    <CustomBehavior File="FlyTo" DestName="Stargate to Blood Elf area" AllowedVariance="25"
                                    X="3283.486" Y="-4453.292" Z="162.0962" />
                    <MoveTo Nav="Fly" DestName="Stargate to Blood Elf area"
                            X="3461.971" Y="-4470.39" Z="137.2498" />
                    <CustomBehavior File="GoThruPortal" X="3465.352" Y="-4475.219" Z="137.354" />
                </If>

                <!-- Achievement(967,10) = Ghostlands, Tranquillien -->
                <CustomBehavior File="Holiday\HallowsEnd-CandyBuckets" QuestId="12373" />

                <!-- Achievement(967,8) = Eversong Woods, Fairbreeze Village -->
                <CustomBehavior File="Holiday\HallowsEnd-CandyBuckets" QuestId="12365" />

                <!-- Achievement(967,9) = Eversong Woods, Falconwing Square -->
                <CustomBehavior File="Holiday\HallowsEnd-CandyBuckets" QuestId="12364" />

                <!-- Achievement(967,17) = Silvermoon City, The Bazaar -->
                <CustomBehavior File="Holiday\HallowsEnd-CandyBuckets" QuestId="12370" />

                <!-- Achievement(967,18) = Silvermoon City, The Royal Exchange -->
                <CustomBehavior File="Holiday\HallowsEnd-CandyBuckets" QuestId="12369" />


                <!-- If we're in Blood Elf area, take Orb of Translocation to Undercity... -->
                <If Condition="Me.MapId == 530">
                    <MoveTo Nav="Run" DestName="Orb of Translocation in Silvermoon City"
                            X="10043.03" Y="-7000.537" Z="61.98714"/>
                    <CustomBehavior File="InteractWith" MobId="184502"
                                    PreInteractMountStrategy="DismountOrCancelShapeshift"
                                    X="10032.36" Y="-7000.288" Z="61.30979" />
                    <CustomBehavior File="WaitTimer" WaitTime="4000" VariantTime="3000" />
                </If>

                <!-- If we're in Eastern Kingdoms, then take Blimp back to Orgrimmar... -->
                <If Condition="Me.MapId == 0">
                    <MoveTo Nav="Fly" DestName="Tirisfal Glades blimp tower"
                            X="2066.937" Y="286.9727" Z="97.0321" />
                    <CustomBehavior File="UseTransport" TransportId="164871"
                                    WaitAtX="2066.937" WaitAtY="286.9727" WaitAtZ="97.0321"
                                    TransportStartX="2062.376" TransportStartY="292.998" TransportStartZ="114.973"
                                    StandOnX="2067.816" StandOnY="294.7727" StandOnZ="97.22041"
                                    TransportEndX="1833.509" TransportEndY="-4391.543" TransportEndZ="152.7679"
                                    GetOffX="1840.926" GetOffY="-4391.46" GetOffZ="135.233" />
                </If>

                <!-- Move to one of the parking areas in Orgrimmar... -->
                <If Condition="Me.MapId == 1">
                    <CustomBehavior File="FlyTo" >
                        <DestinationChoices>
                            <Hotspot Name="by taxi" X="1783.135" Y="-4363.315" Z="102.6938" AllowedVariance="5" />
                            <Hotspot Name="by Varzok" X="1815.546" Y="-4409.744" Z="103.0266" AllowedVariance="10" />
                            <Hotspot Name="by north elevator" X="1850.41" Y="-4355.158" Z="103.2104" AllowedVariance="10" />
                        </DestinationChoices>
                    </CustomBehavior>
                </If>
            </If>
        </Else>
    </If>

    <EnableBehavior Name="Pull" />
    </QuestOrder>
</HBProfile>

<!-- Orgrimmar to Grom'gol Base Camp -->
<!--
<CustomBehavior File="UseTransport" TransportId="175080"
                WaitAtX="1864.492" WaitAtY="-4414.012" WaitAtZ="135.2331"
                TransportStartX="1880.818" TransportStartY="-4435.269" TransportStartZ="152.8608"
                StandOnX="1873.985" StandOnY="-4423.46" StandOnZ="135.0854"
                TransportEndX="-12464.34" TransportEndY="233.1597" TransportEndZ="49.53437"
                GetOffX="-12447.24" GetOffY="216.8994" GetOffZ="31.5489"  />
 -->

<!-- Grom'gol Base Camp to Orgrimmar -->
<!--
<CustomBehavior File="UseTransport" TransportId="175080"
                WaitAtX="-12447.24" WaitAtY="216.8994" WaitAtZ="31.5489"
                TransportStartX="-12464.34" TransportStartY="233.1597" TransportStartZ="49.53437"
                StandOnX="-12455.49" StandOnY="222.7797" StandOnZ="31.75893"
                TransportEndX="1880.818" TransportEndY="-4435.269" TransportEndZ="152.8608"
                GetOffX="1864.492" GetOffY="-4414.012" GetOffZ="135.2331" />
-->


<!-- Tirisfal Glades to Orgrimmar: Blimp -->
<!--
<CustomBehavior File="UseTransport" TransportId="164871"
                WaitAtX="2066.937" WaitAtY="286.9727" WaitAtZ="97.0321"
                TransportStartX="2062.376" TransportStartY="292.998" TransportStartZ="114.973"
                StandOnX="2067.816" StandOnY="294.7727" StandOnZ="97.22041"
                TransportEndX="1833.509" TransportEndY="-4391.543" TransportEndZ="152.7679"
                GetOffX="1840.926" GetOffY="-4391.46" GetOffZ="135.233" />
-->

<!-- Orgrimmar to Tirisfal Glades: Blimp -->
<!--
<CustomBehavior File="UseTransport" TransportId="164871"
                WaitAtX="1840.926" WaitAtY="-4391.46" WaitAtZ="135.233"
                TransportStartX="1833.509" TransportStartY="-4391.543" TransportStartZ="152.7679"
                StandOnX="1835.123" StandOnY="-4386.054" StandOnZ="135.0153"
                TransportEndX="2062.376" TransportEndY="292.998" TransportEndZ="114.973"
                GetOffX="2066.937" GetOffY="286.9727" GetOffZ="97.0321" />
-->

<!-- Tirisfal Glades to Grom'gol Base Camp: Blimp -->
<!--
<CustomBehavior File="UseTransport" TransportId="176495"
                WaitAtX="2059.427" WaitAtY="248.9169" WaitAtZ="99.76416"
                TransportStartX="2062.599" TransportStartY="235.2645" TransportStartZ="117.7336"
                StandOnX="2056.668" StandOnY="233.1074" StandOnZ="100.0225"
                TransportEndX="-12406.89" TransportEndY="211.8377" TransportEndZ="49.69844"
                GetOffX="-12413.72" GetOffY="206.9256" GetOffZ="31.52503" />
-->

<!-- Grom'gol Base Camp to Tirisfal Glades: Blimp -->
<!--
<CustomBehavior File="UseTransport" TransportId="176495"
                WaitAtX="-12413.72" WaitAtY="206.9256" WaitAtZ="31.52503"
                TransportEndX="-12406.89" TransportEndY="211.8377" TransportEndZ="49.69844"
                StandOnX="-12413.72" StandOnY="206.9256" StandOnZ="31.52503"
                TransportStartX="2062.599" TransportStartY="235.2645" TransportStartZ="117.7336"
                GetOffX="2059.427" GetOffY="248.9169" GetOffZ="99.76416" />
-->


<!-- Undercity to Silvermoon City: Orb of Translocation -->
<!--
<MoveTo Nav="Fly" DestName="Orb of Translocation in Undercity"
        X="1806.391" Y="334.1435" Z="70.3974" />
<CustomBehavior File="InteractWith" MobId="184503" PreInteractMountStrategy="DismountOrCancelShapeshift"
                X="1805.848" Y="348.8648" Z="70.87273" />
-->

<!-- Silvermoon City to Undercity: Orb of Translocation -->
<!--
<MoveTo Nav="Run" DestName="Orb of Translocation in Silvermoon City"
        X="10043.03" Y="-7000.537" Z="61.98714"/>
<CustomBehavior File="InteractWith" MobId="184502" PreInteractMountStrategy="DismountOrCancelShapeshift"
                X="10032.36" Y="-7000.288" Z="61.30979" />
-->

<!-- Eastern Kingdoms to Blood Elf area zone boundary -->
<!--
<MoveTo Nav="Fly" DestName="Stargate to Blood Elf area"
        X="3461.971" Y="-4470.39" Z="137.2498" />
<CustomBehavior File="GoThruPortal" X="3465.352" Y="-4475.219" Z="137.354" />
-->

<!-- Blood Elf area to Eastern Kingdoms zone boundary -->
<!--
<MoveTo Nav="Run" DestName="Stargate to Eastern Kingdoms"
        X="6133.736" Y="-7008.952" Z="140.8468" />
<CustomBehavior File"GoThruPortal" X="6128.427" Y="-7005.887" Z="139.4094" />
-->
