<HBProfile xsi:noNamespaceSchemaLocation="../../../Schemas/QuestProfileSchema.xsd" xmlns:xsi="http://www.w3.org/2001/XMLSchema-instance">
    <Name>DK BC to EK [Kick] ($Rev: 3521 $)</Name>
    <MinLevel>58</MinLevel>
    <MaxLevel>1001</MaxLevel>

    <MinDurability>0</MinDurability>
    <MinFreeBagSlots>0</MinFreeBagSlots>

    <MailGrey>false</MailGrey>
    <MailWhite>false</MailWhite>
    <MailGreen>true</MailGreen>
    <MailBlue>true</MailBlue>
    <MailPurple>true</MailPurple>

    <SellGrey>true</SellGrey>
    <SellWhite>true</SellWhite>
    <SellGreen>true</SellGreen>
    <SellBlue>false</SellBlue>
    <SellPurple>false</SellPurple>

    <Blackspots>
        <Blackspot X="-8862.166" Y="637.9529" Z="96.27942" Radius="3" />
        <Blackspot X="-8825.209" Y="629.1733" Z="94.38562" Radius="15" />
    </Blackspots>

    <QuestOrder>
        <If Condition="Me.MapId == 530">
            <While Condition="Me.ZoneId != 139">
                <CustomBehavior File="ForcedDismount" />
                <CustomBehavior File="Misc\RunLua" Lua="CastSpellByID(50977)" />
                <CustomBehavior File="WaitTimer" WaitTime="12000" GoalText="Waiting for port {TimeRemaining}" />
                <CustomBehavior File="InteractWith" MobId="190942" Range="6" WaitForNpcs="false" />
                <CustomBehavior File="WaitTimer" WaitTime="5000" GoalText="Waiting for port {TimeRemaining}" />
            </While>
        </If>

        <If Condition="Me.ZoneId == 139">
            <ClearVendor />

            <CustomBehavior File="ForceSetVendor" />
            <CustomBehavior File="WaitTimer" WaitTime="5000" GoalText="Waiting to Train  {TimeRemaining}" />
            <ClearVendor />

            <CustomBehavior File="UserSettings" UseFlightPaths="true" />
            <CustomBehavior File="InteractWith" MobId="29480" X="2348.626" Y="-5669.289" Z="382.2406" />

            <If Condition="Me.IsAlliance &amp;&amp; ( Me.MapId == 0 )">
                <MoveTo X="-8290.925" Y="1405.826" Z="4.721312" />
            </If>
            <CustomBehavior File="UserSettings" UseFlightPaths="false" />
        </If>

        <If Condition="Me.MapId == 0">
            <If Condition="!HasQuest(28709) &amp;&amp; !IsQuestCompleted(28709)">
                <CustomBehavior File="FlyTo" X="-8829.578" Y="625.59" Z="94.23041" DestName="SW" />
                <CustomBehavior File="ForcedDismount" />
                <PickUp QuestName="Hero's Call: Northrend!" QuestId="28709" GiverName="Hero's Call Board"
                        GiverId="206111" GiverType="Object" X="-8825.209" Y="629.1733" Z="94.38562" />
            </If>
        </If>

        <CustomBehavior File="FlyTo" X="-8290.925" Y="1405.826" Z="4.721312" DestName="SW dock" />
        <CustomBehavior File="ForcedDismount" />
        <CustomBehavior File="LoadProfile" ProfileName="..\GoTo\DK EK to LK" />

    </QuestOrder>

</HBProfile>
