<HBProfile xsi:noNamespaceSchemaLocation="../../../Schemas/QuestProfileSchema.xsd" xmlns:xsi="http://www.w3.org/2001/XMLSchema-instance">
    <Name>Argent Tournament Rep - H [Kick/bob2k/qjao] ($Rev: 3547 $)</Name>

    <MinLevel>1</MinLevel>
    <MaxLevel>1001</MaxLevel>

    <MinDurability>0.2</MinDurability>
    <MinFreeBagSlots>2</MinFreeBagSlots>

    <MailGrey>false</MailGrey>
    <MailWhite>false</MailWhite>
    <MailGreen>false</MailGreen>
    <MailBlue>true</MailBlue>
    <MailPurple>true</MailPurple>

    <SellGrey>true</SellGrey>
    <SellWhite>true</SellWhite>
    <SellGreen>true</SellGreen>
    <SellBlue>false</SellBlue>
    <SellPurple>false</SellPurple>

    <TargetElites>true</TargetElites>

    <AvoidMobs>
    </AvoidMobs>
    <Blackspots>
    </Blackspots>
    <Mailboxes>
        <Mailbox X="8452.138" Y="684.5643" Z="547.2927" />
    </Mailboxes>
    <Vendors>
        <Vendor Name="Brollen Wheatbeard" Id="33599" Type="Repair" X="8548.112" Y="933.3629" Z="547.2943" />
    </Vendors>

    <Quest Id="13663" Name="The Black Knight's Orders">
        <Objective Type="CollectItem" ItemId="45121" CollectCount="1">
            <CollectFrom>
            </CollectFrom>
            <Hotspots>
                <Hotspot X="9066.61" Y="2051.535" Z="67.22173" />
            </Hotspots>
        </Objective>
        <Objective Type="CollectItem" ItemId="45122" CollectCount="1">
            <CollectFrom>
            </CollectFrom>
            <Hotspots>
                <Hotspot X="9066.61" Y="2051.535" Z="67.22173" />
            </Hotspots>
        </Objective>
    </Quest>

    <Quest Id="13676" Name="Training In The Field">
        <Objective Type="KillMob" MobId="33192" KillCount="8">
            <Hotspots>
                <Hotspot X="7810.625" Y="1227.539" Z="439.7846" />
                <Hotspot X="7868.898" Y="1223.998" Z="442.9734" />
                <Hotspot X="7857.161" Y="1176.814" Z="443.8346" />
                <Hotspot X="7771.599" Y="1186.907" Z="441.3311" />
                <Hotspot X="7704.646" Y="1136.702" Z="439.5026" />
                <Hotspot X="7712.535" Y="1050" Z="445.3232" />
                <Hotspot X="7755.188" Y="979.4233" Z="447.5201" />
                <Hotspot X="7821.679" Y="978.1979" Z="449.936" />
                <Hotspot X="7895.965" Y="1037.567" Z="451.4633" />
                <Hotspot X="7905.955" Y="1118.826" Z="447.4406" />
                <Hotspot X="7926.466" Y="1177.508" Z="458.2458" />
                <Hotspot X="7837.843" Y="1226.768" Z="439.6945" />
            </Hotspots>
        </Objective>
    </Quest>

    <QuestOrder>
        <!-- http://www.wowhead.com/blog=80946/argent-tournament-guide -->

        <If Condition="Me.IsAlliance" >
            <CustomBehavior File="UserDialog"  Title="title" AllowBotStop="true" SoundCue="Asterisk" SoundCueInterval="2" Text="You must be Horde to run this profile" />
        </If>

        <If Condition="Me.MapId == 1">
            <CustomBehavior File="FlyTo" X="1768.656" Y="-4343.217" Z="102.0792" />
            <CustomBehavior File="ForcedDismount" />
            <CustomBehavior File="Message" Text="Running to Org Zepp to Borean" LogColor="Cornflowerblue" />
            <MoveTo X="1763.389" Y="-4283.858" Z="133.1073" />
            <CustomBehavior File="Message" Text="Waiting for Org Zepp to Borean - don't interact!" LogColor="Orange" />
            <CustomBehavior File="UseTransport"
                TransportId="186238"
                WaitAtX="1763.203" WaitAtY="-4284.529" WaitAtZ="133.1072"
                TransportStartX="1775.066" TransportStartY="-4299.745" TransportStartZ="151.0326"
                StandOnX="1770.22" StandOnY="-4292.056" StandOnZ="133.1872"
                TransportEndX="2837.908" TransportEndY="6187.443" TransportEndZ="140.1648"
                GetOffX="2836.831" GetOffY="6185.15" GetOffZ="121.9923"
            />
        </If>

        <If Condition="Me.MapId == 0">
            <CustomBehavior File="FlyTo" X="2036.99" Y="299.9215" Z="54.13479" />
            <CustomBehavior File="ForcedDismount" />
            <CustomBehavior File="Message" Text="Running to Howling Fjord Zepp from UC" LogColor="Cornflowerblue" />
            <MoveTo X="2060.931" Y="361.9963" Z="82.50146" />
            <CustomBehavior File="Message" Text="Waiting for Zepp to Howling Fjord - don't interact!" LogColor="Orange" />
            <CustomBehavior File="UseTransport"
                TransportId="181689"
                WaitAtX="2060.931" WaitAtY="361.9963" WaitAtZ="82.50146"
                TransportStartX="2056.493" TransportStartY="381.6347" TransportStartZ="100.362"
                StandOnX="2058.682" StandOnY="371.8202" StandOnZ="82.52834"
                TransportEndX="1989.353" TransportEndY="-6082.776" TransportEndZ="85.59646"
                GetOffX="1975.661" GetOffY="-6097.837" GetOffZ="67.15333"
            />
        </If>

        <CustomBehavior File="Message" Text="Disabling AE2" LogColor="Orange" />
        <CustomBehavior File="UserSettings" AutoEquip="false" />

        <LootMobs Value="true" />
        <UseMount Value="true" />

            <!-- Non repeatable quests -->
            <If Condition="!HasQuest(13668) &amp;&amp; !IsQuestCompleted(13668)" >
                <CustomBehavior File="FlyTo" X="8485.399" Y="1053.806" Z="550.0589" />
                <CustomBehavior File="ForcedDismount" />
        <PickUp QuestName="The Argent Tournament" QuestId="13668" GiverName="Justicar Mariel trueheart" GiverId="33817" />
            </If>
            <If Condition="HasQuest(13668) &amp;&amp; IsQuestCompleted(13668)" >
                <CustomBehavior File="FlyTo" X="8452.105" Y="691.5146" Z="547.2927" />
                <CustomBehavior File="ForcedDismount" />
        <TurnIn QuestName="The Argent Tournament" QuestId="13668" TurnInName="Magister Edien Sunhollow" TurnInId="33542" />
            </If>

        <PickUp QuestName="Mastery Of Melee" QuestId="13829" GiverName="Magister Edien Sunhollow" GiverId="33542" />
        <PickUp QuestName="Mastery Of The Charge" QuestId="13839" GiverName="Amariel Sunsworn" GiverId="33658" />
        <PickUp QuestName="Mastery Of The Shield-Breaker" QuestId="13838" GiverName="Galathia Brightdawn" GiverId="33659" />

        <If Condition="HasQuest(13829) &amp;&amp; !IsQuestCompleted(13829)" >

            <If Condition="!HasItem(46070)" >
                <CustomBehavior File="FlyTo" X="8588.148" Y="939.2567" Z="548.856" />
                <CustomBehavior File="ForcedDismount" />
                <!-- get id of lance rack -->
                <CustomBehavior File="InteractWith" MobId="194622" CollectionDistance="50" X="8588.148" Y="939.2567" Z="548.856" />
            </If>

            <CustomBehavior File="FlyTo" X="8588.148" Y="939.2567" Z="548.856" />
            <CustomBehavior File="ForcedDismount" />
            <While Condition="HasQuest(13829) &amp;&amp; !IsObjectiveComplete(1,13829)" >
                <CustomBehavior File="InteractWith" QuestId="13829" MobId="33973" InteractByGossipOptions="1" X="8620.392" Y="899.6146" Z="545.0942" />
            </While>
            <CustomBehavior File="EquipItem" ItemId="46070" />
            <CustomBehavior File="Vehicles\MountVehOnly" VehicleMountId="33842" X="8591.69" Y="938.7516" Z="548.7326" />
            <MoveTo X="8617.684" Y="898.5101" Z="546.9606" />
            <CustomBehavior File="InteractWith" QuestId="13828" MobId="33973" InteractByGossipOptions="1"
                            CollectionDistance="50" X="8618.139" Y="897.5522" Z="546.9598" />
            <MoveTo X="8620.769" Y="908.1838" Z="546.9696" />
            <CustomBehavior File="RunMacro" Macro="/tar Melee Target" />

            <While Condition="HasQuest(13829) &amp;&amp; !IsObjectiveComplete(2,13829)" >
                <CustomBehavior File="Misc\RunLua" Lua="CastSpellByID(62552)" WaitTime="4000" NumOfTimes="3" />
                <CustomBehavior File="Misc\RunLua" Lua="CastSpellByID(62544)" />
                <CustomBehavior File="Misc\RunLua" Lua="CastSpellByID(62552)" />
                <CustomBehavior File="Misc\RunLua" Lua="CastSpellByID(62544)" />
                <CustomBehavior File="Misc\RunLua" Lua="CastSpellByID(62552)" />
                <CustomBehavior File="Misc\RunLua" Lua="CastSpellByID(62544)" />
                <CustomBehavior File="Misc\RunLua" Lua="CastSpellByID(62552)" />
                <CustomBehavior File="Misc\RunLua" Lua="CastSpellByID(62544)" />
                <CustomBehavior File="Misc\RunLua" Lua="CastSpellByID(62552)" />
                <CustomBehavior File="Misc\RunLua" Lua="CastSpellByID(62544)" />
            </While>

            <CustomBehavior File="WaitTimer" WaitTime="3000" />
            <CustomBehavior File="EjectVeh" />

        </If>

        <If Condition="HasQuest(13838) &amp;&amp; !IsQuestCompleted(13838)" >

            <If Condition="!HasItem(46070)" >
                <CustomBehavior File="FlyTo" X="8588.148" Y="939.2567" Z="548.856" />
                <CustomBehavior File="ForcedDismount" />
                <CustomBehavior File="InteractWith"  MobId="194622" CollectionDistance="50" X="8588.148" Y="939.2567" Z="548.856" />
            </If>

            <CustomBehavior File="FlyTo" X="8588.148" Y="939.2567" Z="548.856" />
            <CustomBehavior File="ForcedDismount" />
            <CustomBehavior File="EquipItem" ItemId="46070" />
            <CustomBehavior File="Vehicles\MountVehOnly" VehicleMountId="33842" X="8591.69" Y="938.7516" Z="548.7326" />
            <MoveTo X="8622.397" Y="856.3959" Z="546.96" />
            <While Condition="HasQuest(13838) &amp;&amp; !IsObjectiveComplete(1,13838)" >
                <CustomBehavior File="InteractWith" QuestId="13829" MobId="33974" InteractByGossipOptions="1" X="8622.985" Y="853.1678" Z="545.0941" />
            </While>
            <MoveTo X="8616.023" Y="889.2153" Z="546.9594" />
            <MoveTo X="8627.373" Y="868.8736" Z="546.9599" />
            <CustomBehavior File="RunMacro" Macro="/tar Ranged Target" />
            <CustomBehavior File="Misc\RunLua" Lua="CastSpellByID(62575)" NumOfTimes="10" />
            <CustomBehavior File="EjectVeh" />

        </If>

        <If Condition="HasQuest(13839) &amp;&amp; !IsQuestCompleted(13839)" >

            <If Condition="!HasItem(46070)" >
                <CustomBehavior File="FlyTo" X="8588.148" Y="939.2567" Z="548.856" />
                <CustomBehavior File="ForcedDismount" />
                <CustomBehavior File="InteractWith"  MobId="194622" CollectionDistance="50" X="8588.148" Y="939.2567" Z="548.856" />
            </If>

            <CustomBehavior File="FlyTo" X="8588.148" Y="939.2567" Z="548.856" />
            <CustomBehavior File="ForcedDismount" />
            <CustomBehavior File="EquipItem" ItemId="46070" />
            <CustomBehavior File="Vehicles\MountVehOnly" VehicleMountId="33842" X="8591.69" Y="938.7516" Z="548.7326" />
            <MoveTo X="8634.643" Y="884.7522" Z="546.9652" />
            <While Condition="HasQuest(13839) &amp;&amp; !IsObjectiveComplete(1,13839)" >
                <CustomBehavior File="InteractWith" QuestId="13839" MobId="33972" InteractByGossipOptions="1"
                                CollectionDistance="50" X="8634.643" Y="884.7522" Z="546.9652" />
            </While>
            <MoveTo X="8597.623" Y="868.1798" Z="550.3389" />
            <MoveTo X="8626.404" Y="875.8491" Z="546.96" />

            <While Condition="HasQuest(13839) &amp;&amp; !IsQuestCompleted(13839)" >
                <CustomBehavior File="RunMacro" Macro="/tar Charge Target" />
                <CustomBehavior File="Misc\RunLua" Lua="CastSpellByID(62575)" NumOfTimes="2" />
                <CustomBehavior File="Misc\RunLua" Lua="CastSpellByID(62960)" />
                <MoveTo X="8597.623" Y="868.1798" Z="550.3389" />
                <MoveTo X="8626.404" Y="875.8491" Z="546.96" />
                <CustomBehavior File="Misc\RunLua" Lua="CastSpellByID(62960)" />
                <MoveTo X="8597.623" Y="868.1798" Z="550.3389" />
            </While>

            <CustomBehavior File="EjectVeh" />

        </If>

        <If Condition="HasQuest(13838) &amp;&amp; IsQuestCompleted(13838)" >
            <CustomBehavior File="FlyTo"  X="8452.105" Y="691.5146" Z="547.2927" />
            <CustomBehavior File="ForcedDismount" />
        </If>

        <TurnIn QuestName="Mastery Of The Shield-Breaker" QuestId="13838" TurnInName="Galathia Brightdawn" TurnInId="33659" />
        <TurnIn QuestName="Mastery Of The Charge" QuestId="13839" TurnInName="Amariel Sunsworn" TurnInId="33658" />
        <TurnIn QuestName="Mastery Of Melee" QuestId="13829" TurnInName="Magister Edien Sunhollow" TurnInId="33542" />
        <PickUp QuestName="Up To The Challenge" QuestId="13678" GiverName="Magister Edien Sunhollow" GiverId="33542" />

        <If Condition="!HasQuest(13634) &amp;&amp; !IsQuestCompleted(13634)" >
            <CustomBehavior File="FlyTo" X="8486.574" Y="1054.364" Z="549.9982" />
            <CustomBehavior File="ForcedDismount" />
            <PickUp QuestName="The Black Knight of Silverpine?" QuestId="13634" GiverName="Crusader Rhydalla" GiverId="33417" />
        </If>

        <If Condition="HasQuest(13634) &amp;&amp; !IsQuestCompleted(13634)" >

            <If Condition="Me.MapId == 571" >
                <CustomBehavior File="FlyTo" X="1950.747" Y="-6125.631" Z="24.99712" />
                <CustomBehavior File="Message" Text="Running to UC Zepp from Howling Fjord" LogColor="Cornflowerblue" />
                <MoveTo X="1975.661" Y="-6097.837" Z="67.15333" />
                <CustomBehavior File="Message" Text="Waiting for Zepp UC - don't interact!" LogColor="Orange" />
                <CustomBehavior File="UseTransport"
                    TransportId="181689"
                    WaitAtX="1975.661" WaitAtY="-6097.837" WaitAtZ="67.15333"
                    TransportStartX="1989.353" TransportStartY="-6082.776" TransportStartZ="85.59646"
                    StandOnX="1981.89" StandOnY="-6090.596" StandOnZ="67.73871"
                    TransportEndX="2056.493" TransportEndY="381.6347" TransportEndZ="100.362"
                    GetOffX="2060.931" GetOffY="361.9963" GetOffZ="82.50146"
                />
            </If>

            <CustomBehavior File="UserSettings" UseFlightPaths="false" />

            <If Condition="Me.MapId == 0">
                <CustomBehavior File="FlyTo" X="896.1927" Y="1233.222" Z="46.77717" />
                <CustomBehavior File="ForcedDismount" />
                <MoveTo X="880.3926" Y="1220.556" Z="47.83696" />
                <Objective QuestName="The Black Knight of Silverpine?" QuestId="13634" Type="CollectItem" ItemId="45062" CollectCount="1" />
                <CustomBehavior File="InteractWith" QuestId="13634" MobId="194341" CollectionDistance="50" X="-11024.59" Y="1541.981" Z="44.25169" />
            </If>

        </If>

        <If Condition="HasQuest(13634) &amp;&amp; IsQuestCompleted(13634)" >

            <If Condition="Me.MapId == 0" >
                <CustomBehavior File="FlyTo" X="2036.99" Y="299.9215" Z="54.13479" />
                <CustomBehavior File="Message" Text="Running to Howling Fjord Zepp from UC" LogColor="Cornflowerblue" />
                <MoveTo X="2060.931" Y="361.9963" Z="82.50146" />
                <CustomBehavior File="Message" Text="Waiting for Zepp to Howling Fjord - don't interact!" LogColor="Orange" />
                <CustomBehavior File="UseTransport"
                    TransportId="181689"
                    WaitAtX="2060.931" WaitAtY="361.9963" WaitAtZ="82.50146"
                    TransportStartX="2056.493" TransportStartY="381.6347" TransportStartZ="100.362"
                    StandOnX="2058.682" StandOnY="371.8202" StandOnZ="82.52834"
                    TransportEndX="1989.353" TransportEndY="-6082.776" TransportEndZ="85.59646"
                    GetOffX="1975.661" GetOffY="-6097.837" GetOffZ="67.15333"
                />
            </If>

            <If Condition="Me.MapId == 571" >
                <CustomBehavior File="FlyTo" X="8486.574" Y="1054.364" Z="549.9982" />
                <CustomBehavior File="ForcedDismount" />
                <TurnIn QuestName="The Black Knight of Silverpine?" QuestId="13634" TurnInName="Crusader Rhydalla" TurnInId="33417" />
            </If>

        </If>

        <PickUp QuestName="The Seer's Crystal" QuestId="13641" GiverName="Crusader Rhydalla" GiverId="33417" />

        <If Condition="HasQuest(13641) &amp;&amp; !IsQuestCompleted(13641)" >
            <CustomBehavior File="FlyTo" X="5811.514" Y="186.6066" Z="177.8063" />
            <CustomBehavior File="ForcedDismount" />
            <Objective QuestName="The Seer's Crystal" QuestId="13641" Type="CollectItem" ItemId="45064" CollectCount="1" />
        </If>

        <If Condition="HasQuest(13641) &amp;&amp; IsQuestCompleted(13641)" >
            <CustomBehavior File="FlyTo" X="8486.574" Y="1054.364" Z="549.9982" />
            <CustomBehavior File="ForcedDismount" />
        </If>

        <TurnIn QuestName="The Seer's Crystal" QuestId="13641" TurnInName="Crusader Rhydalla" TurnInId="33417" />
        <PickUp QuestName="The Stories Dead Men Tell" QuestId="13643" GiverName="Crusader Rhydalla" GiverId="33417" />

        <If Condition="HasQuest(13643) &amp;&amp; !IsQuestCompleted(13643)" >
            <CustomBehavior File="FlyTo" X="8464.422" Y="457.2478" Z="596.0725" />
            <CustomBehavior File="ForcedDismount" />
            <Objective QuestName="The Stories Dead Men Tell" QuestId="13643" Type="UseObject" ObjectId="194537" UseCount="1" />
            <Objective QuestName="The Stories Dead Men Tell" QuestId="13643" Type="UseObject" ObjectId="194539" UseCount="1" />
            <Objective QuestName="The Stories Dead Men Tell" QuestId="13643" Type="UseObject" ObjectId="194538" UseCount="1" />
        </If>

        <If Condition="HasQuest(13643) &amp;&amp; IsQuestCompleted(13643)" >
            <CustomBehavior File="FlyTo" X="8486.574" Y="1054.364" Z="549.9982" />
            <CustomBehavior File="ForcedDismount" />
        </If>

        <TurnIn QuestName="The Stories Dead Men Tell" QuestId="13643" TurnInName="Crusader Rhydalla" TurnInId="33417" />
        <PickUp QuestName="There's Something About the Squire" QuestId="13654" GiverName="Crusader Rhydalla" GiverId="33417" />

        <While Condition="HasQuest(13654) &amp;&amp; !IsQuestCompleted(13654)" >
            <CustomBehavior File="FlyTo" X="5437.461" Y="420.8548" Z="167.9468" />
            <CustomBehavior File="ForcedDismount" />
            <Objective QuestName="There's Something About the Squire" QuestId="13654" Type="CollectItem" ItemId="45080" CollectCount="1" />
            <MoveTo X="5422.74" Y="403.7679" Z="167.9472" />
            <MoveTo X="5423.656" Y="401.789" Z="167.9469" />
            <CustomBehavior File="InteractWith" QuestId="13654" MobId="33498" MobState="Alive"
                            InteractByUsingItemId="45080" Range="1" CollectionDistance="50"
                            X="5422.687" Y="403.9399" Z="167.9472" />
            <CustomBehavior File="InteractWith" QuestId="13654" MobId="33498" CollectionDistance="1"
                            X="5427.857" Y="401.0826" Z="167.9483" />
            <CustomBehavior File="UserDialog" QuestId="13654" AllowBotStop="true" SoundCue="Asterisk" SoundCueInterval="2" Text="You might need to manually search (right click on) Maloric after he's stuneed...\n(Just if it didn`t did it yet)" />
            <CustomBehavior File="WaitTimer" WaitTime="5000" />
        </While>

        <If Condition="HasQuest(13654) &amp;&amp; IsQuestCompleted(13654)" >
            <CustomBehavior File="FlyTo" X="8486.574" Y="1054.364" Z="549.9982" />
            <CustomBehavior File="ForcedDismount" />
        </If>

        <TurnIn QuestName="There's Something About the Squire" QuestId="13654" TurnInName="Crusader Rhydalla" TurnInId="33417" />
        <PickUp QuestName="The Black Knight's Orders" QuestId="13663" GiverName="Crusader Rhydalla" GiverId="33417" />

        <If Condition="HasQuest(13663) &amp;&amp; !IsQuestCompleted(13663)" >
            <CustomBehavior File="FlyTo" X="8523.047" Y="564.4668" Z="553.7081" />
            <CustomBehavior File="ForcedDismount" />
            <UseItem QuestId="13663" ItemId="45083" X="8523.047" Y="564.4668" Z="553.7081" />
            <CustomBehavior File="WaitTimer" WaitTime="90000" />
            <Objective QuestName="The Black Knight's Orders" QuestId="13663" Type="CollectItem" ItemId="45121" CollectCount="1" />
            <Objective QuestName="The Black Knight's Orders" QuestId="13663" Type="CollectItem" ItemId="45122" CollectCount="1" />
        </If>

        <If Condition="HasQuest(13663) &amp;&amp; IsQuestCompleted(13663)" >
            <CustomBehavior File="FlyTo" X="8486.574" Y="1054.364" Z="549.9982" />
            <CustomBehavior File="ForcedDismount" />
        </If>

        <TurnIn QuestName="The Black Knight's Orders" QuestId="13663" TurnInName="Crusader Rhydalla" TurnInId="33417" />
        <!-- http://www.wowhead.com/quest=13664 requires Champion -->

        <If Condition="!HasQuest(13721) &amp;&amp; !HasQuest(13719) &amp;&amp; !HasQuest(13720) &amp;&amp; !HasQuest(13697) &amp;&amp; !HasQuest(13722)"
        >

                <If Condition="!HasQuest(13676) &amp;&amp; !IsQuestCompleted(13676)" >
                    <CustomBehavior File="FlyTo"  X="8452.105" Y="691.5146" Z="547.2927" />
                    <CustomBehavior File="ForcedDismount" />
                </If>
            <PickUp QuestName="Training In The Field" QuestId="13676" GiverName="Amariel Sunsworn" GiverId="33658" />
            <PickUp QuestName="Learning The Reins" QuestId="13677" GiverName="Galathia Brightdawn" GiverId="33659" />

            <While Condition="HasQuestAvailable(33542)" >
                <CustomBehavior File="InteractWith"  MobId="33542" CollectionDistance="200"
                                X="8452.105" Y="691.5146" Z="547.2927" />
                <CustomBehavior File="RunMacro" Macro="/click GossipTitleButton1" />
                <CustomBehavior File="RunMacro" Macro="/click QuestFrameAcceptButton" />
            </While>

            <While Condition="HasQuest(13677) &amp;&amp; !IsQuestCompleted(13677)" >

                <If Condition="!HasItem(46070)" >
                    <CustomBehavior File="FlyTo" X="8588.148" Y="939.2567" Z="548.856" />
                    <CustomBehavior File="ForcedDismount" />
                    <CustomBehavior File="InteractWith"  MobId="194622" CollectionDistance="50" X="8588.148" Y="939.2567" Z="548.856" />
                </If>

             <If Condition="HasQuest(13677) &amp;&amp; !IsObjectiveComplete(1,13677)">
                <CustomBehavior File="FlyTo" X="8594.644" Y="942.6311" Z="548.3071" />
                <CustomBehavior File="ForcedDismount" />
                <CustomBehavior File="EquipItem" ItemId="46070" />
                <CustomBehavior File="Vehicles\MountVehOnly" VehicleMountId="33842" X="8591.69" Y="938.7516" Z="548.7326" />
                <MoveTo X="8617.684" Y="898.5101" Z="546.9606" />
                <MoveTo X="8620.769" Y="908.1838" Z="546.9696" />

             <While Condition="HasQuest(13677) &amp;&amp; !IsObjectiveComplete(1,13677)">
                <CustomBehavior File="RunMacro" Macro="/tar Melee Target" WaitTime="1000" />
                <CustomBehavior File="Misc\RunLua" Lua="CastSpellByID(62552)" WaitTime="4000" NumOfTimes="3" />
                <CustomBehavior File="Misc\RunLua" Lua="CastSpellByID(62544)" />
                <CustomBehavior File="Misc\RunLua" Lua="CastSpellByID(62552)" />
                <CustomBehavior File="Misc\RunLua" Lua="CastSpellByID(62544)" />
                <CustomBehavior File="Misc\RunLua" Lua="CastSpellByID(62552)" />
                <CustomBehavior File="Misc\RunLua" Lua="CastSpellByID(62544)" />
                <CustomBehavior File="Misc\RunLua" Lua="CastSpellByID(62552)" />
                <CustomBehavior File="Misc\RunLua" Lua="CastSpellByID(62544)" />
                <CustomBehavior File="Misc\RunLua" Lua="CastSpellByID(62552)" />
                <CustomBehavior File="Misc\RunLua" Lua="CastSpellByID(62544)" />
                <CustomBehavior File="Misc\RunLua" Lua="CastSpellByID(62552)" />
                <CustomBehavior File="Misc\RunLua" Lua="CastSpellByID(62544)" />
                <CustomBehavior File="WaitTimer" WaitTime="3000" />
             </While>
                <CustomBehavior File="EjectVeh" />
             </If>

             <If Condition="HasQuest(13677) &amp;&amp; !IsObjectiveComplete(2,13677)">
                <CustomBehavior File="FlyTo" X="8594.644" Y="942.6311" Z="548.3071" />
                <CustomBehavior File="ForcedDismount" />
                <CustomBehavior File="EquipItem" ItemId="46070" Slot="MainHandSlot" />
                <CustomBehavior File="Vehicles\MountVehOnly" VehicleMountId="33842" X="8591.69" Y="938.7516" Z="548.7326" />
             <While Condition="HasQuest(13677) &amp;&amp; !IsObjectiveComplete(2,13677)">
                <MoveTo X="8622.397" Y="856.3959" Z="546.96" />
                <MoveTo X="8616.023" Y="889.2153" Z="546.9594" />
                <MoveTo X="8627.373" Y="868.8736" Z="546.9599" />
                <CustomBehavior File="RunMacro" Macro="/tar Ranged Target" />
                <CustomBehavior File="Misc\RunLua" Lua="CastSpellByID(62575)" NumOfTimes="10" />
             </While>
                <CustomBehavior File="EjectVeh" />
             </If>

             <If Condition="HasQuest(13677) &amp;&amp; !IsObjectiveComplete(3,13677)">
                <CustomBehavior File="FlyTo" X="8594.644" Y="942.6311" Z="548.3071" />
                <CustomBehavior File="ForcedDismount" />
                <CustomBehavior File="EquipItem" ItemId="46070" Slot="MainHandSlot" />
                <CustomBehavior File="Vehicles\MountVehOnly" VehicleMountId="33842" X="8591.69" Y="938.7516" Z="548.7326" />
             <While Condition="HasQuest(13677) &amp;&amp; !IsObjectiveComplete(3,13677)">
                <MoveTo X="8634.643" Y="884.7522" Z="546.9652" />
                <MoveTo X="8597.623" Y="868.1798" Z="550.3389" />
                <MoveTo X="8626.404" Y="875.8491" Z="546.96" />
                <CustomBehavior File="RunMacro" Macro="/tar Charge Target" />
                <CustomBehavior File="Misc\RunLua" Lua="CastSpellByID(62575)" NumOfTimes="2" />
                <CustomBehavior File="Misc\RunLua" Lua="CastSpellByID(62960)" />
                <MoveTo X="8597.623" Y="868.1798" Z="550.3389" />
                <MoveTo X="8626.404" Y="875.8491" Z="546.96" />
                <CustomBehavior File="Misc\RunLua" Lua="CastSpellByID(62575)" />
                <CustomBehavior File="Misc\RunLua" Lua="CastSpellByID(62960)" />
             </While>
                <CustomBehavior File="EjectVeh" />
                <CustomBehavior File="WaitTimer" WaitTime="3000" />
             </If>

            </While>

            <If Condition="HasQuest(13676) &amp;&amp; !IsQuestCompleted(13676)" >
                <CustomBehavior File="FlyTo" X="7810.625" Y="1227.539" Z="439.7846" />
                <CustomBehavior File="ForcedDismount" />
                <Objective QuestName="Training In The Field" QuestId="13676" Type="KillMob" MobId="33192" KillCount="8" />
            </If>

            <If Condition="HasQuest(13673) &amp;&amp; !IsQuestCompleted(13673)" >
                <CustomBehavior File="FlyTo" X="3803.127" Y="-4349.656" Z="180.808" />
                <CustomBehavior File="ForcedDismount" />

                <While Condition="HasQuest(13673) &amp;&amp; !IsQuestCompleted(13673)" >
                    <CustomBehavior File="Misc\RunLua" Lua="UseItemByName(&quot;item:44986&quot;)" />
                    <CustomBehavior File="RunMacro" Macro="/tar Lake Frog\n/kiss\n/cleartarget" WaitTime="10000" />
                    <CustomBehavior File="InteractWith" MobId="33224" InteractByGossipOptions="1" WaitForNpcs="false"
                                    CollectionDistance="100" X="3819.208" Y="-4361.081" Z="182.1844" />
                </While>

            </If>

            <If Condition="HasQuest(13674) &amp;&amp; !IsQuestCompleted(13674)" >
                <While Condition="HasQuest(13674) &amp;&amp; !IsQuestCompleted(13674) &amp;&amp; ( GetItemCount(45000) &lt; 4 )" >
                    <CustomBehavior File="FlyTo" X="6201.714" Y="973.8531" Z="164.7364" />

                    <CustomBehavior File="FlyTo" X="6138.642" Y="1001.314" Z="148.1539" />
                    <CustomBehavior File="ForcedDismount" />
                    <CustomBehavior File="InteractWith" QuestId="13674" MobId="194213" WaitForNpcs="false" CollectionDistance="10" X="6138.642" Y="1001.314" Z="148.1539" />
                    <CustomBehavior File="FlyTo" X="6224.009" Y="1042.302" Z="148.2521" />
                    <CustomBehavior File="ForcedDismount" />
                    <CustomBehavior File="InteractWith" QuestId="13674" MobId="194213" WaitForNpcs="false" CollectionDistance="10" X="6224.009" Y="1042.302" Z="148.2521" />
                    <CustomBehavior File="FlyTo" X="6259.771" Y="995.2029" Z="149.3356" />
                    <CustomBehavior File="ForcedDismount" />
                    <CustomBehavior File="InteractWith" QuestId="13674" MobId="194213" WaitForNpcs="false" CollectionDistance="10" X="6259.771" Y="995.2029" Z="149.3356" />
                    <CustomBehavior File="FlyTo" X="6283.216" Y="974.5555" Z="159.504" />
                    <CustomBehavior File="ForcedDismount" />
                    <CustomBehavior File="InteractWith" QuestId="13674" MobId="194213" WaitForNpcs="false" CollectionDistance="10" X="6283.216" Y="974.5555" Z="159.504" />
                    <CustomBehavior File="FlyTo" X="6284.188" Y="917.3234" Z="150.0614" />
                    <CustomBehavior File="ForcedDismount" />
                    <CustomBehavior File="InteractWith" QuestId="13674" MobId="194213" WaitForNpcs="false" CollectionDistance="10" X="6284.188" Y="917.3234" Z="150.0614" />
                    <CustomBehavior File="FlyTo" X="6309.871" Y="880.2228" Z="149.0663" />
                    <CustomBehavior File="ForcedDismount" />
                    <CustomBehavior File="InteractWith" QuestId="13674" MobId="194213" WaitForNpcs="false" CollectionDistance="10" X="6309.871" Y="880.2228" Z="149.0663" />
                    <CustomBehavior File="FlyTo" X="6342.218" Y="860.8906" Z="150.7731" />
                    <CustomBehavior File="ForcedDismount" />
                    <CustomBehavior File="InteractWith" QuestId="13674" MobId="194213" WaitForNpcs="false" CollectionDistance="10" X="6342.218" Y="860.8906" Z="150.7731" />
                    <CustomBehavior File="FlyTo" X="6368.168" Y="857.0884" Z="162.5025" />
                    <CustomBehavior File="ForcedDismount" />
                    <CustomBehavior File="InteractWith" QuestId="13674" MobId="194213" WaitForNpcs="false" CollectionDistance="10" X="6368.168" Y="857.0884" Z="162.5025" />
                </While>

                <CustomBehavior File="FlyTo" X="4601.406" Y="-1599.759" Z="156.9936" />
                <CustomBehavior File="ForcedDismount" />
                <CustomBehavior File="Misc\RunLua" Lua="UseItemByName(&quot;item:45000&quot;)" />
                <CustomBehavior File="WaitTimer" WaitTime="20000" />
                <CustomBehavior File="InteractWith" QuestId="13674" MobId="194238" CollectionDistance="50" X="4604.894" Y="-1598.469" Z="154.9988" />
                <CustomBehavior File="WaitTimer" WaitTime="8000" />
            </If>

            <If Condition="HasQuest(13675) &amp;&amp; !IsQuestCompleted(13675)" >

                <If Condition="!HasItem(45005)" >
                    <CustomBehavior File="FlyTo" X="5138.633" Y="-57.57318" Z="347.322" />
                    <CustomBehavior File="ForcedDismount" />
                    <Objective QuestName="The Edge Of Winter" QuestId="13675" Type="CollectItem" ItemId="45005" CollectCount="1" />
                </If>

                <If Condition="HasItem(45005)" >
                    <CustomBehavior File="FlyTo" X="2324.844" Y="-3944.382" Z="218.2621" />
                    <CustomBehavior File="ForcedDismount" />
                    <CustomBehavior File="InteractWith" QuestId="13675" MobId="33303" InteractByUsingItemId="45005" WaitTime="5000" Range="5" CollectionDistance="50" X="2324.844" Y="-3944.382" Z="218.2621" />
                </If>

            </If>

            <If Condition="HasQuest(13676) &amp;&amp; IsQuestCompleted(13676)" >
                <CustomBehavior File="FlyTo"  X="8452.105" Y="691.5146" Z="547.2927" />
                <CustomBehavior File="ForcedDismount" />

                <TurnIn QuestName="Training In The Field" QuestId="13676" TurnInName="Amariel Sunsworn" TurnInId="33658" />
            </If>

            <If Condition="HasQuest(13677) &amp;&amp; IsQuestCompleted(13677)" >
                <TurnIn QuestName="Learning The Reins" QuestId="13677" TurnInName="Galathia Brightdawn" TurnInId="33659" />
            </If>

            <If Condition="HasQuest(13675) &amp;&amp; IsQuestCompleted(13675)" >
                <TurnIn QuestName="The Edge Of Winter" QuestId="13675" TurnInName="Magister Edien Sunhollow" TurnInId="33542" />
            </If>

            <If Condition="HasQuest(13674) &amp;&amp; IsQuestCompleted(13674)" >
                <TurnIn QuestName="A Worthy Weapon" QuestId="13674" TurnInName="Magister Edien Sunhollow" TurnInId="33542" />
            </If>

            <If Condition="HasQuest(13673) &amp;&amp; IsQuestCompleted(13673)" >
                <TurnIn QuestName="A Blade Fit For A Champion" QuestId="13673" TurnInName="Magister Edien Sunhollow" TurnInId="33542" />
            </If>

            <!-- if we have the seals to continue, then do so -->
            <If Condition="HasQuest(13678) &amp;&amp; IsQuestCompleted(13678)" >
                <TurnIn QuestName="Up To The Challenge" QuestId="13678" TurnInName="Magister Edien Sunhollow" TurnInId="33542" />
                <PickUp QuestName="The Aspirant's Challenge" QuestId="13680" GiverName="Magister Edien Sunhollow" GiverId="33542" />
            </If>

            <If Condition="HasQuest(13680) &amp;&amp; !IsQuestCompleted(13680)" >

                <If Condition="!HasItem(46070)" >
                    <CustomBehavior File="FlyTo" X="8594.644" Y="942.6311" Z="548.3071" />
                    <CustomBehavior File="ForcedDismount" />
                    <!-- get id of lance rack -->
                    <CustomBehavior File="InteractWith"  MobId="194622" CollectionDistance="50" X="8618.139" Y="897.5522" Z="546.9598" />
                </If>

                <CustomBehavior File="FlyTo" X="8594.644" Y="942.6311" Z="548.3071" />
                <CustomBehavior File="ForcedDismount" />
                <CustomBehavior File="EquipItem" ItemId="46070" Slot="MainHandSlot" />
                <CustomBehavior File="Vehicles\MountVehOnly" VehicleMountId="33842" X="8591.69" Y="938.7516" Z="548.7326" />
                <MoveTo X="8606.085" Y="963.6285" Z="549.4207" />
                <CustomBehavior File="InteractWith" QuestId="13679" MobId="33447" CollectionDistance="50"
                                X="8606.085" Y="963.6285" Z="549.4207" />
                <CustomBehavior File="UserDialog"  AllowBotStop="true" SoundCue="Asterisk" SoundCueInterval="1" Text="No behavior yet, press gossip(1) and defeat the valiant" />
                <CustomBehavior File="EjectVeh" />
            </If>

            <If Condition="HasQuest(13680) &amp;&amp; IsQuestCompleted(13680)" >
                <CustomBehavior File="FlyTo" X="8582.106" Y="692.2238" Z="547.2957" />
                <CustomBehavior File="ForcedDismount" />
                <TurnIn QuestName="The Aspirant's Challenge" QuestId="13680" TurnInName="Magister Edien Sunhollow" TurnInId="33542" />

                <If Condition="Me.Race == WoWRace.Orc">
                    <PickUp QuestName="A Valiant Of Orgrimmar" QuestId="13691" GiverName="Magister Edien Sunhollow" GiverId="33542" />
                    <TurnIn QuestName="A Valiant Of Orgrimmar" QuestId="13691" TurnInName="Mokra the Skullcrusher" TurnInId="33361" />
                    <PickUp QuestName="The Valiant's Charge" QuestId="13697" GiverName="Mokra the Skullcrusher" GiverId="33361" />
                </If>

                <If Condition="Me.Race == WoWRace.Goblin">
                    <PickUp QuestName="A Valiant Of Orgrimmar" QuestId="13691" GiverName="Magister Edien Sunhollow" GiverId="33542" />
                    <TurnIn QuestName="A Valiant Of Orgrimmar" QuestId="13691" TurnInName="Mokra the Skullcrusher" TurnInId="33361" />
                    <PickUp QuestName="The Valiant's Charge" QuestId="13697" GiverName="Mokra the Skullcrusher" GiverId="33361" />
                </If>

                <If Condition="Me.Race == WoWRace.BloodElf">
                    <PickUp QuestName="A Valiant Of Silvermoon" QuestId="13696" GiverName="Magister Edien Sunhollow" GiverId="33542" />
                    <TurnIn QuestName="A Valiant Of Silvermoon" QuestId="13696" TurnInName="Eressea Dawnsinger" TurnInId="33379" />
                    <PickUp QuestName="The Valiant's Charge" QuestId="13722" GiverName="Eressea Dawnsinger" GiverId="33379" />
                </If>

                <If Condition="Me.Race == WoWRace.Tauren">
                    <PickUp QuestName="A Valiant Of Thunder Bluff" QuestId="13694" GiverName="Magister Edien Sunhollow" GiverId="33542" />
                    <TurnIn QuestName="A Valiant Of Thunder Bluff" QuestId="13694" TurnInName="Runok Wildmane" TurnInId="33403" />
                    <PickUp QuestName="The Valiant's Charge" QuestId="13720" GiverName="Runok Wildmane" GiverId="33403" />
                </If>

                <If Condition="Me.Race == WoWRace.Troll">
                    <PickUp QuestName="A Valiant Of Sen'jin" QuestId="13693" GiverName="Magister Edien Sunhollow" GiverId="33542" />
                    <TurnIn QuestName="A Valiant Of Sen'jin" QuestId="13693" TurnInName="Zul'tore" TurnInId="33372" />
                    <PickUp QuestName="The Valiant's Charge" QuestId="13719" GiverName="Zul'tore" GiverId="33372" />
                </If>

                <If Condition="Me.Race == WoWRace.Undead">
                    <PickUp QuestName="A Valiant Of Undercity" QuestId="13695" GiverName="Magister Edien Sunhollow" GiverId="33542" />
                    <TurnIn QuestName="A Valiant Of Undercity" QuestId="13695" TurnInName="Deathstalker Visceri" TurnInId="33373" />
                    <PickUp QuestName="The Valiant's Charge" QuestId="13721" GiverName="Deathstalker Visceri" GiverId="33373" />
                </If>

            </If>

        </If>

        <If Condition="!IsQuestCompleted(13678)">
            <CustomBehavior File="UserDialog" Title="title" AllowBotStop="true" SoundCue="Asterisk" SoundCueInterval="1" Text="You have reached the end of the profile\nMake sure you replace your weapon(s)\n\nIf you liked this profile, +rep is always appreciated" />
            </If>

        <If Condition="!IsQuestCompleted(13736) || !IsQuestCompleted(13737) || !IsQuestCompleted(13738) || !IsQuestCompleted(13739) || !IsQuestCompleted(13740)">

            <If Condition="Me.Race == WoWRace.Orc">
                <CustomBehavior File="LoadProfile" ProfileName="[H - QO] Argent Tourny - Orc Valiant" />
            </If>

            <If Condition="Me.Race == WoWRace.BloodElf">
                <CustomBehavior File="LoadProfile" ProfileName="[H - QO] Argent Tourny - BE Valiant" />
            </If>

            <If Condition="Me.Race == WoWRace.Tauren">
                <CustomBehavior File="LoadProfile" ProfileName="[H - QO] Argent Tourny - TB Valiant" />
            </If>

            <If Condition="Me.Race == WoWRace.Troll">
                <CustomBehavior File="LoadProfile" ProfileName="[[H - QO] Argent Tourny - Troll Valiant" />
            </If>

            <If Condition="Me.Race == WoWRace.Undead">
                <CustomBehavior File="LoadProfile" ProfileName="[H - QO] Argent Tourny - UC Valiant" />
            </If>

        </If>

    </QuestOrder>

</HBProfile>
