﻿<HBProfile xsi:noNamespaceSchemaLocation="../../../Schemas/QuestProfileSchema.xsd" xmlns:xsi="http://www.w3.org/2001/XMLSchema-instance">
    <Name>[QO] Argent Tournament Rep - Crusader Ally [Kick] ($Rev: 3547 $)</Name>

    <MinLevel>1</MinLevel>
    <MaxLevel>1001</MaxLevel>

    <MinDurability>0.2</MinDurability>
    <MinFreeBagSlots>2</MinFreeBagSlots>

    <MailGrey>false</MailGrey>
    <MailWhite>false</MailWhite>
    <MailGreen>false</MailGreen>
    <MailBlue>true</MailBlue>
    <MailPurple>true</MailPurple>

    <SellGrey>true</SellGrey>
    <SellWhite>true</SellWhite>
    <SellGreen>true</SellGreen>
    <SellBlue>false</SellBlue>
    <SellPurple>false</SellPurple>

    <TargetElites>true</TargetElites>

    <AvoidMobs>
    </AvoidMobs>
    <Blackspots>
    </Blackspots>
    <Mailboxes>
        <Mailbox X="8589.352" Y="697.2214" Z="547.2932" />
    </Mailboxes>
    <Vendors>
        <Vendor Name="Brollen Wheatbeard" Id="33599" Type="Repair" X="8548.112" Y="933.3629" Z="547.2943" />
    </Vendors>


    <Quest Id="14107" Name="The Fate Of The Fallen">
        <Objective Type="CollectItem" ItemId="47035" CollectCount="6">
            <Hotspots>
                <Hotspot X="7814.16" Y="2374.327" Z="383.7766" />
                <Hotspot X="7701.186" Y="2259.753" Z="366.932" />
                <Hotspot X="7713.818" Y="2388.724" Z="376.4258" />
                <Hotspot X="7600.396" Y="2362.721" Z="374.8918" />
            </Hotspots>
        </Objective>
    </Quest>


    <QuestOrder>

            <While Condition="HasQuestAvailable(34882)" >
                <CustomBehavior File="InteractWith"  MobId="34882" CollectionDistance="200"
                                X="8458.966" Y="1084.406" Z="554.502" />
                <CustomBehavior File="RunMacro" Macro="/click GossipTitleButton1" />
                <CustomBehavior File="RunMacro" Macro="/click QuestFrameAcceptButton" />
            </While>
            <While Condition="HasQuestAvailable(35094)" >
                <CustomBehavior File="InteractWith"  MobId="35094" CollectionDistance="200"
                                X="8458.966" Y="1084.406" Z="554.502" />
                <CustomBehavior File="RunMacro" Macro="/click GossipTitleButton1" />
                <CustomBehavior File="RunMacro" Macro="/click QuestFrameAcceptButton" />
            </While>

            <If Condition="((HasQuest(14108)) &amp;&amp; (!IsQuestCompleted(14108)))" >
                <CustomBehavior File="FlyTo" X="8492" Y="1058" Z="551" />
                <CustomBehavior File="ForcedDismount" />
                <CustomBehavior File="UserDialog" QuestId="14108" SoundCue="Exclamation" AllowBotStop="true" SoundCueInterval="1" Text="Jump on the Hippogryph and fly out to kill 6 Deepcallers, then fly around and shoot Kraken 8 times with spears" />
            </If>
            <If Condition="((HasQuest(14101)) &amp;&amp; (!IsQuestCompleted(14101)))" >
                <CustomBehavior File="FlyTo" X="10404.94" Y="949.1505" Z="123.3649" />
                <CustomBehavior File="ForcedDismount" />
                <CustomBehavior File="Misc\RunLua" Lua="UseItemByName(&quot;item:47006&quot;)" />
                <CustomBehavior File="WaitTimer" WaitTime="10000" />
            </If>
            <If Condition="((HasQuest(14107)) &amp;&amp; (!IsQuestCompleted(14107)))" >
                <CustomBehavior File="FlyTo" X="7819.814" Y="2375.8" Z="385.4465" />
                <CustomBehavior File="ForcedDismount" />
                <Objective QuestName="The Fate Of The Fallen" QuestId="14107" Type="CollectItem" ItemId="47035" CollectCount="6" />
                <CustomBehavior File="InteractWith" QuestId="14107" MobId="32149" InteractByUsingItemId="47033"
                                NumOfTimes="20" WaitTime="10000" Range="10" CollectionDistance="1000"
                                X="7530.156" Y="2382.119" Z="379.8507" />
                <CustomBehavior File="WaitTimer" WaitTime="2000" />
                <CustomBehavior File="FlyTo" X="7899.213" Y="1848.05" Z="790.5212" />
            </If>
            <If Condition="((HasQuest(14102)) &amp;&amp; (!IsQuestCompleted(14102)))" >
                <CustomBehavior File="FlyTo" X="10133.61" Y="1209.683" Z="80.08868" />
                <CustomBehavior File="ForcedDismount" />
                <MoveTo X="10183.71" Y="1183.288" Z="75.92505" />
                <CustomBehavior File="WaitTimer" WaitTime="5000" />
                <CustomBehavior File="Misc\RunLua" Lua="UseItemByName(&quot;item:47009&quot;)" />
            </If>
            <If Condition="((HasQuest(14104)) &amp;&amp; (!IsQuestCompleted(14104)))" >
                <CustomBehavior File="FlyTo" X="10007.5" Y="644.3309" Z="10.20468" />
                <CustomBehavior File="ForcedDismount" />
                <CustomBehavior File="WaitTimer" WaitTime="2000" />
                <CustomBehavior File="Misc\RunLua" Lua="UseItemByName(&quot;item:47029&quot;)" />
                <CustomBehavior File="WaitTimer" WaitTime="3000" />
                <Objective QuestName="Ornolf The Scarred" QuestId="14104" Type="KillMob" MobId="35012" KillCount="1" />
            </If>


            <If Condition="(HasQuest(14101)) || (HasQuest(14102)) || (HasQuest(14104)) || (HasQuest(14107)) || (HasQuest(14108))" >
                <CustomBehavior File="FlyTo" X="8484.761" Y="1057.067" Z="550.5325" />
                <CustomBehavior File="ForcedDismount" />
            </If>
            <If Condition="((HasQuest(14101)) &amp;&amp; (IsQuestCompleted(14101)))" >
        <TurnIn QuestName="Drottinn Hrothgar" QuestId="14101" TurnInName="High Crusader Adelard" TurnInId="34882" />
            </If>
            <If Condition="((HasQuest(14107)) &amp;&amp; (IsQuestCompleted(14107)))" >
        <TurnIn QuestName="The Fate Of The Fallen" QuestId="14107" TurnInName="Crusader Silverdawn" TurnInId="35094" />
            </If>
            <If Condition="((HasQuest(14102)) &amp;&amp; (IsQuestCompleted(14102)))" >
        <TurnIn QuestName="Mistcaller Yngvar" QuestId="14102" TurnInName="High Crusader Adelard" TurnInId="34882" />
            </If>
            <If Condition="((HasQuest(14108)) &amp;&amp; (IsQuestCompleted(14108)))" >
        <TurnIn QuestName="Get Kraken!" QuestId="14108" TurnInName="Crusader Silverdawn" TurnInId="35094" />
            </If>
            <If Condition="((HasQuest(14104)) &amp;&amp; (IsQuestCompleted(14104)))" >
        <TurnIn QuestName="Ornolf The Scarred" QuestId="14104" TurnInName="High Crusader Adelard" TurnInId="34882" />
            </If>
            <If Condition="((HasQuest()) &amp;&amp; (IsQuestCompleted()))" >
            </If>
            <If Condition="((HasQuest()) &amp;&amp; (IsQuestCompleted()))" >
            </If>


            <If Condition="(HasItem(46955))" >
        <PickUp QuestName="Identifying the Remains" QuestId="14095" GiverName="Kraken Tooth" GiverId="46955" GiverType="Item" />
            </If>
            <If Condition="((HasQuest(14095)) &amp;&amp; (IsQuestCompleted(14095)))" >
        <TurnIn QuestName="Identifying the Remains" QuestId="14095" TurnInName="Crusader Silverdawn" TurnInId="35094" />
            </If>




            <CustomBehavior File="UserDialog" Title="title" AllowBotStop="true" SoundCue="Asterisk" SoundCueInterval="1" Text="You have reached the end of the profile (for now, I'm still developing this profile)\n\nIf you're not Human, you'll have to manually pickup your race quest\nMake sure you replace your weapon(s)\n\nIf you liked this profile, +rep is always appreciated" />

    </QuestOrder>

</HBProfile>
