<HBProfile xsi:noNamespaceSchemaLocation="../../Schemas/QuestProfileSchema.xsd" xmlns:xsi="http://www.w3.org/2001/XMLSchema-instance">
    <MinDurability>0.1</MinDurability>


    <Blackspots>
    </Blackspots>
    <AvoidMobs>
    </AvoidMobs>


    <QuestOrder>


    <CustomBehavior File="UserDialog" AllowBotStop="false" SoundCue="Exclamation" SoundCueInterval="2" ExpiryTime="6" ExpiryAction="InputEnabled_Continue" Text="If you have a Hallowed Helm - it will be deleted on purpose" />
                <If Condition="HasItem(33292)" >
                    <CustomBehavior File="RunMacro" Macro="/run for bag = 0,4,1 do for slot = 1, 32, 1 do local name = GetContainerItemLink(bag,slot); if name and string.find(name,'Hallowed Helm') then PickupContainerItem(bag,slot); DeleteCursorItem(); end; end; end" />
                    <CustomBehavior File="WaitTimer" WaitTime="2000" GoalText="Waiting for bot {TimeRemaining}" />
                </If>
                <While Condition="HasItem(33292)" >
    <CustomBehavior File="UserDialog" AllowBotStop="true" SoundCue="Exclamation" SoundCueInterval="1" Text="Get the Hallowed Helm out of your bank and delete it please!" />
                    <CustomBehavior File="WaitTimer" WaitTime="2000" GoalText="Waiting for bot {TimeRemaining}" />
                </While>


                <If Condition="Me.HasAura(&quot;Wisp Costume&quot;)" >
                    <CustomBehavior File="RunMacro" Macro="/cancelaura Wisp Costume" />
                    <CustomBehavior File="WaitTimer" WaitTime="2000" GoalText="Waiting for bot {TimeRemaining}" />
                </If>
                <If Condition="Me.HasAura(&quot;Skeleton Costume&quot;)" >
                    <CustomBehavior File="RunMacro" Macro="/cancelaura Skeleton Costume" />
                    <CustomBehavior File="WaitTimer" WaitTime="2000" GoalText="Waiting for bot {TimeRemaining}" />
                </If>
                <If Condition="Me.HasAura(&quot;Bat Costume&quot;)" >
                    <CustomBehavior File="RunMacro" Macro="/cancelaura Bat Costume" />
                    <CustomBehavior File="WaitTimer" WaitTime="2000" GoalText="Waiting for bot {TimeRemaining}" />
                </If>
                <If Condition="Me.HasAura(&quot;Trick&quot;)" >
                    <CustomBehavior File="WaitTimer" WaitTime="60000" GoalText="Waiting for Trick to expire {TimeRemaining}" />
                </If>
                <If Condition="HasItem(33292)" >
                    <CustomBehavior File="RunMacro" Macro="/run for bag = 0,4,1 do for slot = 1, 32, 1 do local name = GetContainerItemLink(bag,slot); if name and string.find(name,'Hallowed Helm') then PickupContainerItem(bag,slot); DeleteCursorItem(); end; end; end" />
                    <CustomBehavior File="WaitTimer" WaitTime="2000" GoalText="Waiting for bot {TimeRemaining}" />
                </If>

                <!-- Valiance Keep - Borean -->
                <CustomBehavior File="FlyTo" DestName="Valiance Keep - Borean" X="2253.044" Y="5195.242" Z="11.40134" />
                <CustomBehavior File="ForcedDismount" />

                <CustomBehavior File="InteractWith" MobId="194059" />
                <CustomBehavior File="RunMacro" Macro="/click QuestFrameCompleteQuestButton" />
                <CustomBehavior File="Misc\RunLua" Lua="UseItemByName(&quot;item:37586&quot;)" />
                <CustomBehavior File="WaitTimer" WaitTime="2000" GoalText="Waiting for bot {TimeRemaining}" />
                <MoveTo X="2253.044" Y="5195.242" Z="11.40134" />
                <If Condition="Me.HasAura(&quot;Wisp Costume&quot;)" >
                    <CustomBehavior File="RunMacro" Macro="/cancelaura Wisp Costume" />
                    <CustomBehavior File="WaitTimer" WaitTime="2000" GoalText="Waiting for bot {TimeRemaining}" />
                </If>
                <If Condition="Me.HasAura(&quot;Skeleton Costume&quot;)" >
                    <CustomBehavior File="RunMacro" Macro="/cancelaura Skeleton Costume" />
                    <CustomBehavior File="WaitTimer" WaitTime="2000" GoalText="Waiting for bot {TimeRemaining}" />
                </If>
                <If Condition="Me.HasAura(&quot;Bat Costume&quot;)" >
                    <CustomBehavior File="RunMacro" Macro="/cancelaura Bat Costume" />
                    <CustomBehavior File="WaitTimer" WaitTime="2000" GoalText="Waiting for bot {TimeRemaining}" />
                </If>
                <If Condition="Me.HasAura(&quot;Trick&quot;)" >
                    <CustomBehavior File="WaitTimer" WaitTime="60000" GoalText="Waiting for Trick to expire {TimeRemaining}" />
                </If>
                <If Condition="HasItem(33292)" >
                    <CustomBehavior File="RunMacro" Macro="/run for bag = 0,4,1 do for slot = 1, 32, 1 do local name = GetContainerItemLink(bag,slot); if name and string.find(name,'Hallowed Helm') then PickupContainerItem(bag,slot); DeleteCursorItem(); end; end; end" />
                    <CustomBehavior File="WaitTimer" WaitTime="2000" GoalText="Waiting for bot {TimeRemaining}" />
                </If>

                <!-- Unu'pe - Borean -->
                <CustomBehavior File="FlyTo" DestName="Unu'pe - Borean" X="3007.623" Y="4084.79" Z="23.26535" />
                <CustomBehavior File="ForcedDismount" />

                <CustomBehavior File="InteractWith" MobId="194068" />
                <CustomBehavior File="RunMacro" Macro="/click QuestFrameCompleteQuestButton" />
                <CustomBehavior File="Misc\RunLua" Lua="UseItemByName(&quot;item:37586&quot;)" />
                <CustomBehavior File="WaitTimer" WaitTime="2000" GoalText="Waiting for bot {TimeRemaining}" />
                <MoveTo X="3007.623" Y="4084.79" Z="23.26535" />
                <If Condition="Me.HasAura(&quot;Wisp Costume&quot;)" >
                    <CustomBehavior File="RunMacro" Macro="/cancelaura Wisp Costume" />
                    <CustomBehavior File="WaitTimer" WaitTime="2000" GoalText="Waiting for bot {TimeRemaining}" />
                </If>
                <If Condition="Me.HasAura(&quot;Skeleton Costume&quot;)" >
                    <CustomBehavior File="RunMacro" Macro="/cancelaura Skeleton Costume" />
                    <CustomBehavior File="WaitTimer" WaitTime="2000" GoalText="Waiting for bot {TimeRemaining}" />
                </If>
                <If Condition="Me.HasAura(&quot;Bat Costume&quot;)" >
                    <CustomBehavior File="RunMacro" Macro="/cancelaura Bat Costume" />
                    <CustomBehavior File="WaitTimer" WaitTime="2000" GoalText="Waiting for bot {TimeRemaining}" />
                </If>
                <If Condition="Me.HasAura(&quot;Trick&quot;)" >
                    <CustomBehavior File="WaitTimer" WaitTime="60000" GoalText="Waiting for Trick to expire {TimeRemaining}" />
                </If>
                <If Condition="HasItem(33292)" >
                    <CustomBehavior File="RunMacro" Macro="/run for bag = 0,4,1 do for slot = 1, 32, 1 do local name = GetContainerItemLink(bag,slot); if name and string.find(name,'Hallowed Helm') then PickupContainerItem(bag,slot); DeleteCursorItem(); end; end; end" />
                    <CustomBehavior File="WaitTimer" WaitTime="2000" GoalText="Waiting for bot {TimeRemaining}" />
                </If>

                <!-- Fizzcrank Airstrip - Borean -->
                <CustomBehavior File="FlyTo" DestName="Fizzcrank Airstrip - Borean" X="4157.815" Y="5281.121" Z="25.83758" />
                <CustomBehavior File="ForcedDismount" />

                <CustomBehavior File="InteractWith" MobId="194060" />
                <CustomBehavior File="RunMacro" Macro="/click QuestFrameCompleteQuestButton" />
                <CustomBehavior File="Misc\RunLua" Lua="UseItemByName(&quot;item:37586&quot;)" />
                <CustomBehavior File="WaitTimer" WaitTime="2000" GoalText="Waiting for bot {TimeRemaining}" />
                <MoveTo X="4157.815" Y="5281.121" Z="25.83758" />
                <If Condition="Me.HasAura(&quot;Wisp Costume&quot;)" >
                    <CustomBehavior File="RunMacro" Macro="/cancelaura Wisp Costume" />
                    <CustomBehavior File="WaitTimer" WaitTime="2000" GoalText="Waiting for bot {TimeRemaining}" />
                </If>
                <If Condition="Me.HasAura(&quot;Skeleton Costume&quot;)" >
                    <CustomBehavior File="RunMacro" Macro="/cancelaura Skeleton Costume" />
                    <CustomBehavior File="WaitTimer" WaitTime="2000" GoalText="Waiting for bot {TimeRemaining}" />
                </If>
                <If Condition="Me.HasAura(&quot;Bat Costume&quot;)" >
                    <CustomBehavior File="RunMacro" Macro="/cancelaura Bat Costume" />
                    <CustomBehavior File="WaitTimer" WaitTime="2000" GoalText="Waiting for bot {TimeRemaining}" />
                </If>
                <If Condition="Me.HasAura(&quot;Trick&quot;)" >
                    <CustomBehavior File="WaitTimer" WaitTime="60000" GoalText="Waiting for Trick to expire {TimeRemaining}" />
                </If>
                <If Condition="HasItem(33292)" >
                    <CustomBehavior File="RunMacro" Macro="/run for bag = 0,4,1 do for slot = 1, 32, 1 do local name = GetContainerItemLink(bag,slot); if name and string.find(name,'Hallowed Helm') then PickupContainerItem(bag,slot); DeleteCursorItem(); end; end; end" />
                    <CustomBehavior File="WaitTimer" WaitTime="2000" GoalText="Waiting for bot {TimeRemaining}" />
                </If>

                <!-- None at Amber Ledge - Borean -->
                <!-- None at Coldarra - Borean -->

                <!-- Nesingwary - Sholazar Basin -->
                <CustomBehavior File="FlyTo" DestName="Nesingwary - Sholazar Basin" X="5568.552" Y="5747.67" Z="-75.30753" />
                <CustomBehavior File="ForcedDismount" />

                <CustomBehavior File="InteractWith" MobId="192018" />
                <CustomBehavior File="RunMacro" Macro="/click QuestFrameCompleteQuestButton" />
                <CustomBehavior File="Misc\RunLua" Lua="UseItemByName(&quot;item:37586&quot;)" />
                <CustomBehavior File="WaitTimer" WaitTime="2000" GoalText="Waiting for bot {TimeRemaining}" />
                <MoveTo X="5568.552" Y="5747.67" Z="-75.30753" />
                <If Condition="Me.HasAura(&quot;Wisp Costume&quot;)" >
                    <CustomBehavior File="RunMacro" Macro="/cancelaura Wisp Costume" />
                    <CustomBehavior File="WaitTimer" WaitTime="2000" GoalText="Waiting for bot {TimeRemaining}" />
                </If>
                <If Condition="Me.HasAura(&quot;Skeleton Costume&quot;)" >
                    <CustomBehavior File="RunMacro" Macro="/cancelaura Skeleton Costume" />
                    <CustomBehavior File="WaitTimer" WaitTime="2000" GoalText="Waiting for bot {TimeRemaining}" />
                </If>
                <If Condition="Me.HasAura(&quot;Bat Costume&quot;)" >
                    <CustomBehavior File="RunMacro" Macro="/cancelaura Bat Costume" />
                    <CustomBehavior File="WaitTimer" WaitTime="2000" GoalText="Waiting for bot {TimeRemaining}" />
                </If>
                <If Condition="Me.HasAura(&quot;Trick&quot;)" >
                    <CustomBehavior File="WaitTimer" WaitTime="60000" GoalText="Waiting for Trick to expire {TimeRemaining}" />
                </If>
                <If Condition="HasItem(33292)" >
                    <CustomBehavior File="RunMacro" Macro="/run for bag = 0,4,1 do for slot = 1, 32, 1 do local name = GetContainerItemLink(bag,slot); if name and string.find(name,'Hallowed Helm') then PickupContainerItem(bag,slot); DeleteCursorItem(); end; end; end" />
                    <CustomBehavior File="WaitTimer" WaitTime="2000" GoalText="Waiting for bot {TimeRemaining}" />
                </If>

                <!-- Dalaran -->
                <CustomBehavior File="FlyTo" DestName="Dalaran"  X="5380.215" Y="1289.357" Z="796.5567" />
                <!--
                <CustomBehavior File="MyCTM" DestName="Dalaran"  X="5779.141" Y="692.7416" Z="783.3972" />
                -->
                <CustomBehavior File="MyCTM" DestName="Dalaran" X="5635.344" Y="875.5098" Z="931.0305" />
                <CustomBehavior File="MyCTM" DestName="Dalaran" X="5695.266" Y="658.2769" Z="646.2842" />
                <CustomBehavior File="ForcedDismount" />

                <!-- A Hero's Welcome -->
                <CustomBehavior File="InteractWith" MobId="194064" X="5715.754" Y="699.0404" Z="645.7513" />
                <CustomBehavior File="RunMacro" Macro="/click QuestFrameCompleteQuestButton" />
                <CustomBehavior File="Misc\RunLua" Lua="UseItemByName(&quot;item:37586&quot;)" />
                <CustomBehavior File="WaitTimer" WaitTime="2000" GoalText="Waiting for bot {TimeRemaining}" />

                <If Condition="Me.HasAura(&quot;Wisp Costume&quot;)" >
                    <CustomBehavior File="RunMacro" Macro="/cancelaura Wisp Costume" />
                    <CustomBehavior File="WaitTimer" WaitTime="2000" GoalText="Waiting for bot {TimeRemaining}" />
                </If>
                <If Condition="Me.HasAura(&quot;Skeleton Costume&quot;)" >
                    <CustomBehavior File="RunMacro" Macro="/cancelaura Skeleton Costume" />
                    <CustomBehavior File="WaitTimer" WaitTime="2000" GoalText="Waiting for bot {TimeRemaining}" />
                </If>
                <If Condition="Me.HasAura(&quot;Bat Costume&quot;)" >
                    <CustomBehavior File="RunMacro" Macro="/cancelaura Bat Costume" />
                    <CustomBehavior File="WaitTimer" WaitTime="2000" GoalText="Waiting for bot {TimeRemaining}" />
                </If>
                <If Condition="Me.HasAura(&quot;Trick&quot;)" >
                    <CustomBehavior File="WaitTimer" WaitTime="60000" GoalText="Waiting for Trick to expire {TimeRemaining}" />
                </If>
                <If Condition="HasItem(33292)" >
                    <CustomBehavior File="RunMacro" Macro="/run for bag = 0,4,1 do for slot = 1, 32, 1 do local name = GetContainerItemLink(bag,slot); if name and string.find(name,'Hallowed Helm') then PickupContainerItem(bag,slot); DeleteCursorItem(); end; end; end" />
                    <CustomBehavior File="WaitTimer" WaitTime="2000" GoalText="Waiting for bot {TimeRemaining}" />
                </If>

                <!-- The Legerdemain Inn -->
                <CustomBehavior File="InteractWith" MobId="194071" X="5839.927" Y="652.6889" Z="647.5125" />
                <CustomBehavior File="RunMacro" Macro="/click QuestFrameCompleteQuestButton" />
                <CustomBehavior File="Misc\RunLua" Lua="UseItemByName(&quot;item:37586&quot;)" />
                <CustomBehavior File="WaitTimer" WaitTime="2000" GoalText="Waiting for bot {TimeRemaining}" />

                <If Condition="Me.HasAura(&quot;Wisp Costume&quot;)" >
                    <CustomBehavior File="RunMacro" Macro="/cancelaura Wisp Costume" />
                    <CustomBehavior File="WaitTimer" WaitTime="2000" GoalText="Waiting for bot {TimeRemaining}" />
                </If>
                <If Condition="Me.HasAura(&quot;Skeleton Costume&quot;)" >
                    <CustomBehavior File="RunMacro" Macro="/cancelaura Skeleton Costume" />
                    <CustomBehavior File="WaitTimer" WaitTime="2000" GoalText="Waiting for bot {TimeRemaining}" />
                </If>
                <If Condition="Me.HasAura(&quot;Bat Costume&quot;)" >
                    <CustomBehavior File="RunMacro" Macro="/cancelaura Bat Costume" />
                    <CustomBehavior File="WaitTimer" WaitTime="2000" GoalText="Waiting for bot {TimeRemaining}" />
                </If>
                <If Condition="Me.HasAura(&quot;Trick&quot;)" >
                    <CustomBehavior File="WaitTimer" WaitTime="60000" GoalText="Waiting for Trick to expire {TimeRemaining}" />
                </If>
                <If Condition="HasItem(33292)" >
                    <CustomBehavior File="RunMacro" Macro="/run for bag = 0,4,1 do for slot = 1, 32, 1 do local name = GetContainerItemLink(bag,slot); if name and string.find(name,'Hallowed Helm') then PickupContainerItem(bag,slot); DeleteCursorItem(); end; end; end" />
                    <CustomBehavior File="WaitTimer" WaitTime="2000" GoalText="Waiting for bot {TimeRemaining}" />
                </If>

                <!-- The Underbelly -->
                <CustomBehavior File="InteractWith" MobId="194072" X="5749.806" Y="702.0931" Z="618.5534" />
                <CustomBehavior File="RunMacro" Macro="/click QuestFrameCompleteQuestButton" />
                <CustomBehavior File="Misc\RunLua" Lua="UseItemByName(&quot;item:37586&quot;)" />
                <CustomBehavior File="WaitTimer" WaitTime="2000" GoalText="Waiting for bot {TimeRemaining}" />

                <If Condition="Me.HasAura(&quot;Wisp Costume&quot;)" >
                    <CustomBehavior File="RunMacro" Macro="/cancelaura Wisp Costume" />
                    <CustomBehavior File="WaitTimer" WaitTime="2000" GoalText="Waiting for bot {TimeRemaining}" />
                </If>
                <If Condition="Me.HasAura(&quot;Skeleton Costume&quot;)" >
                    <CustomBehavior File="RunMacro" Macro="/cancelaura Skeleton Costume" />
                    <CustomBehavior File="WaitTimer" WaitTime="2000" GoalText="Waiting for bot {TimeRemaining}" />
                </If>
                <If Condition="Me.HasAura(&quot;Bat Costume&quot;)" >
                    <CustomBehavior File="RunMacro" Macro="/cancelaura Bat Costume" />
                    <CustomBehavior File="WaitTimer" WaitTime="2000" GoalText="Waiting for bot {TimeRemaining}" />
                </If>
                <If Condition="Me.HasAura(&quot;Trick&quot;)" >
                    <CustomBehavior File="WaitTimer" WaitTime="60000" GoalText="Waiting for Trick to expire {TimeRemaining}" />
                </If>
                <If Condition="HasItem(33292)" >
                    <CustomBehavior File="RunMacro" Macro="/run for bag = 0,4,1 do for slot = 1, 32, 1 do local name = GetContainerItemLink(bag,slot); if name and string.find(name,'Hallowed Helm') then PickupContainerItem(bag,slot); DeleteCursorItem(); end; end; end" />
                    <CustomBehavior File="WaitTimer" WaitTime="2000" GoalText="Waiting for bot {TimeRemaining}" />
                </If>

                <MoveTo X="5814.751" Y="446.9852" Z="658.7541" />
                <CustomBehavior File="FlyTo" DestName="Up" X="5809.509" Y="445.5536" Z="884.6756" />

                <!-- Frosthold - Storm Peaks -->
                <CustomBehavior File="FlyTo" DestName="Frosthold - Storm Peaks" X="6640.876" Y="-220.9846" Z="1097.53" />
                <CustomBehavior File="FlyTo" DestName="Frosthold - Storm Peaks" X="6673.028" Y="-204.1328" Z="950.349" />
                <CustomBehavior File="ForcedDismount" />

                <CustomBehavior File="InteractWith" MobId="194063" />
                <CustomBehavior File="RunMacro" Macro="/click QuestFrameCompleteQuestButton" />
                <CustomBehavior File="Misc\RunLua" Lua="UseItemByName(&quot;item:37586&quot;)" />
                <CustomBehavior File="WaitTimer" WaitTime="2000" GoalText="Waiting for bot {TimeRemaining}" />
                <If Condition="Me.HasAura(&quot;Wisp Costume&quot;)" >
                    <CustomBehavior File="RunMacro" Macro="/cancelaura Wisp Costume" />
                    <CustomBehavior File="WaitTimer" WaitTime="2000" GoalText="Waiting for bot {TimeRemaining}" />
                </If>
                <If Condition="Me.HasAura(&quot;Skeleton Costume&quot;)" >
                    <CustomBehavior File="RunMacro" Macro="/cancelaura Skeleton Costume" />
                    <CustomBehavior File="WaitTimer" WaitTime="2000" GoalText="Waiting for bot {TimeRemaining}" />
                </If>
                <If Condition="Me.HasAura(&quot;Bat Costume&quot;)" >
                    <CustomBehavior File="RunMacro" Macro="/cancelaura Bat Costume" />
                    <CustomBehavior File="WaitTimer" WaitTime="2000" GoalText="Waiting for bot {TimeRemaining}" />
                </If>
                <If Condition="Me.HasAura(&quot;Trick&quot;)" >
                    <CustomBehavior File="WaitTimer" WaitTime="60000" GoalText="Waiting for Trick to expire {TimeRemaining}" />
                </If>
                <If Condition="HasItem(33292)" >
                    <CustomBehavior File="RunMacro" Macro="/run for bag = 0,4,1 do for slot = 1, 32, 1 do local name = GetContainerItemLink(bag,slot); if name and string.find(name,'Hallowed Helm') then PickupContainerItem(bag,slot); DeleteCursorItem(); end; end; end" />
                    <CustomBehavior File="WaitTimer" WaitTime="2000" GoalText="Waiting for bot {TimeRemaining}" />
                </If>
                <CustomBehavior File="FlyTo" DestName="Up" X="6640.876" Y="-220.9846" Z="1097.53" />

                <!-- Bouldercrag's Refuge - Storm Peaks -->
                <CustomBehavior File="FlyTo" DestName="Bouldercrag's Refuge - Storm Peaks" X="8453.725" Y="-314.7855" Z="906.636" />
                <CustomBehavior File="ForcedDismount" />

                <CustomBehavior File="InteractWith" MobId="194070" />
                <CustomBehavior File="RunMacro" Macro="/click QuestFrameCompleteQuestButton" />
                <CustomBehavior File="Misc\RunLua" Lua="UseItemByName(&quot;item:37586&quot;)" />
                <CustomBehavior File="WaitTimer" WaitTime="2000" GoalText="Waiting for bot {TimeRemaining}" />
                <MoveTo X="8453.725" Y="-314.7855" Z="906.636" />
                <If Condition="Me.HasAura(&quot;Wisp Costume&quot;)" >
                    <CustomBehavior File="RunMacro" Macro="/cancelaura Wisp Costume" />
                    <CustomBehavior File="WaitTimer" WaitTime="2000" GoalText="Waiting for bot {TimeRemaining}" />
                </If>
                <If Condition="Me.HasAura(&quot;Skeleton Costume&quot;)" >
                    <CustomBehavior File="RunMacro" Macro="/cancelaura Skeleton Costume" />
                    <CustomBehavior File="WaitTimer" WaitTime="2000" GoalText="Waiting for bot {TimeRemaining}" />
                </If>
                <If Condition="Me.HasAura(&quot;Bat Costume&quot;)" >
                    <CustomBehavior File="RunMacro" Macro="/cancelaura Bat Costume" />
                    <CustomBehavior File="WaitTimer" WaitTime="2000" GoalText="Waiting for bot {TimeRemaining}" />
                </If>
                <If Condition="Me.HasAura(&quot;Trick&quot;)" >
                    <CustomBehavior File="WaitTimer" WaitTime="60000" GoalText="Waiting for Trick to expire {TimeRemaining}" />
                </If>
                <If Condition="HasItem(33292)" >
                    <CustomBehavior File="RunMacro" Macro="/run for bag = 0,4,1 do for slot = 1, 32, 1 do local name = GetContainerItemLink(bag,slot); if name and string.find(name,'Hallowed Helm') then PickupContainerItem(bag,slot); DeleteCursorItem(); end; end; end" />
                    <CustomBehavior File="WaitTimer" WaitTime="2000" GoalText="Waiting for bot {TimeRemaining}" />
                </If>
                <CustomBehavior File="FlyTo" DestName="Around Temple of Storms" X="7270.203" Y="-18.60019" Z="1044.971" />

                <!-- K3 - Storm Peaks -->
                <CustomBehavior File="FlyTo" DestName="K3 - Storm Peaks" X="6122.584" Y="-1061.03" Z="402.5821" />
                <CustomBehavior File="ForcedDismount" />

                <CustomBehavior File="InteractWith" MobId="194069" />
                <CustomBehavior File="RunMacro" Macro="/click QuestFrameCompleteQuestButton" />
                <CustomBehavior File="Misc\RunLua" Lua="UseItemByName(&quot;item:37586&quot;)" />
                <CustomBehavior File="WaitTimer" WaitTime="2000" GoalText="Waiting for bot {TimeRemaining}" />
                <MoveTo X="6122.584" Y="-1061.03" Z="402.5821" />
                <If Condition="Me.HasAura(&quot;Wisp Costume&quot;)" >
                    <CustomBehavior File="RunMacro" Macro="/cancelaura Wisp Costume" />
                    <CustomBehavior File="WaitTimer" WaitTime="2000" GoalText="Waiting for bot {TimeRemaining}" />
                </If>
                <If Condition="Me.HasAura(&quot;Skeleton Costume&quot;)" >
                    <CustomBehavior File="RunMacro" Macro="/cancelaura Skeleton Costume" />
                    <CustomBehavior File="WaitTimer" WaitTime="2000" GoalText="Waiting for bot {TimeRemaining}" />
                </If>
                <If Condition="Me.HasAura(&quot;Bat Costume&quot;)" >
                    <CustomBehavior File="RunMacro" Macro="/cancelaura Bat Costume" />
                    <CustomBehavior File="WaitTimer" WaitTime="2000" GoalText="Waiting for bot {TimeRemaining}" />
                </If>
                <If Condition="Me.HasAura(&quot;Trick&quot;)" >
                    <CustomBehavior File="WaitTimer" WaitTime="60000" GoalText="Waiting for Trick to expire {TimeRemaining}" />
                </If>
                <If Condition="HasItem(33292)" >
                    <CustomBehavior File="RunMacro" Macro="/run for bag = 0,4,1 do for slot = 1, 32, 1 do local name = GetContainerItemLink(bag,slot); if name and string.find(name,'Hallowed Helm') then PickupContainerItem(bag,slot); DeleteCursorItem(); end; end; end" />
                    <CustomBehavior File="WaitTimer" WaitTime="2000" GoalText="Waiting for bot {TimeRemaining}" />
                </If>

                <!-- None at Dun Niffelheim -->
                <!-- None at Windrunner's Overlook - Crystalsong -->
                <!-- None at Fordragon Hold - Dragonblight -->

                <!-- Stars' Rest - Dragonblight -->
                <CustomBehavior File="FlyTo" DestName="Stars' Rest - Dragonblight" X="3472.958" Y="2000.096" Z="64.86232" />
                <CustomBehavior File="ForcedDismount" />

                <CustomBehavior File="InteractWith" MobId="194061" />
                <CustomBehavior File="RunMacro" Macro="/click QuestFrameCompleteQuestButton" />
                <CustomBehavior File="Misc\RunLua" Lua="UseItemByName(&quot;item:37586&quot;)" />
                <CustomBehavior File="WaitTimer" WaitTime="2000" GoalText="Waiting for bot {TimeRemaining}" />
                <MoveTo X="3472.958" Y="2000.096" Z="64.86232" />
                <If Condition="Me.HasAura(&quot;Wisp Costume&quot;)" >
                    <CustomBehavior File="RunMacro" Macro="/cancelaura Wisp Costume" />
                    <CustomBehavior File="WaitTimer" WaitTime="2000" GoalText="Waiting for bot {TimeRemaining}" />
                </If>
                <If Condition="Me.HasAura(&quot;Skeleton Costume&quot;)" >
                    <CustomBehavior File="RunMacro" Macro="/cancelaura Skeleton Costume" />
                    <CustomBehavior File="WaitTimer" WaitTime="2000" GoalText="Waiting for bot {TimeRemaining}" />
                </If>
                <If Condition="Me.HasAura(&quot;Bat Costume&quot;)" >
                    <CustomBehavior File="RunMacro" Macro="/cancelaura Bat Costume" />
                    <CustomBehavior File="WaitTimer" WaitTime="2000" GoalText="Waiting for bot {TimeRemaining}" />
                </If>
                <If Condition="Me.HasAura(&quot;Trick&quot;)" >
                    <CustomBehavior File="WaitTimer" WaitTime="60000" GoalText="Waiting for Trick to expire {TimeRemaining}" />
                </If>
                <If Condition="HasItem(33292)" >
                    <CustomBehavior File="RunMacro" Macro="/run for bag = 0,4,1 do for slot = 1, 32, 1 do local name = GetContainerItemLink(bag,slot); if name and string.find(name,'Hallowed Helm') then PickupContainerItem(bag,slot); DeleteCursorItem(); end; end; end" />
                    <CustomBehavior File="WaitTimer" WaitTime="2000" GoalText="Waiting for bot {TimeRemaining}" />
                </If>

                <!-- Moa'ki Habor - Dragonblight -->
                <CustomBehavior File="FlyTo" DestName="Moa'ki Habor - Dragonblight" X="2797.627" Y="910.9822" Z="22.25454" />
                <CustomBehavior File="ForcedDismount" />

                <CustomBehavior File="InteractWith" MobId="194067" />
                <CustomBehavior File="RunMacro" Macro="/click QuestFrameCompleteQuestButton" />
                <CustomBehavior File="Misc\RunLua" Lua="UseItemByName(&quot;item:37586&quot;)" />
                <CustomBehavior File="WaitTimer" WaitTime="2000" GoalText="Waiting for bot {TimeRemaining}" />
                <MoveTo X="2797.627" Y="910.9822" Z="22.25454" />
                <If Condition="Me.HasAura(&quot;Wisp Costume&quot;)" >
                    <CustomBehavior File="RunMacro" Macro="/cancelaura Wisp Costume" />
                    <CustomBehavior File="WaitTimer" WaitTime="2000" GoalText="Waiting for bot {TimeRemaining}" />
                </If>
                <If Condition="Me.HasAura(&quot;Skeleton Costume&quot;)" >
                    <CustomBehavior File="RunMacro" Macro="/cancelaura Skeleton Costume" />
                    <CustomBehavior File="WaitTimer" WaitTime="2000" GoalText="Waiting for bot {TimeRemaining}" />
                </If>
                <If Condition="Me.HasAura(&quot;Bat Costume&quot;)" >
                    <CustomBehavior File="RunMacro" Macro="/cancelaura Bat Costume" />
                    <CustomBehavior File="WaitTimer" WaitTime="2000" GoalText="Waiting for bot {TimeRemaining}" />
                </If>
                <If Condition="Me.HasAura(&quot;Trick&quot;)" >
                    <CustomBehavior File="WaitTimer" WaitTime="60000" GoalText="Waiting for Trick to expire {TimeRemaining}" />
                </If>
                <If Condition="HasItem(33292)" >
                    <CustomBehavior File="RunMacro" Macro="/run for bag = 0,4,1 do for slot = 1, 32, 1 do local name = GetContainerItemLink(bag,slot); if name and string.find(name,'Hallowed Helm') then PickupContainerItem(bag,slot); DeleteCursorItem(); end; end; end" />
                    <CustomBehavior File="WaitTimer" WaitTime="2000" GoalText="Waiting for bot {TimeRemaining}" />
                </If>

                <!-- Wyrmrest Temple - Dragonblight -->
                <CustomBehavior File="FlyTo" DestName="Wyrmrest Temple - Dragonblight" X="3536.284" Y="383.6619" Z="52.23901" />
                <CustomBehavior File="ForcedDismount" />

                <CustomBehavior File="InteractWith" MobId="194066" X="3573.108" Y="254.2968" Z="47.28915" />
                <CustomBehavior File="RunMacro" Macro="/click QuestFrameCompleteQuestButton" />
                <CustomBehavior File="Misc\RunLua" Lua="UseItemByName(&quot;item:37586&quot;)" />
                <CustomBehavior File="WaitTimer" WaitTime="2000" GoalText="Waiting for bot {TimeRemaining}" />
                <MoveTo X="3560.369" Y="139.5903" Z="45.93601" />
                <If Condition="Me.HasAura(&quot;Wisp Costume&quot;)" >
                    <CustomBehavior File="RunMacro" Macro="/cancelaura Wisp Costume" />
                    <CustomBehavior File="WaitTimer" WaitTime="2000" GoalText="Waiting for bot {TimeRemaining}" />
                </If>
                <If Condition="Me.HasAura(&quot;Skeleton Costume&quot;)" >
                    <CustomBehavior File="RunMacro" Macro="/cancelaura Skeleton Costume" />
                    <CustomBehavior File="WaitTimer" WaitTime="2000" GoalText="Waiting for bot {TimeRemaining}" />
                </If>
                <If Condition="Me.HasAura(&quot;Bat Costume&quot;)" >
                    <CustomBehavior File="RunMacro" Macro="/cancelaura Bat Costume" />
                    <CustomBehavior File="WaitTimer" WaitTime="2000" GoalText="Waiting for bot {TimeRemaining}" />
                </If>
                <If Condition="Me.HasAura(&quot;Trick&quot;)" >
                    <CustomBehavior File="WaitTimer" WaitTime="60000" GoalText="Waiting for Trick to expire {TimeRemaining}" />
                </If>
                <If Condition="HasItem(33292)" >
                    <CustomBehavior File="RunMacro" Macro="/run for bag = 0,4,1 do for slot = 1, 32, 1 do local name = GetContainerItemLink(bag,slot); if name and string.find(name,'Hallowed Helm') then PickupContainerItem(bag,slot); DeleteCursorItem(); end; end; end" />
                    <CustomBehavior File="WaitTimer" WaitTime="2000" GoalText="Waiting for bot {TimeRemaining}" />
                </If>

                <!-- Wintergarde Keep - Dragonblight -->
                <CustomBehavior File="FlyTo" DestName="Wintergarde Keep - Dragonblight" X="3679.948" Y="-711.8773" Z="212.8953" />
                <CustomBehavior File="ForcedDismount" />

                <CustomBehavior File="InteractWith" MobId="194062" />
                <CustomBehavior File="RunMacro" Macro="/click QuestFrameCompleteQuestButton" />
                <CustomBehavior File="Misc\RunLua" Lua="UseItemByName(&quot;item:37586&quot;)" />
                <CustomBehavior File="WaitTimer" WaitTime="2000" GoalText="Waiting for bot {TimeRemaining}" />
                <MoveTo X="3679.948" Y="-711.8773" Z="212.8953" />
                <If Condition="Me.HasAura(&quot;Wisp Costume&quot;)" >
                    <CustomBehavior File="RunMacro" Macro="/cancelaura Wisp Costume" />
                    <CustomBehavior File="WaitTimer" WaitTime="2000" GoalText="Waiting for bot {TimeRemaining}" />
                </If>
                <If Condition="Me.HasAura(&quot;Skeleton Costume&quot;)" >
                    <CustomBehavior File="RunMacro" Macro="/cancelaura Skeleton Costume" />
                    <CustomBehavior File="WaitTimer" WaitTime="2000" GoalText="Waiting for bot {TimeRemaining}" />
                </If>
                <If Condition="Me.HasAura(&quot;Bat Costume&quot;)" >
                    <CustomBehavior File="RunMacro" Macro="/cancelaura Bat Costume" />
                    <CustomBehavior File="WaitTimer" WaitTime="2000" GoalText="Waiting for bot {TimeRemaining}" />
                </If>
                <If Condition="Me.HasAura(&quot;Trick&quot;)" >
                    <CustomBehavior File="WaitTimer" WaitTime="60000" GoalText="Waiting for Trick to expire {TimeRemaining}" />
                </If>
                <If Condition="HasItem(33292)" >
                    <CustomBehavior File="RunMacro" Macro="/run for bag = 0,4,1 do for slot = 1, 32, 1 do local name = GetContainerItemLink(bag,slot); if name and string.find(name,'Hallowed Helm') then PickupContainerItem(bag,slot); DeleteCursorItem(); end; end; end" />
                    <CustomBehavior File="WaitTimer" WaitTime="2000" GoalText="Waiting for bot {TimeRemaining}" />
                </If>

                <!-- The Argent Stand - Zul'Drak -->
                <CustomBehavior File="FlyTo" DestName="The Argent Stand - Zul'Drak" X="5505.148" Y="-2630.621" Z="303.9548" />
                <CustomBehavior File="ForcedDismount" />

                <CustomBehavior File="InteractWith" MobId="191879" />
                <CustomBehavior File="RunMacro" Macro="/click QuestFrameCompleteQuestButton" />
                <CustomBehavior File="Misc\RunLua" Lua="UseItemByName(&quot;item:37586&quot;)" />
                <CustomBehavior File="WaitTimer" WaitTime="2000" GoalText="Waiting for bot {TimeRemaining}" />
                <MoveTo X="5389.149" Y="-2654.874" Z="303.9543" />
                <If Condition="Me.HasAura(&quot;Wisp Costume&quot;)" >
                    <CustomBehavior File="RunMacro" Macro="/cancelaura Wisp Costume" />
                    <CustomBehavior File="WaitTimer" WaitTime="2000" GoalText="Waiting for bot {TimeRemaining}" />
                </If>
                <If Condition="Me.HasAura(&quot;Skeleton Costume&quot;)" >
                    <CustomBehavior File="RunMacro" Macro="/cancelaura Skeleton Costume" />
                    <CustomBehavior File="WaitTimer" WaitTime="2000" GoalText="Waiting for bot {TimeRemaining}" />
                </If>
                <If Condition="Me.HasAura(&quot;Bat Costume&quot;)" >
                    <CustomBehavior File="RunMacro" Macro="/cancelaura Bat Costume" />
                    <CustomBehavior File="WaitTimer" WaitTime="2000" GoalText="Waiting for bot {TimeRemaining}" />
                </If>
                <If Condition="Me.HasAura(&quot;Trick&quot;)" >
                    <CustomBehavior File="WaitTimer" WaitTime="60000" GoalText="Waiting for Trick to expire {TimeRemaining}" />
                </If>
                <If Condition="HasItem(33292)" >
                    <CustomBehavior File="RunMacro" Macro="/run for bag = 0,4,1 do for slot = 1, 32, 1 do local name = GetContainerItemLink(bag,slot); if name and string.find(name,'Hallowed Helm') then PickupContainerItem(bag,slot); DeleteCursorItem(); end; end; end" />
                    <CustomBehavior File="WaitTimer" WaitTime="2000" GoalText="Waiting for bot {TimeRemaining}" />
                </If>

                <!-- Zim'Torga - Zul'Drak -->
                <CustomBehavior File="FlyTo" DestName="Zim'Torga - Zul'Drak" X="5763.029" Y="-3554.934" Z="386.6287" />
                <CustomBehavior File="ForcedDismount" />

                <CustomBehavior File="InteractWith" MobId="191878" />
                <CustomBehavior File="RunMacro" Macro="/click QuestFrameCompleteQuestButton" />
                <CustomBehavior File="Misc\RunLua" Lua="UseItemByName(&quot;item:37586&quot;)" />
                <CustomBehavior File="WaitTimer" WaitTime="2000" GoalText="Waiting for bot {TimeRemaining}" />
                <MoveTo X="5763.029" Y="-3554.934" Z="386.6287" />
                <If Condition="Me.HasAura(&quot;Wisp Costume&quot;)" >
                    <CustomBehavior File="RunMacro" Macro="/cancelaura Wisp Costume" />
                    <CustomBehavior File="WaitTimer" WaitTime="2000" GoalText="Waiting for bot {TimeRemaining}" />
                </If>
                <If Condition="Me.HasAura(&quot;Skeleton Costume&quot;)" >
                    <CustomBehavior File="RunMacro" Macro="/cancelaura Skeleton Costume" />
                    <CustomBehavior File="WaitTimer" WaitTime="2000" GoalText="Waiting for bot {TimeRemaining}" />
                </If>
                <If Condition="Me.HasAura(&quot;Bat Costume&quot;)" >
                    <CustomBehavior File="RunMacro" Macro="/cancelaura Bat Costume" />
                    <CustomBehavior File="WaitTimer" WaitTime="2000" GoalText="Waiting for bot {TimeRemaining}" />
                </If>
                <If Condition="Me.HasAura(&quot;Trick&quot;)" >
                    <CustomBehavior File="WaitTimer" WaitTime="60000" GoalText="Waiting for Trick to expire {TimeRemaining}" />
                </If>
                <If Condition="HasItem(33292)" >
                    <CustomBehavior File="RunMacro" Macro="/run for bag = 0,4,1 do for slot = 1, 32, 1 do local name = GetContainerItemLink(bag,slot); if name and string.find(name,'Hallowed Helm') then PickupContainerItem(bag,slot); DeleteCursorItem(); end; end; end" />
                    <CustomBehavior File="WaitTimer" WaitTime="2000" GoalText="Waiting for bot {TimeRemaining}" />
                </If>

                <!-- None at Gundrak - Zul'drak -->

                <!-- Westfall Brigade - Grizzly Hills -->
                <CustomBehavior File="FlyTo" DestName="Westfall Brigade - Grizzly Hills" X="4590.386" Y="-4239.652" Z="178.97" />
                <CustomBehavior File="ForcedDismount" />

                <CustomBehavior File="InteractWith" MobId="191883" />
                <CustomBehavior File="RunMacro" Macro="/click QuestFrameCompleteQuestButton" />
                <CustomBehavior File="Misc\RunLua" Lua="UseItemByName(&quot;item:37586&quot;)" />
                <CustomBehavior File="WaitTimer" WaitTime="2000" GoalText="Waiting for bot {TimeRemaining}" />
                <MoveTo X="4590.386" Y="-4239.652" Z="178.97" />
                <If Condition="Me.HasAura(&quot;Wisp Costume&quot;)" >
                    <CustomBehavior File="RunMacro" Macro="/cancelaura Wisp Costume" />
                    <CustomBehavior File="WaitTimer" WaitTime="2000" GoalText="Waiting for bot {TimeRemaining}" />
                </If>
                <If Condition="Me.HasAura(&quot;Skeleton Costume&quot;)" >
                    <CustomBehavior File="RunMacro" Macro="/cancelaura Skeleton Costume" />
                    <CustomBehavior File="WaitTimer" WaitTime="2000" GoalText="Waiting for bot {TimeRemaining}" />
                </If>
                <If Condition="Me.HasAura(&quot;Bat Costume&quot;)" >
                    <CustomBehavior File="RunMacro" Macro="/cancelaura Bat Costume" />
                    <CustomBehavior File="WaitTimer" WaitTime="2000" GoalText="Waiting for bot {TimeRemaining}" />
                </If>
                <If Condition="Me.HasAura(&quot;Trick&quot;)" >
                    <CustomBehavior File="WaitTimer" WaitTime="60000" GoalText="Waiting for Trick to expire {TimeRemaining}" />
                </If>
                <If Condition="HasItem(33292)" >
                    <CustomBehavior File="RunMacro" Macro="/run for bag = 0,4,1 do for slot = 1, 32, 1 do local name = GetContainerItemLink(bag,slot); if name and string.find(name,'Hallowed Helm') then PickupContainerItem(bag,slot); DeleteCursorItem(); end; end; end" />
                    <CustomBehavior File="WaitTimer" WaitTime="2000" GoalText="Waiting for bot {TimeRemaining}" />
                </If>

                <!-- Amberpine Lodge - Grizzly Hills -->
                <CustomBehavior File="FlyTo" DestName="Amberpine Lodge - Grizzly Hills" X="3445.827" Y="-2765.101" Z="199.3697" />
                <CustomBehavior File="ForcedDismount" />

                <CustomBehavior File="InteractWith" MobId="191882" />
                <CustomBehavior File="RunMacro" Macro="/click QuestFrameCompleteQuestButton" />
                <CustomBehavior File="Misc\RunLua" Lua="UseItemByName(&quot;item:37586&quot;)" />
                <CustomBehavior File="WaitTimer" WaitTime="2000" GoalText="Waiting for bot {TimeRemaining}" />
                <MoveTo X="3445.827" Y="-2765.101" Z="199.3697" />
                <If Condition="Me.HasAura(&quot;Wisp Costume&quot;)" >
                    <CustomBehavior File="RunMacro" Macro="/cancelaura Wisp Costume" />
                    <CustomBehavior File="WaitTimer" WaitTime="2000" GoalText="Waiting for bot {TimeRemaining}" />
                </If>
                <If Condition="Me.HasAura(&quot;Skeleton Costume&quot;)" >
                    <CustomBehavior File="RunMacro" Macro="/cancelaura Skeleton Costume" />
                    <CustomBehavior File="WaitTimer" WaitTime="2000" GoalText="Waiting for bot {TimeRemaining}" />
                </If>
                <If Condition="Me.HasAura(&quot;Bat Costume&quot;)" >
                    <CustomBehavior File="RunMacro" Macro="/cancelaura Bat Costume" />
                    <CustomBehavior File="WaitTimer" WaitTime="2000" GoalText="Waiting for bot {TimeRemaining}" />
                </If>
                <If Condition="Me.HasAura(&quot;Trick&quot;)" >
                    <CustomBehavior File="WaitTimer" WaitTime="60000" GoalText="Waiting for Trick to expire {TimeRemaining}" />
                </If>
                <If Condition="HasItem(33292)" >
                    <CustomBehavior File="RunMacro" Macro="/run for bag = 0,4,1 do for slot = 1, 32, 1 do local name = GetContainerItemLink(bag,slot); if name and string.find(name,'Hallowed Helm') then PickupContainerItem(bag,slot); DeleteCursorItem(); end; end; end" />
                    <CustomBehavior File="WaitTimer" WaitTime="2000" GoalText="Waiting for bot {TimeRemaining}" />
                </If>

                <!-- Westguard Keep - Howling Fjord -->
                <CustomBehavior File="FlyTo" DestName="Westguard Keep - Howling Fjord" X="1410.561" Y="-3255.702" Z="162.5535" />
                <CustomBehavior File="ForcedDismount" />

                <CustomBehavior File="InteractWith" MobId="194057" />
                <CustomBehavior File="RunMacro" Macro="/click QuestFrameCompleteQuestButton" />
                <CustomBehavior File="Misc\RunLua" Lua="UseItemByName(&quot;item:37586&quot;)" />
                <CustomBehavior File="WaitTimer" WaitTime="2000" GoalText="Waiting for bot {TimeRemaining}" />
                <MoveTo X="1410.561" Y="-3255.702" Z="162.5535" />
                <If Condition="Me.HasAura(&quot;Wisp Costume&quot;)" >
                    <CustomBehavior File="RunMacro" Macro="/cancelaura Wisp Costume" />
                    <CustomBehavior File="WaitTimer" WaitTime="2000" GoalText="Waiting for bot {TimeRemaining}" />
                </If>
                <If Condition="Me.HasAura(&quot;Skeleton Costume&quot;)" >
                    <CustomBehavior File="RunMacro" Macro="/cancelaura Skeleton Costume" />
                    <CustomBehavior File="WaitTimer" WaitTime="2000" GoalText="Waiting for bot {TimeRemaining}" />
                </If>
                <If Condition="Me.HasAura(&quot;Bat Costume&quot;)" >
                    <CustomBehavior File="RunMacro" Macro="/cancelaura Bat Costume" />
                    <CustomBehavior File="WaitTimer" WaitTime="2000" GoalText="Waiting for bot {TimeRemaining}" />
                </If>
                <If Condition="Me.HasAura(&quot;Trick&quot;)" >
                    <CustomBehavior File="WaitTimer" WaitTime="60000" GoalText="Waiting for Trick to expire {TimeRemaining}" />
                </If>
                <If Condition="HasItem(33292)" >
                    <CustomBehavior File="RunMacro" Macro="/run for bag = 0,4,1 do for slot = 1, 32, 1 do local name = GetContainerItemLink(bag,slot); if name and string.find(name,'Hallowed Helm') then PickupContainerItem(bag,slot); DeleteCursorItem(); end; end; end" />
                    <CustomBehavior File="WaitTimer" WaitTime="2000" GoalText="Waiting for bot {TimeRemaining}" />
                </If>

                <!-- Kamagua - Howling Fjord -->
                <CustomBehavior File="FlyTo" DestName="Kamagua - Howling Fjord" X="742.6321" Y="-2925.756" Z="7.162199" />
                <CustomBehavior File="ForcedDismount" />

                <CustomBehavior File="InteractWith" MobId="194065" />
                <CustomBehavior File="RunMacro" Macro="/click QuestFrameCompleteQuestButton" />
                <CustomBehavior File="Misc\RunLua" Lua="UseItemByName(&quot;item:37586&quot;)" />
                <CustomBehavior File="WaitTimer" WaitTime="2000" GoalText="Waiting for bot {TimeRemaining}" />
                <MoveTo X="742.6321" Y="-2925.756" Z="7.162199" />
                <If Condition="Me.HasAura(&quot;Wisp Costume&quot;)" >
                    <CustomBehavior File="RunMacro" Macro="/cancelaura Wisp Costume" />
                    <CustomBehavior File="WaitTimer" WaitTime="2000" GoalText="Waiting for bot {TimeRemaining}" />
                </If>
                <If Condition="Me.HasAura(&quot;Skeleton Costume&quot;)" >
                    <CustomBehavior File="RunMacro" Macro="/cancelaura Skeleton Costume" />
                    <CustomBehavior File="WaitTimer" WaitTime="2000" GoalText="Waiting for bot {TimeRemaining}" />
                </If>
                <If Condition="Me.HasAura(&quot;Bat Costume&quot;)" >
                    <CustomBehavior File="RunMacro" Macro="/cancelaura Bat Costume" />
                    <CustomBehavior File="WaitTimer" WaitTime="2000" GoalText="Waiting for bot {TimeRemaining}" />
                </If>
                <If Condition="Me.HasAura(&quot;Trick&quot;)" >
                    <CustomBehavior File="WaitTimer" WaitTime="60000" GoalText="Waiting for Trick to expire {TimeRemaining}" />
                </If>
                <If Condition="HasItem(33292)" >
                    <CustomBehavior File="RunMacro" Macro="/run for bag = 0,4,1 do for slot = 1, 32, 1 do local name = GetContainerItemLink(bag,slot); if name and string.find(name,'Hallowed Helm') then PickupContainerItem(bag,slot); DeleteCursorItem(); end; end; end" />
                    <CustomBehavior File="WaitTimer" WaitTime="2000" GoalText="Waiting for bot {TimeRemaining}" />
                </If>

                <!-- Valgard - Howling Fjord -->
                <CustomBehavior File="FlyTo" DestName="Valgard - Howling Fjord" X="557.634" Y="-4977.702" Z="8.549819" />
                <CustomBehavior File="ForcedDismount" />

                <CustomBehavior File="InteractWith" MobId="194056" />
                <CustomBehavior File="RunMacro" Macro="/click QuestFrameCompleteQuestButton" />
                <CustomBehavior File="Misc\RunLua" Lua="UseItemByName(&quot;item:37586&quot;)" />
                <CustomBehavior File="WaitTimer" WaitTime="2000" GoalText="Waiting for bot {TimeRemaining}" />
                <MoveTo X="557.634" Y="-4977.702" Z="8.549819" />
                <If Condition="Me.HasAura(&quot;Wisp Costume&quot;)" >
                    <CustomBehavior File="RunMacro" Macro="/cancelaura Wisp Costume" />
                    <CustomBehavior File="WaitTimer" WaitTime="2000" GoalText="Waiting for bot {TimeRemaining}" />
                </If>
                <If Condition="Me.HasAura(&quot;Skeleton Costume&quot;)" >
                    <CustomBehavior File="RunMacro" Macro="/cancelaura Skeleton Costume" />
                    <CustomBehavior File="WaitTimer" WaitTime="2000" GoalText="Waiting for bot {TimeRemaining}" />
                </If>
                <If Condition="Me.HasAura(&quot;Bat Costume&quot;)" >
                    <CustomBehavior File="RunMacro" Macro="/cancelaura Bat Costume" />
                    <CustomBehavior File="WaitTimer" WaitTime="2000" GoalText="Waiting for bot {TimeRemaining}" />
                </If>
                <If Condition="Me.HasAura(&quot;Trick&quot;)" >
                    <CustomBehavior File="WaitTimer" WaitTime="60000" GoalText="Waiting for Trick to expire {TimeRemaining}" />
                </If>
                <If Condition="HasItem(33292)" >
                    <CustomBehavior File="RunMacro" Macro="/run for bag = 0,4,1 do for slot = 1, 32, 1 do local name = GetContainerItemLink(bag,slot); if name and string.find(name,'Hallowed Helm') then PickupContainerItem(bag,slot); DeleteCursorItem(); end; end; end" />
                    <CustomBehavior File="WaitTimer" WaitTime="2000" GoalText="Waiting for bot {TimeRemaining}" />
                </If>

                <!-- Fort Wildervar - Howling Fjord -->
                <CustomBehavior File="FlyTo" DestName="Fort Wildervar - Howling Fjord" X="2460.256" Y="-5084.122" Z="282.5287" />
                <CustomBehavior File="ForcedDismount" />

                <CustomBehavior File="InteractWith" MobId="194058" />
                <CustomBehavior File="RunMacro" Macro="/click QuestFrameCompleteQuestButton" />
                <CustomBehavior File="Misc\RunLua" Lua="UseItemByName(&quot;item:37586&quot;)" />
                <CustomBehavior File="WaitTimer" WaitTime="2000" GoalText="Waiting for bot {TimeRemaining}" />
                <MoveTo X="2460.256" Y="-5084.122" Z="282.5287" />
                <If Condition="Me.HasAura(&quot;Wisp Costume&quot;)" >
                    <CustomBehavior File="RunMacro" Macro="/cancelaura Wisp Costume" />
                    <CustomBehavior File="WaitTimer" WaitTime="2000" GoalText="Waiting for bot {TimeRemaining}" />
                </If>
                <If Condition="Me.HasAura(&quot;Skeleton Costume&quot;)" >
                    <CustomBehavior File="RunMacro" Macro="/cancelaura Skeleton Costume" />
                    <CustomBehavior File="WaitTimer" WaitTime="2000" GoalText="Waiting for bot {TimeRemaining}" />
                </If>
                <If Condition="Me.HasAura(&quot;Bat Costume&quot;)" >
                    <CustomBehavior File="RunMacro" Macro="/cancelaura Bat Costume" />
                    <CustomBehavior File="WaitTimer" WaitTime="2000" GoalText="Waiting for bot {TimeRemaining}" />
                </If>
                <If Condition="Me.HasAura(&quot;Trick&quot;)" >
                    <CustomBehavior File="WaitTimer" WaitTime="60000" GoalText="Waiting for Trick to expire {TimeRemaining}" />
                </If>
                <If Condition="HasItem(33292)" >
                    <CustomBehavior File="RunMacro" Macro="/run for bag = 0,4,1 do for slot = 1, 32, 1 do local name = GetContainerItemLink(bag,slot); if name and string.find(name,'Hallowed Helm') then PickupContainerItem(bag,slot); DeleteCursorItem(); end; end; end" />
                    <CustomBehavior File="WaitTimer" WaitTime="2000" GoalText="Waiting for bot {TimeRemaining}" />
                </If>

                <CustomBehavior File="FlyTo" DestName="Dalaran" X="5729.625" Y="177.3205" Z="911.6759" />
                <CustomBehavior File="FlyTo" DestName="Dalaran" X="5768.322" Y="706.1871" Z="641.5637" />
                <CustomBehavior File="ForcedDismount" />

                <!-- Dalaran Portal to SW -->
                <If Condition="Me.MapId == 571" >
                    <CustomBehavior File="InteractWith" MobId="190960" />
                    <CustomBehavior File="WaitTimer" WaitTime="10000" GoalText="Waiting for port {TimeRemaining}" />
                </If>

                <If Condition="Me.MapId == 0 &amp;&amp; Me.Z &gt; 25 &amp;&amp; Me.Z &lt; 140" >
                    <MoveTo X="-9017.377" Y="886.2785" Z="29.62125" /> <!-- runto -->
                    <CustomBehavior File="MyCTM" X="-9020.147" Y="889.248" Z="29.6207" /> <!-- ctm through portal -->
                    <CustomBehavior File="WaitTimer" WaitTime="5000" GoalText="Waiting for bot {TimeRemaining}" />
                    <MoveTo X="-8989.761" Y="860.6649" Z="125.9846" />
                </If>

                <If Condition="Me.MapId == 0" >
                    <CustomBehavior File="FlyTo" DestName="Uldum Portal" X="-8228.545" Y="419.3286" Z="117.5866" />
                    <CustomBehavior File="InteractWith" MobId="207695" />
                    <CustomBehavior File="WaitTimer" WaitTime="10000" GoalText="Waiting for port {TimeRemaining}" />
                </If>


            <CustomBehavior File="LoadProfile" ProfileName="[A - Fly] Candy Buckets - Kalimdor [Kick]" />




    </QuestOrder>
</HBProfile>
