<HBProfile xsi:noNamespaceSchemaLocation="../../Schemas/QuestProfileSchema.xsd" xmlns:xsi="http://www.w3.org/2001/XMLSchema-instance">
    <!-- Developed by Kickazz006 -->
    <Name>[N - Fly] QO Archaeology Panda Item Turnins [Kick] ($Rev: 3485 $)</Name>
    <MinDurability>0.2</MinDurability>
    <MinFreeBagSlots>5</MinFreeBagSlots>

    <MinLevel>1</MinLevel>
    <MaxLevel>1001</MaxLevel>

    <MailGrey>false</MailGrey>
    <MailWhite>true</MailWhite>
    <MailGreen>true</MailGreen>
    <MailBlue>true</MailBlue>
    <MailPurple>true</MailPurple>

    <SellGrey>true</SellGrey>
    <SellWhite>false</SellWhite>
    <SellGreen>false</SellGreen>
    <SellBlue>false</SellBlue>
    <SellPurple>false</SellPurple>

    <Mailboxes>
    </Mailboxes>
    <Vendors>
    </Vendors>
    <AvoidMobs>
    </AvoidMobs>


    <Quest Id="31015" Name="Your Private Collection">
        <Objective Type="UseObject" ObjectId="212526" UseCount="1">
            <Hotspots>
                <Hotspot X="1450.736" Y="389.5714" Z="548.0795" />
            </Hotspots>
        </Objective>
    </Quest>

    <QuestOrder>

        <CustomBehavior File="UserSettings" UseFlightPaths="false" />
        <LootMobs Value="true" />
        <UseMount Value="true" />

        <!-- Ally Archaeology Panda Item Turnins -->
        <CustomBehavior File="Message" Text="Compiling Ally Archaeology Panda Item Turnins" LogColor="Green" />

        <!-- I can add support for other continents / main cities / dalaran if i need to -->
        <If Condition="(!Me.MapId == 858)"> <!-- Pandaria -->
            <CustomBehavior File="UserDialog" StopOnContinue="true" SoundCue="Exclamation" SoundCueInterval="1" Text="You are not in Pandaria" />
        </If>

        <!--
        <If Condition="HasItem()">
            <PickUp QuestName="" QuestId="" GiverName="" GiverId="" GiverType="Item" />
            <CustomBehavior File="WaitTimer" WaitTime="2000" />
        </If>
        <If Condition="HasQuest()">
    <TurnIn QuestName="" QuestId="" TurnInName="Clutter" TurnInId="" />
        </If>
        -->

        <!-- Mogu -->
        <If Condition="HasItem(89169)"> <!-- Pristine Manacles of Rebellion -->
            <PickUp QuestName="Pristine Manacles of Rebellion" QuestId="31786" GiverName="Pristine Manacles of Rebellion" GiverId="89169" GiverType="Item" />
            <CustomBehavior File="WaitTimer" WaitTime="2000" />
        </If>
        <If Condition="HasItem(89171)"> <!-- Pristine Terracotta Arm -->
            <PickUp QuestName="Pristine Terracotta Arm" QuestId="31788" GiverName="Pristine Terracotta Arm" GiverId="89171" GiverType="Item" />
            <CustomBehavior File="WaitTimer" WaitTime="2000" />
        </If>
        <If Condition="HasItem(89173)"> <!-- Pristine Thunder King Insignia -->
            <PickUp QuestName="Pristine Thunder King Insignia" QuestId="31790" GiverName="Pristine Thunder King Insignia" GiverId="89173" GiverType="Item" />
            <CustomBehavior File="WaitTimer" WaitTime="2000" />
        </If>
        <If Condition="HasItem(89175)"> <!-- Pristine Iron Amulet -->
            <PickUp QuestName="Pristine Iron Amulet" QuestId="31792" GiverName="Pristine Iron Amulet" GiverId="89175" GiverType="Item" />
            <CustomBehavior File="WaitTimer" WaitTime="2000" />
        </If>
        <If Condition="HasItem(85477)"> <!-- Pristine Mogu Coin -->
            <PickUp QuestName="Pristine Mogu Coin" QuestId="31794" GiverName="Pristine Mogu Coin" GiverId="85477" GiverType="Item" />
            <CustomBehavior File="WaitTimer" WaitTime="2000" />
        </If>
        <If Condition="HasItem(89170)"> <!-- Pristine Mogu Runestone -->
            <PickUp QuestName="Pristine Mogu Runestone" QuestId="31787" GiverName="Pristine Mogu Runestone" GiverId="89170" GiverType="Item" />
            <CustomBehavior File="WaitTimer" WaitTime="2000" />
        </If>
        <If Condition="HasItem(89172)"> <!-- Pristine Petrified Bone Whip -->
            <PickUp QuestName="Pristine Petrified Bone Whip" QuestId="31789" GiverName="Pristine Petrified Bone Whip" GiverId="89172" GiverType="Item" />
            <CustomBehavior File="WaitTimer" WaitTime="2000" />
        </If>
        <If Condition="HasItem(89174)"> <!-- Pristine Edicts of the Thunder King -->
            <PickUp QuestName="Pristine Edicts of the Thunder King" QuestId="31791" GiverName="Pristine Edicts of the Thunder King" GiverId="89174" GiverType="Item" />
            <CustomBehavior File="WaitTimer" WaitTime="2000" />
        </If>
        <If Condition="HasItem(89176)"> <!-- Pristine Branding Iron -->
            <PickUp QuestName="Pristine Branding Iron" QuestId="31793" GiverName="Pristine Branding Iron" GiverId="89176" GiverType="Item" />
            <CustomBehavior File="WaitTimer" WaitTime="2000" />
        </If>
        <If Condition="HasItem(89209)"> <!-- Pristine Monument Ledger -->
            <PickUp QuestName="Pristine Monument Ledger" QuestId="31805" GiverName="Pristine Monument Ledger" GiverId="89209" GiverType="Item" />
            <CustomBehavior File="WaitTimer" WaitTime="2000" />
        </If>

        <!-- Pandaren -->
        <If Condition="HasItem(85557)"> <!-- Pristine Pandaren Tea Set -->
            <PickUp QuestName="Pristine Pandaren Tea Set" QuestId="31795" GiverName="Pristine Pandaren Tea Set" GiverId="85557" GiverType="Item" />
            <CustomBehavior File="WaitTimer" WaitTime="2000" />
        </If>
        <If Condition="HasItem(89178)"> <!-- Pristine Twin Stein Set -->
            <PickUp QuestName="Pristine Twin Stein Set" QuestId="31797" GiverName="Pristine Twin Stein Set" GiverId="89178" GiverType="Item" />
            <CustomBehavior File="WaitTimer" WaitTime="2000" />
        </If>
        <If Condition="HasItem(89180)"> <!-- Pristine Empty Keg -->
            <PickUp QuestName="Pristine Empty Keg" QuestId="31799" GiverName="Pristine Empty Keg" GiverId="89180" GiverType="Item" />
            <CustomBehavior File="WaitTimer" WaitTime="2000" />
        </If>
        <If Condition="HasItem(89182)"> <!-- Pristine Gold-Inlaid Figurine -->
            <PickUp QuestName="Pristine Gold-Inlaid Figurine" QuestId="31801" GiverName="Pristine Gold-Inlaid Figurine" GiverId="89182" GiverType="Item" />
            <CustomBehavior File="WaitTimer" WaitTime="2000" />
        </If>
        <If Condition="HasItem(89184)"> <!-- Pristine Pearl of Yu'lon -->
            <PickUp QuestName="Pristine Pearl of Yu'lon" QuestId="31803" GiverName="Pristine Pearl of Yu'lon" GiverId="89184" GiverType="Item" />
            <CustomBehavior File="WaitTimer" WaitTime="2000" />
        </If>
        <If Condition="HasItem(85558)"> <!-- Pristine Game Board -->
            <PickUp QuestName="Pristine Game Board" QuestId="31796" GiverName="Pristine Game Board" GiverId="85558" GiverType="Item" />
            <CustomBehavior File="WaitTimer" WaitTime="2000" />
        </If>
        <If Condition="HasItem(89179)"> <!-- Pristine Walking Cane -->
            <PickUp QuestName="Pristine Walking Cane" QuestId="31798" GiverName="Pristine Walking Cane" GiverId="89179" GiverType="Item" />
            <CustomBehavior File="WaitTimer" WaitTime="2000" />
        </If>
        <If Condition="HasItem(89181)"> <!-- Pristine Carved Bronze Mirror -->
            <PickUp QuestName="Pristine Carved Bronze Mirror" QuestId="31800" GiverName="Pristine Carved Bronze Mirror" GiverId="89181" GiverType="Item" />
            <CustomBehavior File="WaitTimer" WaitTime="2000" />
        </If>
        <If Condition="HasItem(89183)"> <!-- Pristine Apothecary Tins -->
            <PickUp QuestName="Pristine Apothecary Tins" QuestId="31802" GiverName="Pristine Apothecary Tins" GiverId="89183" GiverType="Item" />
            <CustomBehavior File="WaitTimer" WaitTime="2000" />
        </If>
        <If Condition="HasItem(89185)"> <!-- Pristine Standard of Niuzao -->
            <PickUp QuestName="Pristine Standard of Niuzao" QuestId="31804" GiverName="Pristine Standard of Niuzao" GiverId="89185" GiverType="Item" />
            <CustomBehavior File="WaitTimer" WaitTime="2000" />
        </If>

        <!-- Mantid -->
        <If Condition="HasItem(95383)"> <!-- Pristine Banner of the Mantid Empire -->
            <PickUp QuestName="Pristine Banner of the Mantid Empire" QuestId="32686" GiverName="Pristine Banner of the Mantid Empire" GiverId="95383" GiverType="Item" />
            <CustomBehavior File="WaitTimer" WaitTime="2000" />
        </If>
        <If Condition="HasItem(95385)"> <!-- Pristine Praying Mantid -->
            <PickUp QuestName="Pristine Praying Mantid" QuestId="32688" GiverName="Pristine Praying Mantid" GiverId="95385" GiverType="Item" />
            <CustomBehavior File="WaitTimer" WaitTime="2000" />
        </If>
        <If Condition="HasItem(95387)"> <!-- Pristine Remains of a Paragon -->
            <PickUp QuestName="Pristine Remains of a Paragon" QuestId="32690" GiverName="Pristine Remains of a Paragon" GiverId="95387" GiverType="Item" />
            <CustomBehavior File="WaitTimer" WaitTime="2000" />
        </If>
        <If Condition="HasItem(95389)"> <!-- Pristine Pollen Collector -->
            <PickUp QuestName="Pristine Pollen Collector" QuestId="32692" GiverName="Pristine Pollen Collector" GiverId="95389" GiverType="Item" />
            <CustomBehavior File="WaitTimer" WaitTime="2000" />
        </If>
        <If Condition="HasItem(95384)"> <!-- Pristine Ancient Sap Feeder -->
            <PickUp QuestName="Pristine Ancient Sap Feeder" QuestId="32687" GiverName="Pristine Ancient Sap Feeder" GiverId="95384" GiverType="Item" />
            <CustomBehavior File="WaitTimer" WaitTime="2000" />
        </If>
        <If Condition="HasItem(95386)"> <!-- Pristine Sound Beacon -->
            <PickUp QuestName="Pristine Sound Beacon" QuestId="32689" GiverName="Pristine Sound Beacon" GiverId="95386" GiverType="Item" />
            <CustomBehavior File="WaitTimer" WaitTime="2000" />
        </If>
        <If Condition="HasItem(95388)"> <!-- Pristine Mantid Lamp -->
            <PickUp QuestName="Pristine Mantid Lamp" QuestId="32691" GiverName="Pristine Mantid Lamp" GiverId="95388" GiverType="Item" />
            <CustomBehavior File="WaitTimer" WaitTime="2000" />
        </If>
        <If Condition="HasItem(95390)"> <!-- Pristine Kypari Sap Container -->
            <PickUp QuestName="Pristine Kypari Sap Container" QuestId="32693" GiverName="Pristine Kypari Sap Container" GiverId="95390" GiverType="Item" />
            <CustomBehavior File="WaitTimer" WaitTime="2000" />
        </If>

        <!-- I am on *any* of the quests -->
        <If Condition="HasQuest(31804) || HasQuest(31802) || HasQuest(31800) || HasQuest(31798) || HasQuest(31796) || HasQuest(31803) || HasQuest(31801) || HasQuest(31799) || HasQuest(31797) || HasQuest(31795) ||
                              HasQuest(31805) || HasQuest(31793) || HasQuest(31791) || HasQuest(31789) || HasQuest(31787) || HasQuest(31794) || HasQuest(31792) || HasQuest(31790) || HasQuest(31788) || HasQuest(31786) ||
                              HasQuest(32693) || HasQuest(32691) || HasQuest(32689) || HasQuest(32687) || HasQuest(32692) || HasQuest(32690) || HasQuest(32688) || HasQuest(32686) || (!HasQuest(31015) &amp;&amp; !IsQuestCompleted(31015))">
            <CustomBehavior File="FlyTo" DestName="Mogu'shan Palace - Fly to Point" X="1258.379" Y="592.1415" Z="628.2097" />
            <CustomBehavior File="FlyTo" DestName="Dismount at Mogu'shan Palace" X="1398.729" Y="428.9624" Z="548.287" />
            <CustomBehavior File="ForcedDismount" />
            <MoveTo X="1435.699" Y="389.2595" Z="548.0796" />
        </If>

        <!-- Starter quest for stuffs -->
        <If Condition="!HasQuest(31015) &amp;&amp; !IsQuestCompleted(31015)">
            <PickUp QuestName="Your Private Collection" QuestId="31015" GiverName="Lorewalker Cho" GiverId="61962" X="1447.177" Y="371.4531" Z="550.285" />
        </If>
        <If Condition="HasQuest(31015) &amp;&amp; !IsQuestCompleted(31015)">
            <Objective QuestName="Your Private Collection" QuestId="31015" Type="UseObject" ObjectId="212526" UseCount="1" />
        </If>
        <If Condition="HasQuest(31015) &amp;&amp; IsQuestCompleted(31015)">
            <TurnIn QuestName="Your Private Collection" QuestId="31015" TurnInName="Lorewalker Cho" TurnInId="61962" X="1447.177" Y="371.4531" Z="550.285" />
        </If>

        <!-- Mogu -->
        <If Condition="HasQuest(31786)"> <!-- Pristine Manacles of Rebellion -->
            <TurnIn QuestName="Pristine Manacles of Rebellion" QuestId="31786" TurnInName="Clutter" TurnInId="214205" />
        </If>
        <If Condition="HasQuest(31788)"> <!-- Pristine Terracotta Arm -->
            <TurnIn QuestName="Pristine Terracotta Arm" QuestId="31788" TurnInName="Clutter" TurnInId="214207" />
        </If>
        <If Condition="HasQuest(31790)"> <!-- Pristine Thunder King Insignia -->
            <TurnIn QuestName="Pristine Thunder King Insignia" QuestId="31790" TurnInName="Clutter" TurnInId="214209" />
        </If>
        <If Condition="HasQuest(31792)"> <!-- Pristine Iron Amulet -->
            <TurnIn QuestName="Pristine Iron Amulet" QuestId="31792" TurnInName="Clutter" TurnInId="214211" />
        </If>
        <If Condition="HasQuest(31794)"> <!-- Pristine Mogu Coin -->
            <TurnIn QuestName="Pristine Mogu Coin" QuestId="31794" TurnInName="Clutter" TurnInId="214213" />
        </If>
        <If Condition="HasQuest(31787)"> <!-- Pristine Mogu Runestone -->
            <TurnIn QuestName="Pristine Mogu Runestone" QuestId="31787" TurnInName="Clutter" TurnInId="214206" />
        </If>
        <If Condition="HasQuest(31789)"> <!-- Pristine Petrified Bone Whip -->
            <TurnIn QuestName="Pristine Petrified Bone Whip" QuestId="31789" TurnInName="Clutter" TurnInId="214208" />
        </If>
        <If Condition="HasQuest(31791)"> <!-- Pristine Edicts of the Thunder King -->
            <TurnIn QuestName="Pristine Edicts of the Thunder King" QuestId="31791" TurnInName="Clutter" TurnInId="214210" />
        </If>
        <If Condition="HasQuest(31793)"> <!-- Pristine Branding Iron -->
            <TurnIn QuestName="Pristine Branding Iron" QuestId="31793" TurnInName="Clutter" TurnInId="214212" />
        </If>
        <If Condition="HasQuest(31805)"> <!-- Pristine Monument Ledger -->
            <TurnIn QuestName="Pristine Monument Ledger" QuestId="31805" TurnInName="Clutter" TurnInId="214214" />
        </If>

        <!-- Pandaren -->
        <If Condition="HasQuest(31795)"> <!-- Pristine Pandaren Tea Set -->
            <TurnIn QuestName="Pristine Pandaren Tea Set" QuestId="31795" TurnInName="Clutter" TurnInId="214217" />
        </If>
        <If Condition="HasQuest(31797)"> <!-- Pristine Twin Stein Set -->
            <TurnIn QuestName="Pristine Twin Stein Set" QuestId="31797" TurnInName="Clutter" TurnInId="214219" />
        </If>
        <If Condition="HasQuest(31799)"> <!-- Pristine Empty Keg -->
            <TurnIn QuestName="Pristine Empty Keg" QuestId="31799" TurnInName="Clutter" TurnInId="214221" />
        </If>
        <If Condition="HasQuest(31801)"> <!-- Pristine Gold-Inlaid Figurine -->
            <TurnIn QuestName="Pristine Gold-Inlaid Figurine" QuestId="31801" TurnInName="Clutter" TurnInId="214223" />
        </If>
        <If Condition="HasQuest(31803)"> <!-- Pristine Pearl of Yu'lon -->
            <TurnIn QuestName="Pristine Pearl of Yu'lon" QuestId="31803" TurnInName="Clutter" TurnInId="214225" />
        </If>
        <If Condition="HasQuest(31796)"> <!-- Pristine Game Board -->
            <TurnIn QuestName="Pristine Game Board" QuestId="31796" TurnInName="Clutter" TurnInId="214218" />
        </If>
        <If Condition="HasQuest(31798)"> <!-- Pristine Walking Cane -->
            <TurnIn QuestName="Pristine Walking Cane" QuestId="31798" TurnInName="Clutter" TurnInId="214220" />
        </If>
        <If Condition="HasQuest(31800)"> <!-- Pristine Carved Bronze Mirror -->
            <TurnIn QuestName="Pristine Carved Bronze Mirror" QuestId="31800" TurnInName="Clutter" TurnInId="214222" />
        </If>
        <If Condition="HasQuest(31802)"> <!-- Pristine Apothecary Tins -->
            <TurnIn QuestName="Pristine Apothecary Tins" QuestId="31802" TurnInName="Clutter" TurnInId="214224" />
        </If>
        <If Condition="HasQuest(31804)"> <!-- Pristine Standard of Niuzao -->
            <TurnIn QuestName="Pristine Standard of Niuzao" QuestId="31804" TurnInName="Clutter" TurnInId="214226" />
        </If>

        <!-- Mantid -->
        <If Condition="HasQuest(32686)"> <!-- Pristine Banner of the Mantid Empire -->
            <TurnIn QuestName="Pristine Banner of the Mantid Empire" QuestId="32686" TurnInName="Clutter" TurnInId="218958" />
        </If>
        <If Condition="HasQuest(32688)"> <!-- Pristine Praying Mantid -->
            <TurnIn QuestName="Pristine Praying Mantid" QuestId="32688" TurnInName="Clutter" TurnInId="218956" />
        </If>
        <If Condition="HasQuest(32690)"> <!-- Pristine Remains of a Paragon -->
            <TurnIn QuestName="Pristine Remains of a Paragon" QuestId="32690" TurnInName="Clutter" TurnInId="218954" />
        </If>
        <If Condition="HasQuest(32692)"> <!-- Pristine Pollen Collector -->
            <TurnIn QuestName="Pristine Pollen Collector" QuestId="32692" TurnInName="Clutter" TurnInId="218952" />
        </If>
        <If Condition="HasQuest(32687)"> <!-- Pristine Ancient Sap Feeder -->
            <TurnIn QuestName="Pristine Ancient Sap Feeder" QuestId="32687" TurnInName="Clutter" TurnInId="218957" />
        </If>
        <If Condition="HasQuest(32689)"> <!-- Pristine Sound Beacon -->
            <TurnIn QuestName="Pristine Sound Beacon" QuestId="32689" TurnInName="Clutter" TurnInId="218955" />
        </If>
        <If Condition="HasQuest(32691)"> <!-- Pristine Mantid Lamp -->
            <TurnIn QuestName="Pristine Mantid Lamp" QuestId="32691" TurnInName="Clutter" TurnInId="218953" />
        </If>
        <If Condition="HasQuest(32693)"> <!-- Pristine Kypari Sap Container -->
            <TurnIn QuestName="Pristine Kypari Sap Container" QuestId="32693" TurnInName="Clutter" TurnInId="218951" />
        </If>



        <CustomBehavior File="FlyTo" DestName="Dismount at Mogu'shan Palace" X="1398.729" Y="428.9624" Z="548.287" />
        <CustomBehavior File="UserDialog" StopOnContinue="true" SoundCue="Exclamation" SoundCueInterval="1" Text="Done with turn-ins. Please load another profile or bot base." />


    </QuestOrder>


</HBProfile>
