<HBProfile xsi:noNamespaceSchemaLocation="../../../Schemas/QuestProfileSchema.xsd"
           xmlns:xsi="http://www.w3.org/2001/XMLSchema-instance">

    <!-- Developed by Kickazz006 -->
    <Name>To Outland ($Rev: 3552 $)</Name>

    <MinDurability>0.1</MinDurability>
    <MinFreeBagSlots>1</MinFreeBagSlots>

    <MinLevel>1</MinLevel>
    <MaxLevel>1001</MaxLevel>

    <!-- NB: Honorbuddy sells before mailing -->
    <SellGrey>true</SellGrey>
    <SellWhite>true</SellWhite>
    <SellGreen>true</SellGreen>
    <SellBlue>false</SellBlue>
    <SellPurple>false</SellPurple>

    <MailGrey>false</MailGrey>
    <MailWhite>true</MailWhite>
    <MailGreen>true</MailGreen>
    <MailBlue>true</MailBlue>
    <MailPurple>true</MailPurple>


    <QuestOrder>
        <If Condition="Me.MapId == 1">
            <CustomBehavior File="InteractWith" MobId="195142" WaitTime="5000"
                            X="1685.18" Y="-4123.42" Z="66.3376" />
        </If>
        <If Condition="!IsQuestCompleted(9407)">
            <!-- CJ: With pre-WoD drop, it is unclear what is required to get the "Throgh the Dark Portal"
            quest.  There is a "Time Traveling" (http://wowhead.com/spell=176111) aura involved.
            Higher level toons seem to be able to acquire it from Zidormi.  Lower level toons get
            an equivalent automatically or don't need it.  For now, we're just commenting out the
            quest, since its a breadcrumb anyway.
            <PickUp QuestName="Through the Dark Portal" QuestId="9407" GiverName="Warlord Dar'toon" GiverId="19254" />
            -->
        </If>
        <MoveTo QuestId="9407" X="-11894.86" Y="-3207.23" Z="-14.6287" />
        <CustomBehavior File="MyCTM" X="-11913.86" Y="-3209.951" Z="-14.66572" />
        <MoveTo X="-11906.85" Y="-3215.02" Z="-14.23298" />
        <CustomBehavior File="WaitTimer" WaitTime="10000" />

        <CustomBehavior File="LoadProfile" ProfileName="..\..\..\BC\[Fly][H - Quest] BC 58-70 [Kick]" />

    </QuestOrder>
</HBProfile>
