﻿<HBProfile xsi:noNamespaceSchemaLocation="../../../Schemas/QuestProfileSchema.xsd" xmlns:xsi="http://www.w3.org/2001/XMLSchema-instance">
    <Name>[H - Quest] Garrison 100 [Kick] ($Rev: 3547 $)</Name>

    <MinLevel>90</MinLevel>
    <MaxLevel>1001</MaxLevel>

    <MinDurability>0.2</MinDurability>
    <MinFreeBagSlots>2</MinFreeBagSlots>

    <MailGrey>false</MailGrey>
    <MailWhite>false</MailWhite>
    <MailGreen>false</MailGreen>
    <MailBlue>true</MailBlue>
    <MailPurple>true</MailPurple>

    <SellGrey>true</SellGrey>
    <SellWhite>true</SellWhite>
    <SellGreen>true</SellGreen>
    <SellBlue>false</SellBlue>
    <SellPurple>false</SellPurple>

    <TargetElites>true</TargetElites>

    <AvoidMobs>
		<Mob Name="Sargerei Demonlord" Entry="81543" />
		<Mob Name="Eye of Zamaya" Entry="88486" />
    </AvoidMobs>
    <Blackspots>
		<Blackspot Name="Shadowspeaker Niir" X="-955.0695" Y="-962.757" Z="110.9822" Radius="50" Height="100" />	
    </Blackspots>
    <Mailboxes>

    </Mailboxes>
    <Vendors>

    </Vendors>

	<Quest Id="35187" Name="Infiltrating the Sargerei">
		<Objective Type="CollectItem" ItemId="112893" CollectCount="1">
			<CollectFrom>
				<Mob Name="Sargerei Darkblade" Entry="84945" />
				<Mob Name="Sargerei Binder" Entry="81542" />
				<Mob Name="Sargerei Initiate" Entry="81541" />
				<Mob Name="Sargerei Demonspeaker" Entry="86024" />
				<Mob Name="Sargerei Worker" Entry="84888" />
				<Mob Name="Sargerei Acolyte" Entry="85168" />
			</CollectFrom>
			<Hotspots>
				<Hotspot X="-899.7138" Y="-918.5115" Z="98.59787" />
				<Hotspot X="-912.2393" Y="-883.2219" Z="101.7054" />
				<Hotspot X="-883.0535" Y="-840.8243" Z="109.942" />
				<Hotspot X="-836.6954" Y="-706.744" Z="136.5436" />
				<Hotspot X="-901.7535" Y="-722.9662" Z="140.1552" />
				<Hotspot X="-940.7975" Y="-781.686" Z="134.1009" />
				<Hotspot X="-968.2135" Y="-849.6555" Z="133.2515" />
				<Hotspot X="-840.7658" Y="-979.4446" Z="92.1722" />
				<Hotspot X="-757.1479" Y="-978.2884" Z="90.63226" />
				<Hotspot X="-793.2403" Y="-1032.677" Z="86.6097" />
				<Hotspot X="-838.1688" Y="-1022.981" Z="91.26558" />
				<Hotspot X="-872.2803" Y="-1050.167" Z="95.49908" />
				<Hotspot X="-836.4299" Y="-1088.548" Z="85.7356" />
				<Hotspot X="-893.085" Y="-1127.589" Z="83.39915" />
				<Hotspot X="-934.2734" Y="-1120.089" Z="94.94765" />
				<Hotspot X="-798.2785" Y="-1139.792" Z="83.58928" />
				<Hotspot X="-752.6512" Y="-1100.716" Z="75.63092" />
				<Hotspot X="-767.7983" Y="-1182.789" Z="90.91413" />
				<Hotspot X="-810.5331" Y="-1200.004" Z="91.95304" />
				<Hotspot X="-885.1198" Y="-1212.379" Z="99.87407" />
				<Hotspot X="-902.1123" Y="-1227.541" Z="102.6341" />
				<Hotspot X="-840.7658" Y="-979.4446" Z="92.1722" />
				<Hotspot X="-899.7138" Y="-918.5115" Z="98.59787" />
			</Hotspots>
		</Objective>
		<Objective Type="CollectItem" ItemId="112891" CollectCount="1">
			<CollectFrom>
				<Mob Name="Sargerei Darkblade" Entry="84945" />
				<Mob Name="Sargerei Binder" Entry="81542" />
				<Mob Name="Sargerei Initiate" Entry="81541" />
				<Mob Name="Sargerei Demonspeaker" Entry="86024" />
				<Mob Name="Sargerei Worker" Entry="84888" />
				<Mob Name="Sargerei Acolyte" Entry="85168" />
			</CollectFrom>
			<Hotspots>
				<Hotspot X="-899.7138" Y="-918.5115" Z="98.59787" />
				<Hotspot X="-912.2393" Y="-883.2219" Z="101.7054" />
				<Hotspot X="-883.0535" Y="-840.8243" Z="109.942" />
				<Hotspot X="-836.6954" Y="-706.744" Z="136.5436" />
				<Hotspot X="-901.7535" Y="-722.9662" Z="140.1552" />
				<Hotspot X="-940.7975" Y="-781.686" Z="134.1009" />
				<Hotspot X="-968.2135" Y="-849.6555" Z="133.2515" />
				<Hotspot X="-840.7658" Y="-979.4446" Z="92.1722" />
				<Hotspot X="-757.1479" Y="-978.2884" Z="90.63226" />
				<Hotspot X="-793.2403" Y="-1032.677" Z="86.6097" />
				<Hotspot X="-838.1688" Y="-1022.981" Z="91.26558" />
				<Hotspot X="-872.2803" Y="-1050.167" Z="95.49908" />
				<Hotspot X="-836.4299" Y="-1088.548" Z="85.7356" />
				<Hotspot X="-893.085" Y="-1127.589" Z="83.39915" />
				<Hotspot X="-934.2734" Y="-1120.089" Z="94.94765" />
				<Hotspot X="-798.2785" Y="-1139.792" Z="83.58928" />
				<Hotspot X="-752.6512" Y="-1100.716" Z="75.63092" />
				<Hotspot X="-767.7983" Y="-1182.789" Z="90.91413" />
				<Hotspot X="-810.5331" Y="-1200.004" Z="91.95304" />
				<Hotspot X="-885.1198" Y="-1212.379" Z="99.87407" />
				<Hotspot X="-902.1123" Y="-1227.541" Z="102.6341" />
				<Hotspot X="-840.7658" Y="-979.4446" Z="92.1722" />
				<Hotspot X="-899.7138" Y="-918.5115" Z="98.59787" />
			</Hotspots>
		</Objective>
		<Objective Type="CollectItem" ItemId="112791" CollectCount="1">
			<CollectFrom>
				<Mob Name="Sargerei Darkblade" Entry="84945" />
				<Mob Name="Sargerei Binder" Entry="81542" />
				<Mob Name="Sargerei Initiate" Entry="81541" />
				<Mob Name="Sargerei Demonspeaker" Entry="86024" />
				<Mob Name="Sargerei Worker" Entry="84888" />
				<Mob Name="Sargerei Acolyte" Entry="85168" />
			</CollectFrom>
			<Hotspots>
				<Hotspot X="-899.7138" Y="-918.5115" Z="98.59787" />
				<Hotspot X="-912.2393" Y="-883.2219" Z="101.7054" />
				<Hotspot X="-883.0535" Y="-840.8243" Z="109.942" />
				<Hotspot X="-836.6954" Y="-706.744" Z="136.5436" />
				<Hotspot X="-901.7535" Y="-722.9662" Z="140.1552" />
				<Hotspot X="-940.7975" Y="-781.686" Z="134.1009" />
				<Hotspot X="-968.2135" Y="-849.6555" Z="133.2515" />
				<Hotspot X="-840.7658" Y="-979.4446" Z="92.1722" />
				<Hotspot X="-757.1479" Y="-978.2884" Z="90.63226" />
				<Hotspot X="-793.2403" Y="-1032.677" Z="86.6097" />
				<Hotspot X="-838.1688" Y="-1022.981" Z="91.26558" />
				<Hotspot X="-872.2803" Y="-1050.167" Z="95.49908" />
				<Hotspot X="-836.4299" Y="-1088.548" Z="85.7356" />
				<Hotspot X="-893.085" Y="-1127.589" Z="83.39915" />
				<Hotspot X="-934.2734" Y="-1120.089" Z="94.94765" />
				<Hotspot X="-798.2785" Y="-1139.792" Z="83.58928" />
				<Hotspot X="-752.6512" Y="-1100.716" Z="75.63092" />
				<Hotspot X="-767.7983" Y="-1182.789" Z="90.91413" />
				<Hotspot X="-810.5331" Y="-1200.004" Z="91.95304" />
				<Hotspot X="-885.1198" Y="-1212.379" Z="99.87407" />
				<Hotspot X="-902.1123" Y="-1227.541" Z="102.6341" />
				<Hotspot X="-840.7658" Y="-979.4446" Z="92.1722" />
				<Hotspot X="-899.7138" Y="-918.5115" Z="98.59787" />
			</Hotspots>
		</Objective>
	</Quest>	
	<Quest Id="35189" Name="The Word of Socrethar">
		<Objective Type="KillMob" MobId="88388" KillCount="1">
			<Hotspots>
			</Hotspots>
		</Objective>
		<Objective Type="KillMob" MobId="88389" KillCount="1">
			<Hotspots>
			</Hotspots>
		</Objective>
		<Objective Type="KillMob" MobId="88390" KillCount="1">
			<Hotspots>
			</Hotspots>
		</Objective>
	</Quest>
	<Quest Id="35191" Name="Shattering the Enemy">
		<Objective Type="KillMob" MobId="88370" KillCount="6">
			<Hotspots>
			</Hotspots>
		</Objective>
	</Quest>
	<Quest Id="35188" Name="Pesky Podlings">
		<Objective Type="CollectItem" ItemId="103994" CollectCount="8">
			<CollectFrom>
				<Vendor Name="Shadowglen Thornshooter" Entry="81502" />
				<Vendor Name="Shadowglen Spitter" Entry="81637" />
				<Vendor Name="Brambleking Fili" Entry="81639" />
			</CollectFrom>
			<Hotspots>
				<Hotspot X="-581.5153" Y="-739.7039" Z="83.10621" />
				<Hotspot X="-614.8495" Y="-748.7056" Z="82.01717" />
				<Hotspot X="-622.1281" Y="-799.4313" Z="78.82407" />
				<Hotspot X="-668.6945" Y="-863.4583" Z="93.96113" />
				<Hotspot X="-745.8418" Y="-888.125" Z="96.56094" />
				<Hotspot X="-763.7274" Y="-838.4044" Z="92.0783" />
				<Hotspot X="-802.1241" Y="-856.7439" Z="89.66838" />
				<Hotspot X="-738.816" Y="-793.2066" Z="101.9874" />
				<Hotspot X="-818.4374" Y="-844.5679" Z="90.61747" />
				<Hotspot X="-758.9325" Y="-837.6901" Z="92.15617" />
				<Hotspot X="-806.3763" Y="-857.3527" Z="89.91618" />
				<Hotspot X="-719.4219" Y="-772.243" Z="96.64394" />
				<Hotspot X="-840.5156" Y="-793.8586" Z="97.57068" />
				<Hotspot X="-834.3534" Y="-885.4911" Z="94.49734" />
			</Hotspots>
		</Objective>
	</Quest>
	<Quest Id="35190" Name="An Ancient Threat">
		<Objective Type="KillMob" MobId="81481" KillCount="1">
			<Hotspots>
				<Hotspot X="-642.3044" Y="-777.6772" Z="78.60399" />
			</Hotspots>
		</Objective>
	</Quest>
	<Quest Id="35194" Name="Facing Demons">
		<Objective Type="KillMob" MobId="81697" KillCount="1">
			<Hotspots>
				<Hotspot X="-913.6857" Y="-844.8687" Z="132.6604" />
			</Hotspots>
		</Objective>
	</Quest>
	<Quest Id="35195" Name="Socrethar's Fury">
		<Objective Type="CollectItem" ItemId="119127" CollectCount="1">
			<CollectFrom>
				<Mob Name="Soulbinder Zamaya" Entry="81858" />
			</CollectFrom>
			<Hotspots>
				<Hotspot X="-1017.63" Y="-1121.897" Z="108.8698" />
			</Hotspots>
		</Objective>
	</Quest>		






    <QuestOrder>
	
		<!-- User settings - Kill between hotspots false -->

        <LootMobs Value="true" />
        <UseMount Value="true" />
		
		
    
		<!-- Pick up at garrison, turn in at Socrethar's Rise in SMV -->
		<PickUp QuestName="Garrison Campaign: The Sargerei" QuestId="35186" GiverName="Khadgar's Servant" GiverId="83858" X="5626.319" Y="4516.312" Z="119.2693" />
			<If Condition="HasQuest(35186) &amp;&amp; !IsQuestCompleted(35186) || Me.MapId == 1330" >
				<CustomBehavior File="InteractWith" MobId="79407" GossipOptions="2" NonCompeteDistance="0" KeepTargetSelected="True" Range="5" X="5575.775" Y="4563.67" Z="136.2085" /> <!-- Bron - FP Master -->
			</If>
		<TurnIn QuestName="Garrison Campaign: The Sargerei" QuestId="35186" TurnInName="Archmage Modera" TurnInId="88276" X="-791.7448" Y="-649.5989" Z="109.0033" />
		<PickUp QuestName="Infiltrating the Sargerei" QuestId="35187" GiverName="Archmage Modera" GiverId="88276" X="-791.7448" Y="-649.5989" Z="109.0033" />
			<CustomBehavior File="Hooks\Avoid" AvoidName="Eye of Zamaya" Command="Add" ObjectId="88486" Radius="20" />
			 <!-- hook - avoid this guy: 
			<Blackspot Name="Shadowspeaker Niir" X="-955.0695" Y="-962.757" Z="110.9822" Radius="50" Height="100" />	// this guy, if no mask on
			<Vendor Name="Sargerei Demonlord" Entry="81543" Type="Repair" X="-912.7247" Y="-983.6602" Z="93.49403" /> // this guy too, if no mask on
			 -->
			<While Condition="HasQuest(35187) &amp;&amp; !IsQuestCompleted(35187)" > <!-- Infiltrating the Sargerei -->
			 <If Condition="!HasItem(112904)" > <!-- Disguise pieces, but not disguise itself - Obj 1, 2, 3 -->
				<CustomBehavior File="KillUntilComplete" QuestId="35187" MobIds="84945, 81542, 81541, 86024, 84888, 85168" TerminateWhen="HasItem(112893) &amp;&amp; HasItem(112891) &amp;&amp; HasItem(112791) &amp;&amp; !HasItem(112904)" >
					<HuntingGrounds WaypointVisitStrategy="InOrder" >
						<Hotspot X="-899.7138" Y="-918.5115" Z="98.59787" />
						<Hotspot X="-912.2393" Y="-883.2219" Z="101.7054" />
						<Hotspot X="-883.0535" Y="-840.8243" Z="109.942" />
						<Hotspot X="-836.6954" Y="-706.744" Z="136.5436" />
						<Hotspot X="-901.7535" Y="-722.9662" Z="140.1552" />
						<Hotspot X="-940.7975" Y="-781.686" Z="134.1009" />
						<Hotspot X="-968.2135" Y="-849.6555" Z="133.2515" />
						<Hotspot X="-840.7658" Y="-979.4446" Z="92.1722" />
						<Hotspot X="-757.1479" Y="-978.2884" Z="90.63226" />
						<Hotspot X="-793.2403" Y="-1032.677" Z="86.6097" />
						<Hotspot X="-838.1688" Y="-1022.981" Z="91.26558" />
						<Hotspot X="-872.2803" Y="-1050.167" Z="95.49908" />
						<Hotspot X="-836.4299" Y="-1088.548" Z="85.7356" />
						<Hotspot X="-893.085" Y="-1127.589" Z="83.39915" />
						<Hotspot X="-934.2734" Y="-1120.089" Z="94.94765" />
						<Hotspot X="-798.2785" Y="-1139.792" Z="83.58928" />
						<Hotspot X="-752.6512" Y="-1100.716" Z="75.63092" />
						<Hotspot X="-767.7983" Y="-1182.789" Z="90.91413" />
						<Hotspot X="-810.5331" Y="-1200.004" Z="91.95304" />
						<Hotspot X="-885.1198" Y="-1212.379" Z="99.87407" />
						<Hotspot X="-902.1123" Y="-1227.541" Z="102.6341" />
						<Hotspot X="-840.7658" Y="-979.4446" Z="92.1722" />
						<Hotspot X="-899.7138" Y="-918.5115" Z="98.59787" />
					</HuntingGrounds>
				</CustomBehavior>
				
				<!-- Disguise pieces, but not disguise itself - Obj 4 -->
				<MoveTo DestName="Create Disguise at Socrethar's Rise" X="-785.4707" Y="-661.1999" Z="107.9179" />
				<CustomBehavior File="WaitTimer" WaitTime="2000" GoalText="Waiting for agro to clear {TimeRemaining}" />
				<CustomBehavior File="Misc\RunLua" Lua="UseItemByName(&quot;item:112893&quot;)" WaitTime="5000" />
				<CustomBehavior File="WaitTimer" WaitTime="2000" GoalText="Waiting for bot {TimeRemaining}" />
			 </If>
			 <If Condition="HasItem(112904)" > <!-- Use disguise to gain aura - Obj 5 -->
				<CustomBehavior File="WaitTimer" WaitTime="2000" GoalText="Waiting for agro to clear {TimeRemaining}" />
				<CustomBehavior File="Misc\RunLua" Lua="UseItemByName(&quot;item:112904&quot;)" WaitTime="5000" />
				<CustomBehavior File="WaitTimer" WaitTime="2000" GoalText="Waiting for bot {TimeRemaining}" />
			 </If>
			 <!-- now have <Aura Name="Sargerei Disguise" SpellId="164353" /> -->
			 <If Condition="HasItem(112904) &amp;&amp; Me.HasAura(164353)" > <!-- Disguise and Aura - Obj 6 - Zamaya -->
				<CustomBehavior File="InteractWith" QuestId="35187" MobId="81499" GossipOptions="1" NonCompeteDistance="0" WaitTime="5000" KeepTargetSelected="True" Range="5" X="-979.658" Y="-1068.146" Z="108.1332" /> <!-- Zamaya -->
			 </If>
			 <If Condition="HasItem(112904) &amp;&amp; Me.HasAura(164353)" > <!-- Disguise and Aura - Obj 7 - Laanda -->
				<CustomBehavior File="InteractWith" QuestId="35187" MobId="81530" GossipOptions="1" NonCompeteDistance="0" KeepTargetSelected="True" Range="5" X="-967.3577" Y="-1081.701" Z="107.9282" /> <!-- Laanda -->
			 </If>
			</While>
			<CustomBehavior File="Hooks\DoWhen" ActivityName="GetSargereiDisguise" UseWhen="!Me.HasAura(164353) &amp;&amp; !HasItem(112904) &amp;&amp; !IsQuestCompleted(35195)" >
				<CustomBehavior File="KillUntilComplete" MobIds="84945, 81542, 81541, 86024, 84888, 85168" TerminateWhen="HasItem(112893) &amp;&amp; HasItem(112891) &amp;&amp; HasItem(112791)" >
					<HuntingGrounds WaypointVisitStrategy="InOrder" >
						<Hotspot X="-899.7138" Y="-918.5115" Z="98.59787" />
						<Hotspot X="-912.2393" Y="-883.2219" Z="101.7054" />
						<Hotspot X="-883.0535" Y="-840.8243" Z="109.942" />
						<Hotspot X="-836.6954" Y="-706.744" Z="136.5436" />
						<Hotspot X="-901.7535" Y="-722.9662" Z="140.1552" />
						<Hotspot X="-940.7975" Y="-781.686" Z="134.1009" />
						<Hotspot X="-968.2135" Y="-849.6555" Z="133.2515" />
						<Hotspot X="-840.7658" Y="-979.4446" Z="92.1722" />
						<Hotspot X="-757.1479" Y="-978.2884" Z="90.63226" />
						<Hotspot X="-793.2403" Y="-1032.677" Z="86.6097" />
						<Hotspot X="-838.1688" Y="-1022.981" Z="91.26558" />
						<Hotspot X="-872.2803" Y="-1050.167" Z="95.49908" />
						<Hotspot X="-836.4299" Y="-1088.548" Z="85.7356" />
						<Hotspot X="-893.085" Y="-1127.589" Z="83.39915" />
						<Hotspot X="-934.2734" Y="-1120.089" Z="94.94765" />
						<Hotspot X="-798.2785" Y="-1139.792" Z="83.58928" />
						<Hotspot X="-752.6512" Y="-1100.716" Z="75.63092" />
						<Hotspot X="-767.7983" Y="-1182.789" Z="90.91413" />
						<Hotspot X="-810.5331" Y="-1200.004" Z="91.95304" />
						<Hotspot X="-885.1198" Y="-1212.379" Z="99.87407" />
						<Hotspot X="-902.1123" Y="-1227.541" Z="102.6341" />
						<Hotspot X="-840.7658" Y="-979.4446" Z="92.1722" />
						<Hotspot X="-899.7138" Y="-918.5115" Z="98.59787" />
					</HuntingGrounds>
				</CustomBehavior>
				
				<MoveTo DestName="Create Disguise at Socrethar's Rise" X="-785.4707" Y="-661.1999" Z="107.9179" />
				<CustomBehavior File="WaitTimer" WaitTime="2000" GoalText="Waiting for agro to clear {TimeRemaining}" />
				<CustomBehavior File="Misc\RunLua" Lua="UseItemByName(&quot;item:112893&quot;)" WaitTime="5000" />
				<CustomBehavior File="WaitTimer" WaitTime="2000" GoalText="Waiting for bot {TimeRemaining}" />
			</CustomBehavior>
			<CustomBehavior File="Hooks\DoWhen" ActivityName="UseSargereiDisguise" UseWhen="!Me.HasAura(164353) &amp;&amp; HasItem(112904) &amp;&amp; !IsQuestCompleted(35195)" >
				<CustomBehavior File="WaitTimer" WaitTime="2000" GoalText="Waiting for agro to clear {TimeRemaining}" />
				<CustomBehavior File="Misc\RunLua" Lua="UseItemByName(&quot;item:112904&quot;)" WaitTime="5000" />
				<CustomBehavior File="WaitTimer" WaitTime="2000" GoalText="Waiting for bot {TimeRemaining}" />
			</CustomBehavior>
		<TurnIn QuestName="Infiltrating the Sargerei" QuestId="35187" TurnInName="Anchorite Laanda" TurnInId="81530" X="-967.3577" Y="-1081.701" Z="107.9282" />		
		<PickUp QuestName="The Word of Socrethar" QuestId="35189" GiverName="Anchorite Laanda" GiverId="81530" X="-967.3577" Y="-1081.701" Z="107.9282" />
		<PickUp QuestName="Shattering the Enemy" QuestId="35191" GiverName="Anchorite Laanda" GiverId="81530" X="-967.3577" Y="-1081.701" Z="107.9282" />
		<PickUp QuestName="Pesky Podlings" QuestId="35188" GiverName="Soulbinder Zamaya" GiverId="81499" X="-979.658" Y="-1068.146" Z="108.1332" />
		<PickUp QuestName="An Ancient Threat" QuestId="35190" GiverName="Soulbinder Zamaya" GiverId="81499" X="-979.658" Y="-1068.146" Z="108.1332" />
			<While Condition="HasQuest(35189) &amp;&amp; !IsQuestCompleted(35189)" > <!-- The Word of Socrethar -->
				<CustomBehavior File="InteractWith" QuestId="35189" MobId="88390" NonCompeteDistance="0" Range="4" MobState="Alive" TerminateWhen="IsObjectiveComplete(3, 35189)" X="-898.1406" Y="-1133.172" Z="83.33572" /> 
				<CustomBehavior File="InteractWith" QuestId="35189" MobId="88388" NonCompeteDistance="0" Range="4" MobState="Alive" TerminateWhen="IsObjectiveComplete(1, 35189)" X="-718.0087" Y="-1175.606" Z="76.80322" /> 
				<CustomBehavior File="InteractWith" QuestId="35189" MobId="88389" NonCompeteDistance="0" Range="4" MobState="Alive" TerminateWhen="IsObjectiveComplete(2, 35189)" X="-577.7101" Y="-1088.993" Z="114.5822" /> 
			</While>
			<While Condition="HasQuest(35191) &amp;&amp; !IsQuestCompleted(35191)" > <!-- Shattering the Enemy -->
				<CustomBehavior File="InteractWith" QuestId="35191" MobId="88370" NonCompeteDistance="0" Range="4" MobState="Alive" TerminateWhen="IsObjectiveComplete(1, 35191)" WaitTime="2000" >
					<HuntingGrounds WaypointVisitStrategy="InOrder" >
						<Hotspot X="-601.5955" Y="-1049.726" Z="111.3301" />
						<Hotspot X="-584.8663" Y="-1106.337" Z="118.6104" />
						<Hotspot X="-674.3438" Y="-1056.045" Z="108.4834" />
						<Hotspot X="-906.1406" Y="-1130.122" Z="83.53467" />
						<Hotspot X="-713.3785" Y="-1112.915" Z="75.54252" />
						<Hotspot X="-656.882" Y="-1152.51" Z="78.79115" />
						<Hotspot X="-743.1875" Y="-1196.446" Z="76.93967" />
						<Hotspot X="-633.5938" Y="-1121.788" Z="112.8727" />
					</HuntingGrounds>
				</CustomBehavior>
			</While>
			<Objective QuestName="Pesky Podlings" QuestId="35188" Type="CollectItem" ItemId="103994" CollectCount="8" />
			<Objective QuestName="An Ancient Threat" QuestId="35190" Type="KillMob" MobId="81481" KillCount="1" />
		<TurnIn QuestName="Pesky Podlings" QuestId="35188" TurnInName="Soulbinder Zamaya" TurnInId="81499" X="-979.658" Y="-1068.146" Z="108.1332" />
		<TurnIn QuestName="An Ancient Threat" QuestId="35190" TurnInName="Soulbinder Zamaya" TurnInId="81499" X="-979.658" Y="-1068.146" Z="108.1332" />
		<TurnIn QuestName="Shattering the Enemy" QuestId="35191" TurnInName="Anchorite Laanda" TurnInId="81530" X="-967.3577" Y="-1081.701" Z="107.9282" />
		<TurnIn QuestName="The Word of Socrethar" QuestId="35189" TurnInName="Anchorite Laanda" TurnInId="81530" X="-967.3577" Y="-1081.701" Z="107.9282" />
		<PickUp QuestName="Facing Demons" QuestId="35194" GiverName="Anchorite Laanda" GiverId="81530" X="-967.3577" Y="-1081.701" Z="107.9282" />
			<While Condition="HasQuest(35194) &amp;&amp; !IsQuestCompleted(35194)" > <!-- Facing Demons -->
				<Objective QuestName="Facing Demons" QuestId="35194" Type="KillMob" MobId="81697" KillCount="1" />
				<MoveTo DestName="Demon Gate" X="-939.0074" Y="-831.2543" Z="133.3061" />
				<CustomBehavior File="WaitTimer" WaitTime="2000" GoalText="Waiting for agro to clear {TimeRemaining}" />
				<MoveTo DestName="Demon Gate" X="-939.0074" Y="-831.2543" Z="133.3061" />
				<CustomBehavior File="InteractWith" QuestId="35194" MobId="88397" NonCompeteDistance="0" Range="8" MobState="Alive" WaitTime="6000" TerminateWhen="IsObjectiveComplete(2, 35194)" X="-938.8993" Y="-833.3073" Z="133.2869" /> 
			</While>
		<TurnIn QuestName="Facing Demons" QuestId="35194" TurnInName="Laanda's Scroll" TurnInId="231918" X="-967.9393" Y="-1081.181" Z="107.9288" TurnInType="GameObject" />
		<PickUp QuestName="Socrethar's Fury" QuestId="35195" GiverName="Laanda's Scroll" GiverId="231918" X="-967.9393" Y="-1081.181" Z="107.9288" GiverType="GameObject" />
			<While Condition="HasQuest(35195) &amp;&amp; !IsQuestCompleted(35195)" > <!-- Socrethar's Fury -->
			 <If Condition="Object(231933) != null &amp;&amp; Object(231933).Distance &lt; 25"> <!-- Door -->	
				<CustomBehavior File="InteractWith" QuestId="35195" MobId="231933" NonCompeteDistance="0" Range="4" WaitForNpcs="False" X="-987.3542" Y="-1088.149" Z="112.4527" />
			 </If>
				<MoveTo QuestId="35195" DestName="Image of Socrethar" X="-1027.446" Y="-1132.571" Z="111.0692" />
				<CustomBehavior File="WaitTimer" QuestId="35195" WaitTime="8000" GoalText="Waiting for objective 1 to complete {TimeRemaining}" />
				<CustomBehavior File="KillUntilComplete" QuestId="35195" MobId="81858" TerminateWhen="IsObjectiveComplete(2, 35195)" X="-1027.446" Y="-1132.571" Z="111.0692" />
			</While>
		<TurnIn QuestName="Socrethar's Fury" QuestId="35195" TurnInName="Anchorite Laanda" TurnInId="81530" X="-1015.128" Y="-1119.144" Z="108.8059" />
		<PickUp QuestName="Forging Ahead" QuestId="35197" GiverName="Anchorite Laanda" GiverId="81530" X="-1015.128" Y="-1119.144" Z="108.8059" />
			<If Condition="HasQuest(35197)" > <!-- Forging Ahead -->
				<CustomBehavior File="WaitTimer" WaitTime="2000" GoalText="Waiting for agro to clear {TimeRemaining}" />
				<CustomBehavior File="Misc\RunLua" Lua="UseItemByName(&quot;item:110560&quot;)" WaitTime="5000" /> <!-- Garrison HS -->
				<CustomBehavior File="WaitTimer" WaitTime="12000" GoalText="Waiting for bot {TimeRemaining}" />
			
			 <!-- If we fail to use garrison hearth -->
			 <If Condition="Object(231933) != null &amp;&amp; Object(231933).Distance &lt; 60"> <!-- Door -->	
				<CustomBehavior File="InteractWith" QuestId="35195" MobId="231933" NonCompeteDistance="0" Range="4" WaitForNpcs="False" X="-987.3542" Y="-1088.149" Z="112.4527" />
			 </If>
				<MoveTo DestName="Khadgar's Servant" X="5626.319" Y="4516.312" Z="119.2693" />
			</If>
			<CustomBehavior File="Hooks\DoWhen" ActivityName="GetSargereiDisguise" Command="Remove" />
			<CustomBehavior File="Hooks\DoWhen" ActivityName="UseSargereiDisguise" Command="Remove" />
			<CustomBehavior File="Hooks\Avoid" AvoidName="Eye of Zamaya" Command="Remove" />
		<TurnIn QuestName="Forging Ahead" QuestId="35197" TurnInName="Khadgar's Servant" TurnInId="83858" X="5626.319" Y="4516.312" Z="119.2693" />




		

	
	
	<CustomBehavior File="UserDialog" AllowBotStop="True" SoundCue="Exclamation" SoundCueInterval="1" Text="Garrison Campaign completed" />
	
	






    </QuestOrder>

	<!-- Fresh 100 - these quests are available:
	Gazlowe:
	My Very Own Fortress (lvl 3 garrison)
	Ashran Appearance (Go To Dailies)

	Warmaster Zog:
	Proving Grounds / trials

	Khadgar's Servant:
	Call of the Archmage - go to zangarra		
			
	Rokhan:
	Garrison Campaign

	Callboard quest	
			
	Cordana Felsong
	Vouchsafe Our Arrival (i think this is the FFR 92'ish achievement chain)		
    

    // legendary
    <PickUp QuestName="Call of the Archmage" QuestId="35988" GiverName="Khadgar's Servant" GiverId="83858" X="5595.691" Y="4540.181" Z="127.7557" />
    <TurnIn QuestName="Call of the Archmage" QuestId="35988" TurnInName="Archmage Khadgar" TurnInId="83823" X="3168.495" Y="754.4531" Z="81.27051" />

    // Skyreach dungeon
    <PickUp QuestName="Spires of the Betrayer" QuestId="36157" GiverName="Archmage Khadgar" GiverId="83823" X="3168.495" Y="754.4531" Z="81.27051" />
        <Objective QuestName="Spires of the Betrayer" QuestId="36157" Type="CollectItem" ItemId="114780" CollectCount="1" />
    <TurnIn QuestName="Spires of the Betrayer" QuestId="36157" TurnInName="Archmage Khadgar" TurnInId="83823" X="3168.495" Y="754.4531" Z="81.27051" />

    
	This was completed in this profile:	
    // Pick up at garrison, turn in at Socrethar's Rise in SMV
    <PickUp QuestName="Garrison Campaign: The Sargerei" QuestId="35186" GiverName="Khadgar's Servant" GiverId="83858" X="5626.319" Y="4516.312" Z="119.2693" />

    
    

    
	-->		


</HBProfile>