<HBProfile xsi:noNamespaceSchemaLocation="../../../Schemas/QuestProfileSchema.xsd" xmlns:xsi="http://www.w3.org/2001/XMLSchema-instance">
    <Name>DK H LK to K [Kick] ($Rev: 3521 $)</Name>
    <MinLevel>1</MinLevel>
    <MaxLevel>1001</MaxLevel>

    <MinDurability>0.1</MinDurability>
    <MinFreeBagSlots>1</MinFreeBagSlots>


    <Vendors>
    </Vendors>

    <Mailboxes>
    </Mailboxes>

    <Blackspots>
    </Blackspots>

    <QuestOrder>

        <CustomBehavior File="UserSettings" UseFlightPaths="false" />

        <If Condition="( Me.MapId == 571 ) &amp;&amp; ( Me.Class == WoWClass.DeathKnight )">
            <While Condition="Me.ZoneId != 139">
                <CustomBehavior File="ForcedDismount" />
                <CustomBehavior File="Misc\RunLua" Lua="CastSpellByID(50977)" />
                <CustomBehavior File="WaitTimer" WaitTime="12000" GoalText="Waiting for port {TimeRemaining}" />
                <CustomBehavior File="InteractWith" MobId="190942" Range="6" WaitForNpcs="false" />
                <CustomBehavior File="WaitTimer" WaitTime="5000" GoalText="Waiting for port {TimeRemaining}" />
            </While>
        </If>

        <If Condition="Me.ZoneId == 139">
            <ClearVendor />

            <CustomBehavior File="ForceSetVendor" />
            <CustomBehavior File="WaitTimer" WaitTime="5000" GoalText="Waiting to Train  {TimeRemaining}" />
            <ClearVendor />

            <CustomBehavior File="UserSettings" UseFlightPaths="true" />
            <CustomBehavior File="InteractWith" MobId="29480" X="2348.626" Y="-5669.289" Z="382.2406" />
            <MoveTo X="2047.313" Y="310.4062" Z="54.157" />
        </If>

        <If Condition="Me.IsHorde &amp;&amp; ( Me.MapId == 0 )">
            <MoveTo X="2047.313" Y="310.4062" Z="54.157" />
            <MoveTo X="2067.457" Y="289.577" Z="97.03069" />
            <If Condition="Me.ZoneId == 85"> <!-- Tirisfal Glades -->
                <CustomBehavior File="Message" Text="Running to UC Zepp to Org" LogColor="Cornflowerblue" />
                <MoveTo X="2067.232" Y="286.1159" Z="97.03087" />

                <CustomBehavior File="Message" Text="Waiting for Zepp to Org - don't interact!" LogColor="Orange" />

                <CustomBehavior File="UseTransport" TransportId="164871"
                                WaitAtX="2070.155" WaitAtY="289.2588" WaitAtZ="97.0315"
                                TransportStartX="2062.376" TransportStartY="292.998" TransportStartZ="114.973"
                                StandOnX="2067.979" StandOnY="295.2747" StandOnZ="97.23677"
                                TransportEndX="1833.509" TransportEndY="-4391.543" TransportEndZ="152.7679"
                                GetOffX="1840.225" GetOffY="-4390.912" GetOffZ="135.2337" />

            </If>
            <CustomBehavior File="UserSettings" UseFlightPaths="false" />
        </If>

        <If Condition="( Me.MapId == 1 ) &amp;&amp; ( Me.ZoneId == 1637 )">
            <If Condition="!SpellManager.HasSpell(&quot;Flight Master's License&quot;)">
                <CustomBehavior File="ForceTrainRiding" MobId="44919" />
                <CustomBehavior File="WaitTimer" WaitTime="5000"
                                GoalText="Waiting for quest to complete {TimeRemaining}" />
            </If>
        </If>
        <If Condition="!SpellManager.HasSpell(&quot;Flight Master's License&quot;)">
            <CustomBehavior File="UserDialog" AllowBotStop="true" SoundCue="Exclamation" SoundCueInterval="1"
                            Text="You need your cata flying license to continue!!!! Train it at Org Flight Path!" />
        </If>

        <CustomBehavior File="LoadProfile" ProfileName="..\Cata\[Fly][N - Quest] Hyjal 80-82 [Kick]" />

    </QuestOrder>
</HBProfile>
