﻿<?xml version="1.0" encoding="utf-8"?>
<ClassProfile Class="Rogue" Specialization="1" Name="Rogue - Assassination">
	<TalentTree>
		<Talent Tier="1" Index="3" Name="Shadow Focus" />
		<Talent Tier="2" Index="3" Name="Combat Readiness" />
		<Talent Tier="3" Index="2" Name="Leeching Poison" />
		<Talent Tier="4" Index="1" Name="Cloak and Dagger" />
		<Talent Tier="5" Index="3" Name="Dirty Tricks" />
		<Talent Tier="6" Index="3" Name="Anticipation" />
	</TalentTree>
	<WeightSet>
		<DamagePerSecond>22</DamagePerSecond>
		
		<Agility>20</Agility>
		<Stamina>5</Stamina>

		<Mastery>16</Mastery>
		<CriticalStrike>16</CriticalStrike>
		<Versatility>14</Versatility>
		<Multistrike>14</Multistrike>
		<Haste>13</Haste>
		<AttackPower>2.5</AttackPower>
		
		<Armor>0.01</Armor>
	</WeightSet>
</ClassProfile>