<HBProfile>
  <Name></Name>
  <MinDurability>0.4</MinDurability>
  <MinFreeBagSlots>1</MinFreeBagSlots>
  
  <MinLevel>1</MinLevel>
  <MaxLevel>91</MaxLevel>
  <Factions>99999</Factions>
  
  <MailGrey>False</MailGrey>
  <MailWhite>True</MailWhite>
  <MailGreen>True</MailGreen>
  <MailBlue>True</MailBlue>
  <MailPurple>True</MailPurple>
 
  <SellGrey>True</SellGrey>
  <SellWhite>True</SellWhite>
  <SellGreen>False</SellGreen>
  <SellBlue>False</SellBlue>
  <SellPurple>False</SellPurple>

	<Vendors>

	</Vendors>
	
	<Mailboxes>

	</Mailboxes>
  <Blackspots>
	<Blackspot X="1918.384" Y="-4584.305" Z="38.08955" Radius="2.488826" />
	<Blackspot X="1904.622" Y="-4611.38" Z="38.08939" Radius="2.925328" />
	<Blackspot X="1945.513" Y="-4697.564" Z="36.01491" Radius="5.738221" />
	<Blackspot X="1955.528" Y="-4720.438" Z="37.65824" Radius="2.542814" />
	<Blackspot X="1909.309" Y="-4678.926" Z="35.30098" Radius="1.203703" />
	<Blackspot X="1904.355" Y="-4509.64" Z="26.82976" Radius="3.579645" />
	<Blackspot X="1736.511" Y="-4442.859" Z="39.60423" Radius="1.832101" />
	<Blackspot X="1841.629" Y="-4485.789" Z="46.81457" Radius="0.8158129" />
  </Blackspots>
  
  <Hotspots>
    <Hotspot X="-391.7859" Y="-2061.2" Z="172.8057" />
    <Hotspot X="-437.9514" Y="-2080.398" Z="172.3502" />
    <Hotspot X="-476.0734" Y="-2096.25" Z="171.974" />
    <Hotspot X="-491.0188" Y="-2143.835" Z="220.7252" />
    <Hotspot X="-516.4258" Y="-2224.73" Z="254.6563" />
    <Hotspot X="-531.3712" Y="-2272.316" Z="263.9606" />
    <Hotspot X="-546.3166" Y="-2319.901" Z="238.8334" />
    <Hotspot X="-561.2619" Y="-2367.486" Z="213.7062" />
    <Hotspot X="-572.6207" Y="-2403.652" Z="194.6089" />
    <Hotspot X="-500.5916" Y="-2372.856" Z="184.3441" />
    <Hotspot X="-485.2683" Y="-2366.304" Z="174.9272" />
    <Hotspot X="-435.3931" Y="-2362.776" Z="174.8447" />
    <Hotspot X="-385.5178" Y="-2359.248" Z="176.5554" />
    <Hotspot X="-335.6425" Y="-2355.719" Z="178.2662" />
    <Hotspot X="-285.7672" Y="-2352.191" Z="179.9769" />
    <Hotspot X="-235.8919" Y="-2348.663" Z="181.6877" />
    <Hotspot X="-186.0166" Y="-2345.135" Z="183.3984" />
    <Hotspot X="-160.3783" Y="-2343.321" Z="174.3895" />
    <Hotspot X="-76.43948" Y="-2356.635" Z="187.1612" />
    <Hotspot X="-40.84337" Y="-2362.282" Z="172.3814" />
    <Hotspot X="-41.90403" Y="-2507.044" Z="218.3206" />
    <Hotspot X="-42.37578" Y="-2571.43" Z="184.2744" />
    <Hotspot X="-1.450516" Y="-2521.135" Z="179.741" />
    <Hotspot X="30.03046" Y="-2482.447" Z="176.2538" />
    <Hotspot X="61.51143" Y="-2443.759" Z="172.7666" />
    <Hotspot X="67.96414" Y="-2435.829" Z="172.0518" />
    <Hotspot X="78.90088" Y="-2387.418" Z="178.1154" />
    <Hotspot X="89.83762" Y="-2339.007" Z="184.1789" />
    <Hotspot X="94.01662" Y="-2320.509" Z="186.4958" />
    <Hotspot X="52.81794" Y="-2292.631" Z="181.446" />
    <Hotspot X="11.61925" Y="-2264.753" Z="176.3962" />
    <Hotspot X="-25.1158" Y="-2239.896" Z="171.8935" />
    <Hotspot X="-25.80869" Y="-2189.901" Z="172.0159" />
    <Hotspot X="-26.50158" Y="-2139.906" Z="173.8901" />
    <Hotspot X="-27.05086" Y="-2100.272" Z="172.2336" />
    <Hotspot X="21.65714" Y="-2089.7" Z="176.2028" />
    <Hotspot X="70.36513" Y="-2079.127" Z="184.5212" />
    <Hotspot X="119.0731" Y="-2068.555" Z="192.8396" />
    <Hotspot X="130.9545" Y="-2065.976" Z="185.1094" />
    <Hotspot X="130.8501" Y="-2016.452" Z="178.2284" />
    <Hotspot X="130.7967" Y="-1991.101" Z="174.7061" />
    <Hotspot X="180.6748" Y="-1992.609" Z="177.853" />
    <Hotspot X="230.5528" Y="-1994.118" Z="194.4612" />
    <Hotspot X="290.4066" Y="-1995.927" Z="214.391" />
    <Hotspot X="320.8267" Y="-1996.847" Z="186.6952" />
    <Hotspot X="298.8348" Y="-1952.111" Z="187.8057" />
    <Hotspot X="276.8429" Y="-1907.375" Z="181.7336" />
    <Hotspot X="254.8511" Y="-1862.639" Z="175.6615" />
    <Hotspot X="248.7992" Y="-1850.328" Z="173.9906" />
    <Hotspot X="297.2445" Y="-1862.69" Z="173.4894" />
    <Hotspot X="345.6898" Y="-1875.051" Z="172.9882" />
    <Hotspot X="359.1392" Y="-1878.483" Z="172.8491" />
    <Hotspot X="383.5934" Y="-1835.301" Z="178.9595" />
    <Hotspot X="406.6467" Y="-1794.594" Z="184.7199" />
    <Hotspot X="436.4909" Y="-1834.469" Z="180.3323" />
    <Hotspot X="466.3352" Y="-1874.345" Z="175.9447" />
    <Hotspot X="494.8042" Y="-1912.383" Z="171.7593" />
    <Hotspot X="532.762" Y="-1879.838" Z="175.5382" />
    <Hotspot X="570.7198" Y="-1847.293" Z="172.488" />
    <Hotspot X="575.2217" Y="-1843.433" Z="172.1263" />
    <Hotspot X="545.3056" Y="-1803.374" Z="174.8621" />
    <Hotspot X="515.3895" Y="-1763.315" Z="173.5147" />
    <Hotspot X="510.8567" Y="-1757.246" Z="173.3105" />
    <Hotspot X="492.1125" Y="-1710.892" Z="184.3282" />
    <Hotspot X="458.3729" Y="-1627.456" Z="207.6868" />
    <Hotspot X="439.6286" Y="-1581.102" Z="174.6703" />
    <Hotspot X="438.8291" Y="-1579.125" Z="173.262" />
    <Hotspot X="392.4224" Y="-1608.504" Z="201.3575" />
    <Hotspot X="350.2344" Y="-1635.213" Z="181.3709" />
    <Hotspot X="345.3466" Y="-1638.307" Z="179.0553" />
    <Hotspot X="300.3969" Y="-1660.154" Z="183.1539" />
    <Hotspot X="255.4472" Y="-1682" Z="179.5669" />
    <Hotspot X="210.4975" Y="-1703.847" Z="175.9798" />
    <Hotspot X="179.8367" Y="-1718.749" Z="173.533" />
    <Hotspot X="113.2552" Y="-1823.142" Z="191.4054" />
    <Hotspot X="112.4067" Y="-1824.472" Z="190.8991" />
    <Hotspot X="79.5136" Y="-1860.745" Z="180.7823" />
    <Hotspot X="60.30163" Y="-1881.93" Z="174.8734" />
    <Hotspot X="13.36288" Y="-1888.161" Z="190.9337" />
    <Hotspot X="-33.57586" Y="-1894.392" Z="206.994" />
    <Hotspot X="-69.55836" Y="-1899.168" Z="219.3056" />
    <Hotspot X="-108.8484" Y="-1871.131" Z="206.2581" />
    <Hotspot X="-148.1385" Y="-1843.095" Z="193.2106" />
    <Hotspot X="-195.2865" Y="-1809.451" Z="177.5536" />
    <Hotspot X="-212.0809" Y="-1797.467" Z="171.9765" />
    <Hotspot X="-189.7518" Y="-1752.8" Z="175.076" />
    <Hotspot X="-167.4227" Y="-1708.133" Z="177.1375" />
    <Hotspot X="-160.3783" Y="-1694.042" Z="177.7879" />
    <Hotspot X="-112.6297" Y="-1708.824" Z="176.5347" />
    <Hotspot X="-76.85704" Y="-1719.898" Z="175.5958" />
    <Hotspot X="-60.78769" Y="-1672.551" Z="175.7017" />
    <Hotspot X="-44.71835" Y="-1625.203" Z="177.6211" />
    <Hotspot X="-28.649" Y="-1577.856" Z="179.5405" />
    <Hotspot X="-12.57966" Y="-1530.509" Z="181.4598" />
    <Hotspot X="-0.998265" Y="-1496.385" Z="176.0957" />
    <Hotspot X="39.88733" Y="-1467.878" Z="180.059" />
    <Hotspot X="80.77293" Y="-1439.371" Z="184.0223" />
    <Hotspot X="86.35423" Y="-1435.479" Z="184.5634" />
    <Hotspot X="130.1472" Y="-1459.419" Z="187.5706" />
    <Hotspot X="165.0641" Y="-1478.507" Z="189.9683" />
    <Hotspot X="209.1159" Y="-1455.121" Z="186.4255" />
    <Hotspot X="266.3832" Y="-1424.72" Z="195.7917" />
    <Hotspot X="289.4104" Y="-1412.496" Z="179.9678" />
    <Hotspot X="338.813" Y="-1410.63" Z="187.4442" />
    <Hotspot X="393.156" Y="-1408.578" Z="195.8408" />
    <Hotspot X="395.9192" Y="-1408.474" Z="196.0864" />
    <Hotspot X="413.6714" Y="-1361.883" Z="192.3289" />
    <Hotspot X="431.4236" Y="-1315.291" Z="191.7986" />
    <Hotspot X="449.1759" Y="-1268.7" Z="191.2682" />
    <Hotspot X="466.9281" Y="-1222.109" Z="190.7377" />
    <Hotspot X="484.6804" Y="-1175.518" Z="182.0323" />
    <Hotspot X="501.6617" Y="-1130.95" Z="173.7049" />
    <Hotspot X="539.7426" Y="-1162.895" Z="179.1215" />
    <Hotspot X="589.2478" Y="-1204.424" Z="202.4348" />
    <Hotspot X="627.3287" Y="-1236.37" Z="199.1537" />
    <Hotspot X="660.4893" Y="-1264.187" Z="196.2965" />
    <Hotspot X="662.5664" Y="-1314.07" Z="199.0139" />
    <Hotspot X="664.6436" Y="-1363.953" Z="203.6497" />
    <Hotspot X="666.7208" Y="-1413.836" Z="208.2854" />
    <Hotspot X="667.5742" Y="-1434.33" Z="205.5652" />
    <Hotspot X="677.0569" Y="-1483.327" Z="202.5047" />
    <Hotspot X="688.4363" Y="-1542.123" Z="198.8322" />
    <Hotspot X="697.8217" Y="-1590.617" Z="195.8033" />
    <Hotspot X="681.3653" Y="-1636.533" Z="184.8089" />
    <Hotspot X="664.909" Y="-1682.449" Z="173.8299" />
    <Hotspot X="664.8729" Y="-1682.55" Z="173.7905" />
    <Hotspot X="696.2769" Y="-1721.433" Z="186.7751" />
    <Hotspot X="740.2424" Y="-1775.869" Z="184.8915" />
    <Hotspot X="771.6464" Y="-1814.751" Z="183.546" />
    <Hotspot X="803.0504" Y="-1853.634" Z="182.2005" />
    <Hotspot X="829.6166" Y="-1886.527" Z="181.0623" />
    <Hotspot X="805.4684" Y="-1930.288" Z="187.4716" />
    <Hotspot X="764.4164" Y="-2004.681" Z="214.478" />
    <Hotspot X="740.2682" Y="-2048.442" Z="179.9196" />
    <Hotspot X="737.6666" Y="-2053.156" Z="175.8607" />
    <Hotspot X="754.6169" Y="-2100.185" Z="176.8614" />
    <Hotspot X="771.5672" Y="-2147.213" Z="177.8621" />
    <Hotspot X="783.6417" Y="-2180.714" Z="178.5749" />
    <Hotspot X="782.9435" Y="-2230.709" Z="178.4404" />
    <Hotspot X="782.2454" Y="-2280.704" Z="178.4063" />
    <Hotspot X="781.5473" Y="-2330.699" Z="178.3722" />
    <Hotspot X="780.6397" Y="-2395.692" Z="178.3279" />
    <Hotspot X="780.5767" Y="-2400.205" Z="177.9844" />
    <Hotspot X="734.517" Y="-2380.777" Z="176.9583" />
    <Hotspot X="688.4572" Y="-2361.349" Z="175.9322" />
    <Hotspot X="645.7167" Y="-2343.321" Z="174.9801" />
    <Hotspot X="596.6613" Y="-2352.935" Z="173.9149" />
    <Hotspot X="547.6059" Y="-2362.549" Z="172.8498" />
    <Hotspot X="510.8567" Y="-2369.752" Z="172.0518" />
    <Hotspot X="464.6989" Y="-2388.939" Z="179.6321" />
    <Hotspot X="413.9252" Y="-2410.045" Z="240.6579" />
    <Hotspot X="367.7673" Y="-2429.232" Z="228.3555" />
    <Hotspot X="312.3779" Y="-2452.256" Z="213.5926" />
    <Hotspot X="247.7569" Y="-2479.118" Z="196.3691" />
    <Hotspot X="228.8766" Y="-2486.967" Z="179.0333" />
    <Hotspot X="200.452" Y="-2527.877" Z="180.8717" />
    <Hotspot X="181.3692" Y="-2555.342" Z="171.8691" />
    <Hotspot X="231.2467" Y="-2558.841" Z="172.0123" />
    <Hotspot X="281.1241" Y="-2562.34" Z="173.0268" />
    <Hotspot X="331.0015" Y="-2565.839" Z="172.5924" />
    <Hotspot X="380.8789" Y="-2569.337" Z="172.1581" />
    <Hotspot X="418.9066" Y="-2572.005" Z="171.8268" />
    <Hotspot X="429.3397" Y="-2620.901" Z="172.3841" />
    <Hotspot X="439.7728" Y="-2669.798" Z="174.0547" />
    <Hotspot X="450.2059" Y="-2718.694" Z="174.1494" />
    <Hotspot X="460.639" Y="-2767.59" Z="174.244" />
    <Hotspot X="464.8816" Y="-2787.474" Z="174.2825" />
    <Hotspot X="507.4626" Y="-2813.68" Z="174.0149" />
    <Hotspot X="546.1041" Y="-2837.462" Z="173.7721" />
    <Hotspot X="568.6286" Y="-2792.824" Z="173.9708" />
    <Hotspot X="591.1531" Y="-2748.185" Z="174.5345" />
    <Hotspot X="613.6776" Y="-2703.546" Z="175.0981" />
    <Hotspot X="636.2021" Y="-2658.908" Z="175.6617" />
    <Hotspot X="642.6517" Y="-2646.126" Z="174.624" />
    <Hotspot X="684.9842" Y="-2672.728" Z="174.3647" />
    <Hotspot X="727.3167" Y="-2699.33" Z="173.6543" />
    <Hotspot X="751.4592" Y="-2714.502" Z="173.2491" />
    <Hotspot X="800.8883" Y="-2707.479" Z="175.977" />
    <Hotspot X="850.3174" Y="-2700.456" Z="178.7049" />
    <Hotspot X="897.0467" Y="-2693.817" Z="181.2838" />
    <Hotspot X="854.9451" Y="-2720.764" Z="181.9155" />
    <Hotspot X="812.8436" Y="-2747.712" Z="180.6592" />
    <Hotspot X="770.7421" Y="-2774.659" Z="179.4029" />
    <Hotspot X="724.4304" Y="-2804.302" Z="178.021" />
    <Hotspot X="682.4966" Y="-2831.142" Z="175.5045" />
    <Hotspot X="729.7267" Y="-2847.488" Z="174.0437" />
    <Hotspot X="776.9568" Y="-2863.834" Z="172.5828" />
    <Hotspot X="802.0316" Y="-2872.512" Z="171.8073" />
    <Hotspot X="836.7768" Y="-2908.46" Z="172.5134" />
    <Hotspot X="871.5219" Y="-2944.408" Z="173.9127" />
    <Hotspot X="906.2671" Y="-2980.357" Z="175.3119" />
    <Hotspot X="923.0991" Y="-2997.771" Z="174.2677" />
    <Hotspot X="934.3338" Y="-2949.056" Z="173.5003" />
    <Hotspot X="945.5685" Y="-2900.341" Z="172.7451" />
    <Hotspot X="956.8032" Y="-2851.625" Z="171.99" />
    <Hotspot X="958.3467" Y="-2844.932" Z="171.86" />
    <Hotspot X="1005.464" Y="-2861.44" Z="189.2542" />
    <Hotspot X="1051.829" Y="-2877.683" Z="177.2715" />
    <Hotspot X="1072.293" Y="-2923.254" Z="177.2105" />
    <Hotspot X="1092.757" Y="-2968.824" Z="173.67" />
    <Hotspot X="1102.402" Y="-2990.302" Z="172.0014" />
    <Hotspot X="1150.967" Y="-3002.025" Z="173.9966" />
    <Hotspot X="1199.532" Y="-3013.748" Z="175.9917" />
    <Hotspot X="1248.097" Y="-3025.472" Z="177.9868" />
    <Hotspot X="1296.662" Y="-3037.195" Z="179.9819" />
    <Hotspot X="1326.147" Y="-3044.313" Z="181.1931" />
    <Hotspot X="1285.535" Y="-3073.264" Z="177.6568" />
    <Hotspot X="1244.924" Y="-3102.216" Z="174.1204" />
    <Hotspot X="1217.339" Y="-3121.881" Z="171.7184" />
    <Hotspot X="1178.305" Y="-3153.127" Z="172.3833" />
    <Hotspot X="1139.271" Y="-3184.374" Z="172.2198" />
    <Hotspot X="1131.922" Y="-3190.257" Z="172.0051" />
    <Hotspot X="1100.095" Y="-3228.809" Z="173.0333" />
    <Hotspot X="1068.268" Y="-3267.36" Z="181.675" />
    <Hotspot X="1017.346" Y="-3329.043" Z="195.5018" />
    <Hotspot X="979.1539" Y="-3375.306" Z="181.9607" />
    <Hotspot X="964.4767" Y="-3393.084" Z="176.7569" />
    <Hotspot X="948.7602" Y="-3440.493" Z="211.0497" />
    <Hotspot X="933.0437" Y="-3487.902" Z="176.7522" />
    <Hotspot X="930.7617" Y="-3494.786" Z="171.7721" />
    <Hotspot X="975.5652" Y="-3516.647" Z="173.6564" />
    <Hotspot X="1033.81" Y="-3545.066" Z="176.1332" />
    <Hotspot X="1078.613" Y="-3566.927" Z="178.0384" />
    <Hotspot X="1123.417" Y="-3588.787" Z="179.9436" />
    <Hotspot X="1154.507" Y="-3603.957" Z="152.5963" />
    <Hotspot X="1105.075" Y="-3610.636" Z="149.4092" />
    <Hotspot X="1055.644" Y="-3617.315" Z="147.0977" />
    <Hotspot X="1006.212" Y="-3623.995" Z="144.7861" />
    <Hotspot X="927.1216" Y="-3634.681" Z="141.0877" />
    <Hotspot X="877.6901" Y="-3641.361" Z="138.7762" />
    <Hotspot X="818.3723" Y="-3649.376" Z="136.0024" />
    <Hotspot X="768.9408" Y="-3656.055" Z="133.6909" />
    <Hotspot X="694.7935" Y="-3666.074" Z="130.2236" />
    <Hotspot X="682.4966" Y="-3667.735" Z="119.6389" />
    <Hotspot X="632.7521" Y="-3663.364" Z="119.4231" />
    <Hotspot X="584.4167" Y="-3659.117" Z="114.6591" />
    <Hotspot X="571.1602" Y="-3572.965" Z="177.039" />
    <Hotspot X="563.4854" Y="-3523.088" Z="179.5074" />
    <Hotspot X="561.4291" Y="-3509.725" Z="180.1687" />
    <Hotspot X="523.4554" Y="-3477.367" Z="176.8624" />
    <Hotspot X="485.4816" Y="-3445.009" Z="177.8568" />
    <Hotspot X="477.1417" Y="-3437.902" Z="172.83" />
    <Hotspot X="434.7524" Y="-3412.473" Z="173.1913" />
    <Hotspot X="392.3631" Y="-3387.044" Z="180.9293" />
    <Hotspot X="349.9738" Y="-3361.615" Z="188.6672" />
    <Hotspot X="307.5844" Y="-3336.186" Z="163.0632" />
    <Hotspot X="285.5792" Y="-3322.985" Z="138.8568" />
    <Hotspot X="292.4497" Y="-3274.042" Z="146.4296" />
    <Hotspot X="299.3202" Y="-3225.099" Z="156.0649" />
    <Hotspot X="300.9042" Y="-3213.815" Z="155.7484" />
    <Hotspot X="348.4078" Y="-3199.258" Z="180.005" />
    <Hotspot X="395.9115" Y="-3184.701" Z="177.7018" />
    <Hotspot X="443.4151" Y="-3170.144" Z="175.3985" />
    <Hotspot X="460.2841" Y="-3164.975" Z="174.5806" />
    <Hotspot X="500.9636" Y="-3135.91" Z="174.2368" />
    <Hotspot X="541.6429" Y="-3106.845" Z="173.7799" />
    <Hotspot X="582.3223" Y="-3077.78" Z="173.3229" />
    <Hotspot X="622.7291" Y="-3048.909" Z="172.0467" />
    <Hotspot X="572.8091" Y="-3046.084" Z="173.7526" />
    <Hotspot X="541.5067" Y="-3044.313" Z="171.8388" />
    <Hotspot X="510.2117" Y="-3005.388" Z="174.1794" />
    <Hotspot X="478.9167" Y="-2966.463" Z="176.5201" />
    <Hotspot X="465.2841" Y="-2949.506" Z="177.5397" />
    <Hotspot X="415.3754" Y="-2950.988" Z="234.2133" />
    <Hotspot X="360.4757" Y="-2952.618" Z="286.9205" />
    <Hotspot X="290.6034" Y="-2954.693" Z="208.7802" />
    <Hotspot X="271.7867" Y="-2955.252" Z="187.7368" />
    <Hotspot X="221.8569" Y="-2956.987" Z="185.7324" />
    <Hotspot X="171.9273" Y="-2958.722" Z="183.7279" />
    <Hotspot X="121.9976" Y="-2960.457" Z="181.7234" />
    <Hotspot X="72.06796" Y="-2962.192" Z="179.7189" />
    <Hotspot X="22.13829" Y="-2963.927" Z="177.7144" />
    <Hotspot X="-27.79137" Y="-2965.662" Z="175.7099" />
    <Hotspot X="-42.37578" Y="-2966.169" Z="175.1244" />
    <Hotspot X="-92.32861" Y="-2965.424" Z="177.164" />
    <Hotspot X="-142.2814" Y="-2964.68" Z="179.2036" />
    <Hotspot X="-197.2296" Y="-2963.86" Z="181.4471" />
    <Hotspot X="-235.0683" Y="-2963.296" Z="182.992" />
    <Hotspot X="-282.541" Y="-2935.746" Z="202.7327" />
    <Hotspot X="-325.6979" Y="-2910.7" Z="189.5093" />
    <Hotspot X="-368.8549" Y="-2885.655" Z="176.2859" />
    <Hotspot X="-382.5907" Y="-2877.683" Z="172.0772" />
    <Hotspot X="-347.4702" Y="-2913.272" Z="172.4345" />
    <Hotspot X="-298.3016" Y="-2963.096" Z="211.8244" />
    <Hotspot X="-252.6449" Y="-3009.361" Z="190.6044" />
    <Hotspot X="-217.5245" Y="-3044.95" Z="174.2813" />
    <Hotspot X="-212.4833" Y="-3050.058" Z="171.9383" />
    <Hotspot X="-162.5799" Y="-3053.061" Z="174.8134" />
    <Hotspot X="-112.6765" Y="-3056.064" Z="191.6932" />
    <Hotspot X="-88.35075" Y="-3057.528" Z="173.9156" />
    <Hotspot X="-58.77121" Y="-3097.837" Z="174.881" />
    <Hotspot X="-29.19166" Y="-3138.146" Z="173.6589" />
    <Hotspot X="-8.66078" Y="-3166.124" Z="172.6178" />
    <Hotspot X="-40.02749" Y="-3204.843" Z="176.7397" />
    <Hotspot X="-71.3942" Y="-3243.562" Z="180.8615" />
    <Hotspot X="-102.7609" Y="-3282.281" Z="184.9834" />
    <Hotspot X="-108.2734" Y="-3289.085" Z="185.7077" />
    <Hotspot X="-101.5122" Y="-3338.263" Z="179.7259" />
    <Hotspot X="-94.75106" Y="-3387.442" Z="173.744" />
    <Hotspot X="-92.94833" Y="-3400.554" Z="172.1491" />
    <Hotspot X="-39.29308" Y="-3418.703" Z="172.0511" />
    <Hotspot X="45.66107" Y="-3447.439" Z="122.1492" />
    <Hotspot X="48.04165" Y="-3448.244" Z="120.1416" />
    <Hotspot X="-24.58727" Y="-3501.39" Z="124.696" />
    <Hotspot X="-64.93667" Y="-3530.916" Z="122.3616" />
    <Hotspot X="-105.2861" Y="-3560.441" Z="120.0271" />
    <Hotspot X="-135.7322" Y="-3582.72" Z="118.2656" />
    <Hotspot X="-181.2785" Y="-3602.95" Z="122.3022" />
    <Hotspot X="-209.4182" Y="-3615.448" Z="124.7962" />
    <Hotspot X="-211.2754" Y="-3569.261" Z="143.8559" />
    <Hotspot X="-213.1326" Y="-3523.073" Z="176.5691" />
    <Hotspot X="-214.0158" Y="-3501.106" Z="171.9805" />
    <Hotspot X="-263.9947" Y="-3501.904" Z="173.1974" />
    <Hotspot X="-286.0434" Y="-3502.255" Z="173.7342" />
    <Hotspot X="-321.4503" Y="-3466.956" Z="173.212" />
    <Hotspot X="-353.4734" Y="-3435.029" Z="172.7398" />
    <Hotspot X="-392.165" Y="-3466.68" Z="173.8253" />
    <Hotspot X="-430.8566" Y="-3498.331" Z="174.9109" />
    <Hotspot X="-437.7607" Y="-3503.979" Z="175.1046" />
    <Hotspot X="-437.1027" Y="-3443.993" Z="173.9657" />
    <Hotspot X="-436.5544" Y="-3394.005" Z="173.0166" />
    <Hotspot X="-436.006" Y="-3344.018" Z="172.0676" />
    <Hotspot X="-435.8258" Y="-3327.582" Z="171.7555" />
    <Hotspot X="-489.1785" Y="-3314.491" Z="199.1417" />
    <Hotspot X="-547.3814" Y="-3300.209" Z="216.9941" />
    <Hotspot X="-583.3484" Y="-3291.383" Z="179.1218" />
    <Hotspot X="-632.058" Y="-3302.607" Z="177.9368" />
    <Hotspot X="-680.7676" Y="-3313.83" Z="176.926" />
    <Hotspot X="-729.4773" Y="-3325.054" Z="175.6989" />
    <Hotspot X="-778.1869" Y="-3336.277" Z="174.4718" />
    <Hotspot X="-826.8965" Y="-3347.501" Z="173.2446" />
    <Hotspot X="-882.5883" Y="-3360.333" Z="171.8416" />
    <Hotspot X="-838.1649" Y="-3383.28" Z="172.6674" />
    <Hotspot X="-793.7416" Y="-3406.227" Z="174.7614" />
    <Hotspot X="-749.3182" Y="-3429.174" Z="172.7691" />
    <Hotspot X="-733.5332" Y="-3437.328" Z="172.0611" />
    <Hotspot X="-696.0546" Y="-3470.424" Z="172.0611" />
    <Hotspot X="-658.5759" Y="-3503.52" Z="172.0611" />
    <Hotspot X="-621.0972" Y="-3536.616" Z="172.0611" />
    <Hotspot X="-617.0633" Y="-3540.178" Z="172.0611" />
    <Hotspot X="-610.5952" Y="-3589.758" Z="172.0611" />
    <Hotspot X="-603.4802" Y="-3644.296" Z="171.9151" />
    <Hotspot X="-603.2708" Y="-3645.901" Z="171.9108" />
    <Hotspot X="-559.2643" Y="-3661.642" Z="176.337" />
    <Hotspot X="-484.4533" Y="-3688.401" Z="127.5456" />
    <Hotspot X="-469.9433" Y="-3693.592" Z="118.0822" />
    <Hotspot X="-419.9711" Y="-3693.592" Z="124.769" />
    <Hotspot X="-377.9933" Y="-3693.592" Z="115.013" />
    <Hotspot X="-414.0309" Y="-3728.215" Z="113.429" />
    <Hotspot X="-450.0684" Y="-3762.839" Z="111.845" />
    <Hotspot X="-486.1058" Y="-3797.462" Z="110.261" />
    <Hotspot X="-522.1433" Y="-3832.086" Z="108.677" />
    <Hotspot X="-525.1133" Y="-3834.939" Z="108.5464" />
    <Hotspot X="-570.0583" Y="-3856.846" Z="108.3346" />
    <Hotspot X="-615.0034" Y="-3878.753" Z="108.1229" />
    <Hotspot X="-647.7133" Y="-3894.696" Z="107.9688" />
    <Hotspot X="-697.4776" Y="-3895.14" Z="110.5179" />
    <Hotspot X="-747.2419" Y="-3895.584" Z="101.9072" />
    <Hotspot X="-776.4432" Y="-3895.845" Z="95.4769" />
    <Hotspot X="-823.272" Y="-3878.355" Z="96.55702" />
    <Hotspot X="-874.7836" Y="-3859.116" Z="97.74517" />
    <Hotspot X="-921.6124" Y="-3841.626" Z="98.8253" />
    <Hotspot X="-968.4412" Y="-3824.136" Z="99.90543" />
    <Hotspot X="-1015.27" Y="-3806.646" Z="100.9856" />
    <Hotspot X="-1062.099" Y="-3789.156" Z="102.0657" />
    <Hotspot X="-1108.927" Y="-3771.666" Z="103.1458" />
    <Hotspot X="-1155.756" Y="-3754.176" Z="104.226" />
    <Hotspot X="-1174.893" Y="-3747.028" Z="104.6674" />
    <Hotspot X="-1213.191" Y="-3718.94" Z="124.5614" />
    <Hotspot X="-1259.149" Y="-3685.234" Z="182.5856" />
    <Hotspot X="-1297.446" Y="-3657.145" Z="183.541" />
    <Hotspot X="-1335.744" Y="-3629.057" Z="184.4964" />
    <Hotspot X="-1349.598" Y="-3618.896" Z="175.9708" />
    <Hotspot X="-1307.391" Y="-3592.096" Z="177.0879" />
    <Hotspot X="-1260.964" Y="-3562.616" Z="180.0683" />
    <Hotspot X="-1254.583" Y="-3558.565" Z="174.6688" />
    <Hotspot X="-1206.691" Y="-3562.04" Z="188.6048" />
    <Hotspot X="-1159.568" Y="-3565.46" Z="202.3167" />
    <Hotspot X="-1167.565" Y="-3517.089" Z="192.5035" />
    <Hotspot X="-1175.562" Y="-3468.718" Z="182.6904" />
    <Hotspot X="-1182.556" Y="-3426.41" Z="174.1073" />
    <Hotspot X="-1174.717" Y="-3377.034" Z="173.381" />
    <Hotspot X="-1166.878" Y="-3327.658" Z="173.1329" />
    <Hotspot X="-1159.568" Y="-3281.615" Z="171.9773" />
    <Hotspot X="-1209.556" Y="-3282.739" Z="172.5883" />
    <Hotspot X="-1259.543" Y="-3283.862" Z="172.0827" />
    <Hotspot X="-1261.843" Y="-3283.914" Z="172.0594" />
    <Hotspot X="-1246.28" Y="-3236.399" Z="173.7888" />
    <Hotspot X="-1230.717" Y="-3188.885" Z="174.1026" />
    <Hotspot X="-1215.153" Y="-3141.37" Z="174.4164" />
    <Hotspot X="-1199.59" Y="-3093.855" Z="174.7302" />
    <Hotspot X="-1196.348" Y="-3083.959" Z="173.606" />
    <Hotspot X="-1139.211" Y="-3021.03" Z="187.9714" />
    <Hotspot X="-1105.601" Y="-2984.013" Z="175.4731" />
    <Hotspot X="-1098.268" Y="-2975.937" Z="172.7465" />
    <Hotspot X="-1073.746" Y="-2932.364" Z="173.8712" />
    <Hotspot X="-1049.223" Y="-2888.792" Z="172.8667" />
    <Hotspot X="-1027.773" Y="-2850.678" Z="171.988" />
    <Hotspot X="-977.8065" Y="-2851.719" Z="173.4821" />
    <Hotspot X="-927.8397" Y="-2852.76" Z="174.9762" />
    <Hotspot X="-877.8728" Y="-2853.8" Z="176.4702" />
    <Hotspot X="-827.906" Y="-2854.841" Z="177.9643" />
    <Hotspot X="-807.0933" Y="-2855.275" Z="178.5866" />
    <Hotspot X="-842.0566" Y="-2819.564" Z="177.0578" />
    <Hotspot X="-877.0199" Y="-2783.854" Z="175.529" />
    <Hotspot X="-895.9782" Y="-2764.49" Z="174.7" />
    <Hotspot X="-926.0169" Y="-2724.522" Z="174.2167" />
    <Hotspot X="-956.0556" Y="-2684.554" Z="221.2021" />
    <Hotspot X="-986.0943" Y="-2644.586" Z="268.1875" />
    <Hotspot X="-1019.137" Y="-2600.622" Z="179.4122" />
    <Hotspot X="-1021.643" Y="-2597.287" Z="172.6782" />
    <Hotspot X="-1053.581" Y="-2635.731" Z="174.0822" />
    <Hotspot X="-1085.52" Y="-2674.176" Z="193.3179" />
    <Hotspot X="-1127.039" Y="-2724.154" Z="218.3243" />
    <Hotspot X="-1155.776" Y="-2758.744" Z="178.575" />
    <Hotspot X="-1185.347" Y="-2799.038" Z="177.1692" />
    <Hotspot X="-1214.918" Y="-2839.332" Z="175.7634" />
    <Hotspot X="-1222.401" Y="-2849.529" Z="175.4076" />
    <Hotspot X="-1266.522" Y="-2873.038" Z="176.1827" />
    <Hotspot X="-1310.644" Y="-2896.546" Z="176.9578" />
    <Hotspot X="-1350.728" Y="-2917.904" Z="177.662" />
    <Hotspot X="-1350.88" Y="-2967.871" Z="175.853" />
    <Hotspot X="-1351.033" Y="-3017.838" Z="174.0441" />
    <Hotspot X="-1351.131" Y="-3050.058" Z="172.8777" />
    <Hotspot X="-1368.256" Y="-3096.754" Z="178.0028" />
    <Hotspot X="-1384.846" Y="-3141.992" Z="182.968" />
    <Hotspot X="-1424.385" Y="-3111.397" Z="182.1778" />
    <Hotspot X="-1456.873" Y="-3086.257" Z="181.5284" />
    <Hotspot X="-1480.2" Y="-3042.246" Z="177.186" />
    <Hotspot X="-1503.526" Y="-2998.234" Z="172.8435" />
    <Hotspot X="-1504.381" Y="-2996.622" Z="172.6844" />
    <Hotspot X="-1482.017" Y="-2951.902" Z="173.1585" />
    <Hotspot X="-1459.653" Y="-2907.183" Z="176.9922" />
    <Hotspot X="-1435.052" Y="-2857.991" Z="181.2094" />
    <Hotspot X="-1412.689" Y="-2813.271" Z="174.4204" />
    <Hotspot X="-1407.833" Y="-2803.562" Z="172.9464" />
    <Hotspot X="-1411.141" Y="-2753.702" Z="172.7267" />
    <Hotspot X="-1414.449" Y="-2703.842" Z="174.8117" />
    <Hotspot X="-1415.496" Y="-2688.071" Z="168.9253" />
    <Hotspot X="-1374.355" Y="-2659.728" Z="178.6611" />
    <Hotspot X="-1333.214" Y="-2631.384" Z="176.7778" />
    <Hotspot X="-1292.896" Y="-2603.607" Z="174.9322" />
    <Hotspot X="-1195.126" Y="-2518.369" Z="183.6208" />
    <Hotspot X="-1165.698" Y="-2492.713" Z="186.236" />
    <Hotspot X="-1143" Y="-2448.269" Z="183.1521" />
    <Hotspot X="-1120.301" Y="-2403.825" Z="181.2754" />
    <Hotspot X="-1110.528" Y="-2384.691" Z="178.7405" />
    <Hotspot X="-1062.31" Y="-2397.877" Z="177.7026" />
    <Hotspot X="-1014.091" Y="-2411.064" Z="176.6647" />
    <Hotspot X="-965.8725" Y="-2424.251" Z="175.6267" />
    <Hotspot X="-917.6539" Y="-2437.438" Z="174.5888" />
    <Hotspot X="-869.4354" Y="-2450.625" Z="173.5509" />
    <Hotspot X="-850.0034" Y="-2455.939" Z="173.1326" />
    <Hotspot X="-803.5138" Y="-2447.224" Z="189.3427" />
    <Hotspot X="-757.0242" Y="-2438.509" Z="205.5528" />
    <Hotspot X="-754.9883" Y="-2438.127" Z="206.2627" />
    <Hotspot X="-766.8991" Y="-2392.074" Z="190.8599" />
    <Hotspot X="-778.8099" Y="-2346.021" Z="175.457" />
    <Hotspot X="-779.5083" Y="-2343.321" Z="174.5539" />
    <Hotspot X="-822.2664" Y="-2317.407" Z="174.0898" />
    <Hotspot X="-865.0244" Y="-2291.493" Z="173.5959" />
    <Hotspot X="-891.3809" Y="-2275.52" Z="173.2915" />
    <Hotspot X="-925.7902" Y="-2239.33" Z="175.0339" />
    <Hotspot X="-960.1996" Y="-2203.139" Z="188.2412" />
    <Hotspot X="-994.6089" Y="-2166.949" Z="171.7817" />
    <Hotspot X="-1009.383" Y="-2151.41" Z="164.7144" />
    <Hotspot X="-1017.179" Y="-2102.063" Z="166.7295" />
    <Hotspot X="-1024.975" Y="-2052.715" Z="168.7446" />
    <Hotspot X="-1032.771" Y="-2003.368" Z="170.7597" />
    <Hotspot X="-1034.708" Y="-1991.101" Z="171.2606" />
    <Hotspot X="-988.2463" Y="-2009.096" Z="167.0802" />
    <Hotspot X="-954.7657" Y="-2022.063" Z="164.0677" />
    <Hotspot X="-907.6827" Y="-2034.76" Z="175.1119" />
    <Hotspot X="-860.5997" Y="-2047.457" Z="186.1562" />
    <Hotspot X="-822.4183" Y="-2057.753" Z="195.1123" />
    <Hotspot X="-802.0857" Y="-2012.615" Z="212.2876" />
    <Hotspot X="-781.7531" Y="-1967.476" Z="210.5032" />
    <Hotspot X="-764.1832" Y="-1928.472" Z="175.0386" />
    <Hotspot X="-725.7189" Y="-1959.702" Z="181.7563" />
    <Hotspot X="-687.2546" Y="-1990.933" Z="188.4741" />
    <Hotspot X="-667.2333" Y="-2007.19" Z="191.9708" />
    <Hotspot X="-648.8586" Y="-1960.813" Z="188.5642" />
    <Hotspot X="-630.484" Y="-1914.437" Z="185.1576" />
    <Hotspot X="-612.1094" Y="-1868.06" Z="181.751" />
    <Hotspot X="-604.4009" Y="-1848.605" Z="180.3219" />
    <Hotspot X="-555.2665" Y="-1851.941" Z="177.293" />
    <Hotspot X="-511.3208" Y="-1854.925" Z="163.951" />
    <Hotspot X="-492.7047" Y="-1901.198" Z="172.196" />
    <Hotspot X="-474.0885" Y="-1947.472" Z="172.3895" />
    <Hotspot X="-469.9433" Y="-1957.775" Z="171.7194" />
    <Hotspot X="-508.3684" Y="-1989.759" Z="175.5852" />
    <Hotspot X="-546.5682" Y="-2021.554" Z="173.2558" />
  </Hotspots>
</HBProfile>
