<HBProfile xsi:noNamespaceSchemaLocation="../../../Schemas/QuestProfileSchema.xsd" xmlns:xsi="http://www.w3.org/2001/XMLSchema-instance">
    <Name>SW to Uldum Portal ($Rev: 3521 $)</Name>
    <MinLevel>1</MinLevel>
    <MaxLevel>1001</MaxLevel>

    <QuestOrder>

        <If Condition="Me.ZoneId == 1519">
            <CustomBehavior File="FlyTo" DestName="Uldum Portal in SW" X="-8230.783" Y="420.0706" Z="117.6104" />
            <CustomBehavior File="ForcedDismount" />

            <CustomBehavior File="InteractWith" MobId="207695" Range="5"
                            X="-8230.783" Y="420.0706" Z="117.6104" />
        </If>


    </QuestOrder>
</HBProfile>
