<HBProfile xsi:noNamespaceSchemaLocation="../../../Schemas/QuestProfileSchema.xsd" xmlns:xsi="http://www.w3.org/2001/XMLSchema-instance">
    <Name>SW to Twilight Highlands Portal ($Rev: 3521 $)</Name>
    <MinLevel>1</MinLevel>
    <MaxLevel>1001</MaxLevel>

    <QuestOrder>

        <If Condition="Me.ZoneId == 1519">
            <CustomBehavior File="FlyTo" DestName="Twilight Highlands Portal in SW" X="-8189.201" Y="415.6583"
                            Z="116.8165" />
            <CustomBehavior File="ForcedDismount" />

            <CustomBehavior File="InteractWith" MobId="207694" Range="5"
                            X="-8189.201" Y="415.6583" Z="116.8165" />
        </If>


    </QuestOrder>
</HBProfile>
