<HBProfile xsi:noNamespaceSchemaLocation="../../../Schemas/QuestProfileSchema.xsd" xmlns:xsi="http://www.w3.org/2001/XMLSchema-instance">
    <Name>DK LK to EK [Kick] ($Rev: 3521 $)</Name>
    <MinLevel>80</MinLevel>
    <MaxLevel>1001</MaxLevel>

    <MinDurability>0.1</MinDurability>
    <MinFreeBagSlots>1</MinFreeBagSlots>


    <Vendors>
    </Vendors>

    <Mailboxes>
    </Mailboxes>

    <Blackspots>
        <Blackspot X="-8862.166" Y="637.9529" Z="96.27942" Radius="3" />
        <Blackspot X="-8825.209" Y="629.1733" Z="94.38562" Radius="15" />
    </Blackspots>

    <QuestOrder>

        <CustomBehavior File="UserSettings" UseFlightPaths="false" />

        <If Condition="( Me.MapId == 571 ) &amp;&amp; ( Me.Class == WoWClass.DeathKnight )">
            <While Condition="Me.ZoneId != 139">
                <CustomBehavior File="ForcedDismount" />
                <CustomBehavior File="Misc\RunLua" Lua="CastSpellByID(50977)" />
                <CustomBehavior File="WaitTimer" WaitTime="12000" GoalText="Waiting for port {TimeRemaining}" />
                <CustomBehavior File="InteractWith" MobId="190942" Range="6" WaitForNpcs="false" />
                <CustomBehavior File="WaitTimer" WaitTime="5000" GoalText="Waiting for port {TimeRemaining}" />
            </While>
        </If>

        <If Condition="Me.ZoneId == 139">
            <ClearVendor />

            <CustomBehavior File="ForceSetVendor" />
            <CustomBehavior File="WaitTimer" WaitTime="5000" GoalText="Waiting to Train  {TimeRemaining}" />
            <ClearVendor />

            <CustomBehavior File="UserSettings" UseFlightPaths="true" />
            <CustomBehavior File="InteractWith" MobId="29480" X="2348.626" Y="-5669.289" Z="382.2406" />

            <If Condition="Me.IsAlliance &amp;&amp; ( Me.MapId == 0 )">
                <MoveTo X="-8290.925" Y="1405.826" Z="4.721312" />
                <CustomBehavior File="UserSettings" UseFlightPaths="false" />
            </If>
        </If>


        <If Condition="Me.MapId == 0">
            <If Condition="!SpellManager.HasSpell(&quot;Flight Master's License&quot;)">
                <CustomBehavior File="ForceTrainRiding" MobId="43769" />
                <CustomBehavior File="WaitTimer" WaitTime="5000"
                                GoalText="Waiting for quest to complete {TimeRemaining}" />
            </If>
            <If Condition="!SpellManager.HasSpell(&quot;Flight Master's License&quot;)">
                <CustomBehavior File="UserDialog" AllowBotStop="true" SoundCue="Exclamation" SoundCueInterval="1"
                                Text="You need your cata flying license to continue!!!! Train it at SW Flight Path!" />
            </If>
        </If>

        <CustomBehavior File="LoadProfile" ProfileName="..\Cata\[Fly][N - Quest] Hyjal 80-82 [Kick]" />

    </QuestOrder>
</HBProfile>
