<HBProfile xsi:noNamespaceSchemaLocation="../../../Schemas/QuestProfileSchema.xsd" xmlns:xsi="http://www.w3.org/2001/XMLSchema-instance">
    <Name>SW to Hyjal Portal ($Rev: 3521 $)</Name>
    <MinLevel>1</MinLevel>
    <MaxLevel>1001</MaxLevel>

    <QuestOrder>

        <If Condition="Me.ZoneId == 1519">
            <CustomBehavior File="FlyTo" DestName="Hyjal Portal in SW" X="-8212.235" Y="402.7114" Z="117.2917" />
            <CustomBehavior File="ForcedDismount" />

            <CustomBehavior File="InteractWith" MobId="207692" Range="5"
                            X="-8212.235" Y="402.7114" Z="117.2917" />
        </If>


    </QuestOrder>
</HBProfile>
