<HBProfile>
  <Name></Name>
  <MinDurability>0.4</MinDurability>
  <MinFreeBagSlots>1</MinFreeBagSlots>
  
  <MinLevel>1</MinLevel>
  <MaxLevel>91</MaxLevel>
  <Factions>99999</Factions>
  
  <MailGrey>False</MailGrey>
  <MailWhite>True</MailWhite>
  <MailGreen>True</MailGreen>
  <MailBlue>True</MailBlue>
  <MailPurple>True</MailPurple>
 
  <SellGrey>True</SellGrey>
  <SellWhite>True</SellWhite>
  <SellGreen>False</SellGreen>
  <SellBlue>False</SellBlue>
  <SellPurple>False</SellPurple>

	<Vendors>

	</Vendors>
	
	<Mailboxes>

	</Mailboxes>
  <Blackspots>
    <!-- Node that bot gets stuck at -->
    <Blackspot X="-13395.4" Y="-244.3395" Z="27.08173" Radius="4" />
  </Blackspots>
  <Hotspots>
    <Hotspot X="-12409.57" Y="-143.4801" Z="96.48011" />
    <Hotspot X="-12394.27" Y="-191.0815" Z="96.88416" />
    <Hotspot X="-12380.05" Y="-235.32" Z="96.62778" />
    <Hotspot X="-12412.92" Y="-272.5795" Z="91.89812" />
    <Hotspot X="-12427.07" Y="-288.6201" Z="88.57761" />
    <Hotspot X="-12407.43" Y="-334.5384" Z="94.14808" />
    <Hotspot X="-12387.79" Y="-380.4568" Z="94.85444" />
    <Hotspot X="-12371.31" Y="-418.9999" Z="95.44735" />
    <Hotspot X="-12333" Y="-451.1361" Z="97.13811" />
    <Hotspot X="-12306.8" Y="-473.1201" Z="95.9815" />
    <Hotspot X="-12264.67" Y="-498.7549" Z="104.2328" />
    <Hotspot X="-12248.85" Y="-508.3801" Z="107.331" />
    <Hotspot X="-12241" Y="-454.1749" Z="102.3156" />
    <Hotspot X="-12233.86" Y="-404.8974" Z="97.75603" />
    <Hotspot X="-12230.27" Y="-380.0501" Z="95.45696" />
    <Hotspot X="-12277.4" Y="-363.3585" Z="98.01723" />
    <Hotspot X="-12324.52" Y="-346.6668" Z="97.01321" />
    <Hotspot X="-12328.67" Y="-345.2002" Z="96.37761" />
    <Hotspot X="-12293.06" Y="-310.1037" Z="96.77437" />
    <Hotspot X="-12257.45" Y="-275.0072" Z="97.17113" />
    <Hotspot X="-12243.39" Y="-261.15" Z="97.32779" />
    <Hotspot X="-12209.53" Y="-225.2063" Z="105.1736" />
    <Hotspot X="-12175.67" Y="-189.2626" Z="114.4297" />
    <Hotspot X="-12172.32" Y="-185.7101" Z="113.7948" />
    <Hotspot X="-12165.54" Y="-122.348" Z="100.9786" />
    <Hotspot X="-12160.32" Y="-73.60788" Z="94.2677" />
    <Hotspot X="-12159.2" Y="-63.12004" Z="88.9986" />
    <Hotspot X="-12207.6" Y="-54.1526" Z="97.7966" />
    <Hotspot X="-12252.13" Y="-45.90012" Z="105.8932" />
    <Hotspot X="-12281.56" Y="-5.58123" Z="102.9706" />
    <Hotspot X="-12308.99" Y="31.99997" Z="100.2466" />
    <Hotspot X="-12278.68" Y="71.77129" Z="100.4647" />
    <Hotspot X="-12241.2" Y="120.9699" Z="100.7344" />
    <Hotspot X="-12229.75" Y="168.7311" Z="91.36372" />
    <Hotspot X="-12223.71" Y="193.95" Z="86.41579" />
    <Hotspot X="-12220.25" Y="248.8177" Z="84.79762" />
    <Hotspot X="-12218.24" Y="280.87" Z="83.85232" />
    <Hotspot X="-12185.2" Y="243.9015" Z="90.30172" />
    <Hotspot X="-12152.16" Y="206.933" Z="96.75113" />
    <Hotspot X="-12151.55" Y="206.2499" Z="96.87028" />
    <Hotspot X="-12128.38" Y="249.6869" Z="88.12125" />
    <Hotspot X="-12113.28" Y="278" Z="82.41846" />
    <Hotspot X="-12064.62" Y="268.2555" Z="88.49756" />
    <Hotspot X="-12015.95" Y="258.5111" Z="94.57668" />
    <Hotspot X="-12000.67" Y="255.4499" Z="96.48637" />
    <Hotspot X="-11981.23" Y="301.0067" Z="89.64747" />
    <Hotspot X="-11965.68" Y="337.45" Z="84.17667" />
    <Hotspot X="-11918.05" Y="324.0533" Z="91.36317" />
    <Hotspot X="-11882.59" Y="314.08" Z="96.71329" />
    <Hotspot X="-11836.27" Y="296.2166" Z="102.6619" />
    <Hotspot X="-11789.95" Y="278.3533" Z="108.8204" />
    <Hotspot X="-11743.63" Y="260.4899" Z="114.9787" />
    <Hotspot X="-11697.31" Y="242.6265" Z="121.1371" />
    <Hotspot X="-11690.16" Y="239.8699" Z="121.4258" />
    <Hotspot X="-11687.12" Y="289.7514" Z="123.0361" />
    <Hotspot X="-11685.79" Y="311.6199" Z="123.7422" />
    <Hotspot X="-11717.81" Y="350.0063" Z="124.7939" />
    <Hotspot X="-11747.01" Y="385.0099" Z="125.5759" />
    <Hotspot X="-11791.78" Y="407.2623" Z="125.9574" />
    <Hotspot X="-11836.55" Y="429.5146" Z="126.3878" />
    <Hotspot X="-11881.33" Y="451.767" Z="123.8829" />
    <Hotspot X="-11884.77" Y="453.4799" Z="123.69" />
    <Hotspot X="-11932.44" Y="449.2275" Z="126.9171" />
    <Hotspot X="-11984.88" Y="444.55" Z="98.84208" />
    <Hotspot X="-12008.87" Y="442.4099" Z="85.99725" />
    <Hotspot X="-11969.94" Y="510.1332" Z="103.2794" />
    <Hotspot X="-11967.87" Y="513.7499" Z="104.2023" />
    <Hotspot X="-11947.6" Y="559.4581" Z="104.5991" />
    <Hotspot X="-11927.88" Y="603.95" Z="104.9853" />
    <Hotspot X="-11942.53" Y="651.5906" Z="101.0049" />
    <Hotspot X="-11957.17" Y="699.2313" Z="97.02451" />
    <Hotspot X="-11971.82" Y="746.872" Z="93.04411" />
    <Hotspot X="-11983.72" Y="785.5799" Z="89.81004" />
    <Hotspot X="-11934.63" Y="776.9124" Z="93.71983" />
    <Hotspot X="-11865.91" Y="764.7778" Z="99.19356" />
    <Hotspot X="-11844.4" Y="760.9799" Z="100.9067" />
    <Hotspot X="-11849.17" Y="708.5302" Z="146.8878" />
    <Hotspot X="-11851.97" Y="677.7499" Z="126.0602" />
    <Hotspot X="-11853.3" Y="617.7664" Z="127.6752" />
    <Hotspot X="-11854.4" Y="567.78" Z="127.1646" />
    <Hotspot X="-11854.71" Y="553.9299" Z="127.0231" />
    <Hotspot X="-11807.39" Y="542.9174" Z="138.8631" />
    <Hotspot X="-11775.44" Y="535.4799" Z="146.8593" />
    <Hotspot X="-11726.61" Y="530.6481" Z="137.2328" />
    <Hotspot X="-11696.72" Y="527.6899" Z="131.339" />
    <Hotspot X="-11701.4" Y="582.4872" Z="130.9447" />
    <Hotspot X="-11706.08" Y="637.2844" Z="130.2747" />
    <Hotspot X="-11707.57" Y="654.7899" Z="129.9362" />
    <Hotspot X="-11711.69" Y="704.6201" Z="130.7009" />
    <Hotspot X="-11714.21" Y="735.1499" Z="129.9799" />
    <Hotspot X="-11709.95" Y="786.4124" Z="111.8867" />
    <Hotspot X="-11707.27" Y="818.695" Z="98.25126" />
    <Hotspot X="-11738.36" Y="857.4532" Z="92.645" />
    <Hotspot X="-11769.44" Y="896.2115" Z="87.03877" />
    <Hotspot X="-11783.64" Y="913.9099" Z="84.47874" />
    <Hotspot X="-11735.21" Y="926.3467" Z="84.58402" />
    <Hotspot X="-11686.78" Y="938.7835" Z="84.30306" />
    <Hotspot X="-11643.15" Y="949.9899" Z="84.0499" />
    <Hotspot X="-11609.41" Y="916.3933" Z="99.32462" />
    <Hotspot X="-11575.68" Y="882.7968" Z="115.797" />
    <Hotspot X="-11572.41" Y="879.5388" Z="116.0806" />
    <Hotspot X="-11593.54" Y="834.5781" Z="110.4323" />
    <Hotspot X="-11605.97" Y="808.1299" Z="107.1096" />
    <Hotspot X="-11544.76" Y="803.06" Z="128.3743" />
    <Hotspot X="-11516.87" Y="800.7499" Z="138.0638" />
    <Hotspot X="-11545.73" Y="759.9393" Z="139.3418" />
    <Hotspot X="-11574.58" Y="719.1286" Z="140.6198" />
    <Hotspot X="-11588.48" Y="699.4799" Z="141.2351" />
    <Hotspot X="-11590.54" Y="649.7701" Z="139.8159" />
    <Hotspot X="-11592.61" Y="600.0604" Z="131.6777" />
    <Hotspot X="-11592.85" Y="594.1099" Z="130.7036" />
    <Hotspot X="-11576.3" Y="541.6827" Z="144.3663" />
    <Hotspot X="-11555.23" Y="474.9574" Z="131.377" />
    <Hotspot X="-11548.57" Y="453.89" Z="126.6494" />
    <Hotspot X="-11570.03" Y="408.7298" Z="126.5122" />
    <Hotspot X="-11591.49" Y="363.5696" Z="126.375" />
    <Hotspot X="-11604.88" Y="335.4" Z="126.2894" />
    <Hotspot X="-11555.18" Y="340.059" Z="129.22" />
    <Hotspot X="-11505.49" Y="344.718" Z="132.1508" />
    <Hotspot X="-11486.8" Y="346.47" Z="133.2528" />
    <Hotspot X="-11436.92" Y="332.0776" Z="135.2924" />
    <Hotspot X="-11391.57" Y="318.9936" Z="118.0875" />
    <Hotspot X="-11370.28" Y="312.8499" Z="90.83231" />
    <Hotspot X="-11401.57" Y="273.8491" Z="91.06228" />
    <Hotspot X="-11432.85" Y="234.8483" Z="92.31033" />
    <Hotspot X="-11438.69" Y="227.5699" Z="91.33516" />
    <Hotspot X="-11488.25" Y="221.6386" Z="94.27832" />
    <Hotspot X="-11537.81" Y="215.7073" Z="97.66216" />
    <Hotspot X="-11541.47" Y="215.27" Z="97.43849" />
    <Hotspot X="-11547.28" Y="165.6436" Z="95.59984" />
    <Hotspot X="-11550.21" Y="140.6499" Z="94.67383" />
    <Hotspot X="-11599.18" Y="130.5878" Z="96.64104" />
    <Hotspot X="-11630.03" Y="124.2499" Z="96.12921" />
    <Hotspot X="-11677.25" Y="140.6549" Z="96.86713" />
    <Hotspot X="-11733.89" Y="160.3299" Z="97.75213" />
    <Hotspot X="-11774.88" Y="184.9199" Z="112.4389" />
    <Hotspot X="-11810.43" Y="206.2499" Z="125.1785" />
    <Hotspot X="-11857.1" Y="201.6717" Z="107.8547" />
    <Hotspot X="-11881.49" Y="199.2799" Z="98.80376" />
    <Hotspot X="-11914.96" Y="162.8533" Z="121.2997" />
    <Hotspot X="-11926.32" Y="150.49" Z="108.555" />
    <Hotspot X="-11975.83" Y="145.2079" Z="104.0124" />
    <Hotspot X="-12025.34" Y="139.9258" Z="99.46977" />
    <Hotspot X="-12053.15" Y="136.9599" Z="96.91902" />
    <Hotspot X="-12100.4" Y="122.3203" Z="96.30188" />
    <Hotspot X="-12147.66" Y="107.6808" Z="83.19559" />
    <Hotspot X="-12153.73" Y="105.7999" Z="81.51179" />
    <Hotspot X="-12196.51" Y="45.24026" Z="99.06279" />
    <Hotspot X="-12207.31" Y="29.94988" Z="95.6796" />
    <Hotspot X="-12159.54" Y="15.78991" Z="91.41668" />
    <Hotspot X="-12111.78" Y="1.629952" Z="87.15377" />
    <Hotspot X="-12089.57" Y="-4.955024" Z="85.17132" />
    <Hotspot X="-12065.33" Y="-55.33682" Z="111.0806" />
    <Hotspot X="-12056.1" Y="-74.53118" Z="115.2462" />
    <Hotspot X="-12037.87" Y="-28.93326" Z="105.8283" />
    <Hotspot X="-12022.53" Y="9.449898" Z="97.90053" />
    <Hotspot X="-11972.9" Y="8.537459" Z="103.8443" />
    <Hotspot X="-11923.26" Y="7.625021" Z="109.7882" />
    <Hotspot X="-11911.01" Y="7.399924" Z="111.2545" />
    <Hotspot X="-11863.7" Y="22.25982" Z="110.4993" />
    <Hotspot X="-11823.55" Y="34.86996" Z="99.49503" />
    <Hotspot X="-11773.56" Y="35.9057" Z="98.58557" />
    <Hotspot X="-11723.58" Y="36.94143" Z="97.67612" />
    <Hotspot X="-11704.84" Y="37.32988" Z="97.33502" />
    <Hotspot X="-11656.71" Y="23.81092" Z="97.70277" />
    <Hotspot X="-11624.56" Y="14.77993" Z="95.75284" />
    <Hotspot X="-11579.65" Y="36.50982" Z="95.21776" />
    <Hotspot X="-11556.77" Y="47.57987" Z="90.74424" />
    <Hotspot X="-11510.36" Y="65.64365" Z="95.15712" />
    <Hotspot X="-11469.76" Y="81.44521" Z="99.01736" />
    <Hotspot X="-11459.79" Y="33.64417" Z="115.4299" />
    <Hotspot X="-11449.81" Y="-14.15689" Z="122.463" />
    <Hotspot X="-11444.61" Y="-39.09474" Z="126.1321" />
    <Hotspot X="-11487.99" Y="-58.28728" Z="110.3221" />
    <Hotspot X="-11544.38" Y="-83.23758" Z="89.76913" />
    <Hotspot X="-11548.03" Y="-84.85011" Z="88.4408" />
    <Hotspot X="-11531.03" Y="-157.7904" Z="121.9335" />
    <Hotspot X="-11528.35" Y="-169.3101" Z="121.0041" />
    <Hotspot X="-11569.07" Y="-191.7549" Z="102.6265" />
    <Hotspot X="-11600.51" Y="-209.0801" Z="88.4408" />
    <Hotspot X="-11643.45" Y="-234.6375" Z="90.16747" />
    <Hotspot X="-11686.39" Y="-260.1949" Z="91.89413" />
    <Hotspot X="-11692.81" Y="-264.02" Z="92.15255" />
    <Hotspot X="-11741.81" Y="-254.2272" Z="107.603" />
    <Hotspot X="-11790.81" Y="-244.4344" Z="97.73785" />
    <Hotspot X="-11799.49" Y="-242.7" Z="95.95007" />
    <Hotspot X="-11782.08" Y="-196.0526" Z="98.45229" />
    <Hotspot X="-11768.88" Y="-160.7001" Z="87.94452" />
    <Hotspot X="-11817.51" Y="-149.5339" Z="95.78927" />
    <Hotspot X="-11866.15" Y="-138.3677" Z="96.70166" />
    <Hotspot X="-11876.03" Y="-136.1001" Z="94.8891" />
    <Hotspot X="-11925.33" Y="-140.4081" Z="101.9724" />
    <Hotspot X="-11974.64" Y="-144.7161" Z="109.0557" />
    <Hotspot X="-11979.27" Y="-145.1201" Z="109.7198" />
    <Hotspot X="-12021.68" Y="-171.4885" Z="107.3014" />
    <Hotspot X="-12062.36" Y="-196.7801" Z="104.9818" />
    <Hotspot X="-12083.77" Y="-241.6951" Z="100.06" />
    <Hotspot X="-12101.25" Y="-278.3701" Z="96.04115" />
    <Hotspot X="-12062.05" Y="-309.3372" Z="98.15975" />
    <Hotspot X="-12022.84" Y="-340.3043" Z="100.9512" />
    <Hotspot X="-11998.48" Y="-359.5501" Z="90.74986" />
    <Hotspot X="-11996.26" Y="-305.6935" Z="113.6077" />
    <Hotspot X="-11994.57" Y="-264.84" Z="109.9756" />
    <Hotspot X="-11949.4" Y="-244.583" Z="102.9748" />
    <Hotspot X="-11913.2" Y="-228.3501" Z="97.36478" />
    <Hotspot X="-11900.97" Y="-286.8885" Z="95.80121" />
    <Hotspot X="-11894.61" Y="-317.3199" Z="89.96769" />
    <Hotspot X="-11861.88" Y="-355.0744" Z="91.78527" />
    <Hotspot X="-11829.15" Y="-392.8288" Z="93.60285" />
    <Hotspot X="-11808.24" Y="-416.9501" Z="94.76411" />
    <Hotspot X="-11786.78" Y="-371.931" Z="91.20285" />
    <Hotspot X="-11773.25" Y="-343.5602" Z="88.95857" />
    <Hotspot X="-11731.25" Y="-370.3553" Z="93.14029" />
    <Hotspot X="-11689.24" Y="-397.1505" Z="97.77012" />
    <Hotspot X="-11667.2" Y="-411.2101" Z="99.51618" />
    <Hotspot X="-11653.75" Y="-363.1493" Z="96.44698" />
    <Hotspot X="-11650.8" Y="-352.5802" Z="95.77203" />
    <Hotspot X="-11601.8" Y="-354.6407" Z="106.2424" />
    <Hotspot X="-11552.81" Y="-356.7012" Z="120.2574" />
    <Hotspot X="-11533.81" Y="-357.5" Z="119.0611" />
    <Hotspot X="-11543.73" Y="-406.3514" Z="115.1742" />
    <Hotspot X="-11554.65" Y="-460.088" Z="110.8986" />
    <Hotspot X="-11558.96" Y="-481.32" Z="109.2093" />
    <Hotspot X="-11510.29" Y="-476.2422" Z="169.8046" />
    <Hotspot X="-11491.5" Y="-474.2812" Z="123.4815" />
    <Hotspot X="-11499.66" Y="-523.4294" Z="136.9001" />
    <Hotspot X="-11506.48" Y="-564.5502" Z="115.7011" />
    <Hotspot X="-11490.2" Y="-611.326" Z="122.5671" />
    <Hotspot X="-11478.52" Y="-644.91" Z="127.4968" />
    <Hotspot X="-11519.22" Y="-673.1693" Z="120.7899" />
    <Hotspot X="-11559.92" Y="-701.4285" Z="114.083" />
    <Hotspot X="-11575.36" Y="-712.15" Z="111.5384" />
    <Hotspot X="-11528.68" Y="-738.2162" Z="161.6015" />
    <Hotspot X="-11486.25" Y="-761.9128" Z="144.0932" />
    <Hotspot X="-11474.77" Y="-768.32" Z="139.3592" />
    <Hotspot X="-11429.06" Y="-777.5929" Z="163.4059" />
    <Hotspot X="-11408.08" Y="-781.85" Z="165.6521" />
    <Hotspot X="-11452.38" Y="-804.3345" Z="160.0057" />
    <Hotspot X="-11496.68" Y="-826.819" Z="154.3594" />
    <Hotspot X="-11534.91" Y="-846.22" Z="149.4874" />
    <Hotspot X="-11583.73" Y="-847.2438" Z="138.7686" />
    <Hotspot X="-11632.56" Y="-848.2676" Z="128.0499" />
    <Hotspot X="-11632.68" Y="-848.2701" Z="128.0235" />
    <Hotspot X="-11708.23" Y="-887.213" Z="128.6243" />
    <Hotspot X="-11718.59" Y="-892.55" Z="128.7066" />
    <Hotspot X="-11773.37" Y="-892.3112" Z="123.7954" />
    <Hotspot X="-11812.61" Y="-892.14" Z="120.2768" />
    <Hotspot X="-11841.2" Y="-851.1763" Z="118.0716" />
    <Hotspot X="-11869.78" Y="-810.2126" Z="115.8663" />
    <Hotspot X="-11898.37" Y="-769.249" Z="113.6611" />
    <Hotspot X="-11904.45" Y="-760.5302" Z="113.1917" />
    <Hotspot X="-11854.61" Y="-757.5566" Z="116.066" />
    <Hotspot X="-11808.24" Y="-754.7899" Z="118.3165" />
    <Hotspot X="-11812.85" Y="-705.3217" Z="121.6376" />
    <Hotspot X="-11817.46" Y="-655.8533" Z="115.0119" />
    <Hotspot X="-11819.17" Y="-637.53" Z="104.9887" />
    <Hotspot X="-11781.31" Y="-668.8713" Z="118.8807" />
    <Hotspot X="-11740.92" Y="-702.3101" Z="123.9697" />
    <Hotspot X="-11710.58" Y="-662.6202" Z="135.6131" />
    <Hotspot X="-11692.35" Y="-638.76" Z="127.3435" />
    <Hotspot X="-11662.82" Y="-598.9371" Z="120.8394" />
    <Hotspot X="-11633.29" Y="-559.1143" Z="114.3354" />
    <Hotspot X="-11630.03" Y="-554.71" Z="113.6161" />
    <Hotspot X="-11676.72" Y="-537.6484" Z="112.0062" />
    <Hotspot X="-11723.42" Y="-520.5869" Z="104.524" />
    <Hotspot X="-11757.95" Y="-507.9701" Z="98.99111" />
    <Hotspot X="-11803.18" Y="-529.1741" Z="99.74696" />
    <Hotspot X="-11836.67" Y="-544.8701" Z="95.43829" />
    <Hotspot X="-11871" Y="-508.5871" Z="96.8571" />
    <Hotspot X="-11896.8" Y="-481.32" Z="91.57699" />
    <Hotspot X="-11944.55" Y="-496.1559" Z="91.4517" />
    <Hotspot X="-12001.84" Y="-513.959" Z="91.46856" />
    <Hotspot X="-12011.6" Y="-516.9901" Z="91.27574" />
    <Hotspot X="-12047.94" Y="-482.6798" Z="92.74632" />
    <Hotspot X="-12084.28" Y="-448.3696" Z="94.2169" />
    <Hotspot X="-12104.53" Y="-429.2499" Z="95.03639" />
    <Hotspot X="-12127.61" Y="-472.5258" Z="104.7569" />
    <Hotspot X="-12150.69" Y="-515.8016" Z="114.4775" />
    <Hotspot X="-12151.55" Y="-517.4001" Z="114.8365" />
    <Hotspot X="-12183.99" Y="-555.4149" Z="113.2324" />
    <Hotspot X="-12222.91" Y="-601.0327" Z="111.3075" />
    <Hotspot X="-12230.27" Y="-609.6501" Z="110.9438" />
    <Hotspot X="-12273.05" Y="-634.9107" Z="109.8159" />
    <Hotspot X="-12315.83" Y="-660.1714" Z="101.0138" />
    <Hotspot X="-12333.04" Y="-670.3301" Z="97.47397" />
    <Hotspot X="-12343.04" Y="-621.3709" Z="99.20651" />
    <Hotspot X="-12352.72" Y="-573.98" Z="100.8836" />
    <Hotspot X="-12402.08" Y="-568.1053" Z="106.2547" />
    <Hotspot X="-12451.44" Y="-562.2307" Z="111.6259" />
    <Hotspot X="-12500.81" Y="-556.356" Z="116.9971" />
    <Hotspot X="-12535.31" Y="-552.2501" Z="120.751" />
    <Hotspot X="-12561.72" Y="-594.7029" Z="120.736" />
    <Hotspot X="-12588.14" Y="-637.1558" Z="122.7535" />
    <Hotspot X="-12596.53" Y="-650.65" Z="120.7162" />
    <Hotspot X="-12646.51" Y="-649.4639" Z="121.781" />
    <Hotspot X="-12682.91" Y="-648.6002" Z="119.166" />
    <Hotspot X="-12723.81" Y="-671.9937" Z="137.4257" />
    <Hotspot X="-12742.41" Y="-682.6299" Z="143.4797" />
    <Hotspot X="-12785.55" Y="-707.6608" Z="147.0784" />
    <Hotspot X="-12803.17" Y="-717.89" Z="148.5491" />
    <Hotspot X="-12804.98" Y="-777.6403" Z="146.3184" />
    <Hotspot X="-12805.36" Y="-790.0499" Z="142.3174" />
    <Hotspot X="-12760.03" Y="-811.107" Z="142.6808" />
    <Hotspot X="-12714.69" Y="-832.1641" Z="140.1042" />
    <Hotspot X="-12709.15" Y="-834.74" Z="139.789" />
    <Hotspot X="-12660.8" Y="-822.0072" Z="138.8107" />
    <Hotspot X="-12617.31" Y="-810.5502" Z="137.9305" />
    <Hotspot X="-12641.96" Y="-767.7988" Z="131.3402" />
    <Hotspot X="-12661.04" Y="-734.7" Z="123.6569" />
    <Hotspot X="-12611.2" Y="-730.8432" Z="123.8604" />
    <Hotspot X="-12556.37" Y="-726.6007" Z="144.6703" />
    <Hotspot X="-12523.28" Y="-724.04" Z="120.9995" />
    <Hotspot X="-12486.33" Y="-690.3591" Z="121.317" />
    <Hotspot X="-12449.37" Y="-656.6782" Z="121.7401" />
    <Hotspot X="-12444.56" Y="-652.29" Z="121.6758" />
    <Hotspot X="-12410.1" Y="-701.1052" Z="116.222" />
    <Hotspot X="-12385.52" Y="-735.93" Z="112.3312" />
    <Hotspot X="-12424.47" Y="-766.7997" Z="117.7734" />
    <Hotspot X="-12443.47" Y="-781.85" Z="120.4267" />
    <Hotspot X="-12401.6" Y="-809.1169" Z="122.3931" />
    <Hotspot X="-12360.37" Y="-835.97" Z="124.3295" />
    <Hotspot X="-12325.93" Y="-802.3558" Z="111.5738" />
    <Hotspot X="-12291.5" Y="-768.7416" Z="97.82858" />
    <Hotspot X="-12286.03" Y="-763.4001" Z="95.03147" />
    <Hotspot X="-12238.05" Y="-751.0212" Z="101.7538" />
    <Hotspot X="-12190.08" Y="-738.6423" Z="111.8897" />
    <Hotspot X="-12166.85" Y="-732.65" Z="111.7303" />
    <Hotspot X="-12123.02" Y="-756.1627" Z="106.6573" />
    <Hotspot X="-12079.18" Y="-779.6754" Z="101.5843" />
    <Hotspot X="-12059.08" Y="-790.46" Z="99.25742" />
    <Hotspot X="-12003.65" Y="-822.2505" Z="116.9997" />
    <Hotspot X="-11989.73" Y="-830.23" Z="114.1414" />
    <Hotspot X="-12014.7" Y="-873.3882" Z="120.7141" />
    <Hotspot X="-12039.68" Y="-916.5466" Z="121.6014" />
    <Hotspot X="-12040.03" Y="-917.15" Z="121.6138" />
    <Hotspot X="-12082.96" Y="-942.7651" Z="124.3373" />
    <Hotspot X="-12134.48" Y="-973.5031" Z="123.3284" />
    <Hotspot X="-12136.24" Y="-974.55" Z="122.9849" />
    <Hotspot X="-12184.01" Y="-988.9911" Z="126.0842" />
    <Hotspot X="-12217.61" Y="-999.1501" Z="128.2645" />
    <Hotspot X="-12264.52" Y="-981.9171" Z="126.6956" />
    <Hotspot X="-12325.51" Y="-959.514" Z="124.6561" />
    <Hotspot X="-12372.42" Y="-942.2809" Z="123.0871" />
    <Hotspot X="-12419.33" Y="-925.0479" Z="121.5182" />
    <Hotspot X="-12463.15" Y="-908.9501" Z="120.0527" />
    <Hotspot X="-12512.3" Y="-917.8168" Z="122.3009" />
    <Hotspot X="-12549.52" Y="-924.53" Z="124.0031" />
    <Hotspot X="-12598.92" Y="-924.089" Z="133.1743" />
    <Hotspot X="-12641.36" Y="-923.7101" Z="138.3552" />
    <Hotspot X="-12690.29" Y="-915.3485" Z="144.3474" />
    <Hotspot X="-12727.73" Y="-908.9501" Z="148.9328" />
    <Hotspot X="-12775.75" Y="-896.4466" Z="142.7377" />
    <Hotspot X="-12806.45" Y="-888.4501" Z="138.7757" />
    <Hotspot X="-12839.9" Y="-851.3791" Z="137.0858" />
    <Hotspot X="-12855.65" Y="-833.9201" Z="134.887" />
    <Hotspot X="-12909.74" Y="-854.8113" Z="152.1069" />
    <Hotspot X="-12959.32" Y="-873.9616" Z="164.6441" />
    <Hotspot X="-12964.99" Y="-876.15" Z="166.0768" />
    <Hotspot X="-12998.53" Y="-840.017" Z="157.7455" />
    <Hotspot X="-13025.12" Y="-811.3701" Z="151.1404" />
    <Hotspot X="-13047.83" Y="-767.3327" Z="157.8418" />
    <Hotspot X="-13069.95" Y="-724.45" Z="164.3676" />
    <Hotspot X="-13022.98" Y="-716.5769" Z="149.1191" />
    <Hotspot X="-12977.01" Y="-708.8701" Z="134.1927" />
    <Hotspot X="-12930.57" Y="-727.4008" Z="134.5764" />
    <Hotspot X="-12891.73" Y="-742.9001" Z="133.6996" />
    <Hotspot X="-12908.25" Y="-695.7206" Z="134.7731" />
    <Hotspot X="-12924.77" Y="-648.541" Z="135.8466" />
    <Hotspot X="-12941.29" Y="-601.3615" Z="136.92" />
    <Hotspot X="-12948.59" Y="-580.5401" Z="137.3938" />
    <Hotspot X="-12959.97" Y="-532.0525" Z="162.2542" />
    <Hotspot X="-12975.92" Y="-464.1698" Z="138.027" />
    <Hotspot X="-12985.76" Y="-422.28" Z="123.0767" />
    <Hotspot X="-12943.75" Y="-449.1805" Z="126.5117" />
    <Hotspot X="-12901.75" Y="-476.0811" Z="129.9466" />
    <Hotspot X="-12843.63" Y="-513.2999" Z="134.6991" />
    <Hotspot X="-12848.29" Y="-563.0778" Z="140.0591" />
    <Hotspot X="-12851.28" Y="-594.8901" Z="135.6853" />
    <Hotspot X="-12803.02" Y="-585.2833" Z="148.4105" />
    <Hotspot X="-12762.72" Y="-577.2601" Z="119.3854" />
    <Hotspot X="-12714.44" Y="-565.0197" Z="115.2753" />
    <Hotspot X="-12685.09" Y="-557.58" Z="112.3479" />
    <Hotspot X="-12694.23" Y="-508.4216" Z="112.2791" />
    <Hotspot X="-12703.36" Y="-459.2632" Z="112.2103" />
    <Hotspot X="-12706.96" Y="-439.91" Z="112.1832" />
    <Hotspot X="-12658.96" Y="-453.8818" Z="113.0227" />
    <Hotspot X="-12610.96" Y="-467.8537" Z="113.8622" />
    <Hotspot X="-12609.2" Y="-468.3648" Z="113.8929" />
    <Hotspot X="-12560.12" Y="-458.9016" Z="112.8807" />
    <Hotspot X="-12523.28" Y="-451.8" Z="112.1212" />
    <Hotspot X="-12509.86" Y="-404.1772" Z="104.9087" />
    <Hotspot X="-12496.44" Y="-356.5544" Z="98.75681" />
    <Hotspot X="-12492.67" Y="-343.1501" Z="95.66608" />
    <Hotspot X="-12536.37" Y="-318.9969" Z="98.20874" />
    <Hotspot X="-12575.76" Y="-297.23" Z="100.5002" />
    <Hotspot X="-12537.33" Y="-266.094" Z="94.05625" />
    <Hotspot X="-12514.53" Y="-247.6201" Z="88.80039" />
    <Hotspot X="-12505.66" Y="-198.4713" Z="91.17664" />
    <Hotspot X="-12500.32" Y="-168.9001" Z="92.60635" />
    <Hotspot X="-12532.85" Y="-130.9926" Z="91.08258" />
    <Hotspot X="-12561.55" Y="-97.56002" Z="88.57761" />
    <Hotspot X="-12521.19" Y="-68.03851" Z="99.31471" />
    <Hotspot X="-12494.85" Y="-48.77011" Z="88.57726" />
    <Hotspot X="-12476.79" Y="-2.180855" Z="86.79847" />
    <Hotspot X="-12458.73" Y="44.40839" Z="86.45292" />
    <Hotspot X="-12450.03" Y="66.84989" Z="84.16286" />
    <Hotspot X="-12435.62" Y="19.59182" Z="91.86011" />
    <Hotspot X="-12421.22" Y="-27.66625" Z="99.55737" />
    <Hotspot X="-12415.04" Y="-47.9501" Z="102.8611" />
  </Hotspots>
</HBProfile>
