﻿<?xml version="1.0" encoding="utf-8"?>
<ClassProfile Class="Warrior" Specialization="2" Name="Warrior - Fury">
	<TalentTree>
		<Talent Tier="1" Index="2" Name="Double Time" />
		<Talent Tier="2" Index="2" Name="Second Wind" />
		<Talent Tier="3" Index="3" Name="Disrupting Shout" />
		<Talent Tier="4" Index="1" Name="Bladestorm" />
		<Talent Tier="5" Index="2" Name="Safeguard" />
		<Talent Tier="6" Index="1" Name="Avatar" />
	</TalentTree>
	<WeightSet>
		<DamagePerSecond>22</DamagePerSecond>
		
		<Strength>18</Strength>
		<Stamina>5</Stamina>

		<CriticalStrike>16</CriticalStrike>
		<Mastery>15</Mastery>
		<Multistrike>13</Multistrike>
		<Haste>12</Haste>
		<Versatility>11</Versatility>
		<AttackPower>2.5</AttackPower>
		
		<Armor>0.01</Armor>
	</WeightSet>
</ClassProfile>