﻿<HBProfile xsi:noNamespaceSchemaLocation="../../../Schemas/QuestProfileSchema.xsd" xmlns:xsi="http://www.w3.org/2001/XMLSchema-instance">
    <Name>[QO] Kurenai Rep A [Kick] ($Rev: 3485 $)</Name>

    <MinLevel>1</MinLevel>
    <MaxLevel>1001</MaxLevel>

    <MinDurability>0.2</MinDurability>
    <MinFreeBagSlots>2</MinFreeBagSlots>

    <MailGrey>false</MailGrey>
    <MailWhite>false</MailWhite>
    <MailGreen>false</MailGreen>
    <MailBlue>true</MailBlue>
    <MailPurple>true</MailPurple>

    <SellGrey>true</SellGrey>
    <SellWhite>true</SellWhite>
    <SellGreen>true</SellGreen>
    <SellBlue>false</SellBlue>
    <SellPurple>false</SellPurple>

    <TargetElites>true</TargetElites>

    <AvoidMobs>
    </AvoidMobs>
    <Blackspots>
        <Blackspot X="-2012.614" Y="7558.771" Z="-89.05171" Radius="9.484614" />
        <Blackspot X="-2563.781" Y="7276.854" Z="15.37977" Radius="4.372739" />
        <Blackspot X="292.1132" Y="8487.395" Z="43.51323" Radius="42.63336" />
        <Blackspot X="486.4735" Y="8158.848" Z="21.46613" Radius="5.398831" />
    </Blackspots>

    <Mailboxes>
        <Mailbox X="-2670.931" Y="7288.093" Z="36.30991" /> <!-- Nagrand -->
    </Mailboxes>

    <Vendors>
        <Vendor Name="Paulsta'ats" Id="23007" Type="Repair" X="-2054.747" Y="8609.072" Z="22.16219" />
    </Vendors>

    <Quest Id="9893" Name="Obsidian Warbeads">
        <Objective Type="CollectItem" ItemId="25433" CollectCount="10">
            <Hotspots>
                <Hotspot X="-2031.721" Y="7653.852" Z="-86.77483" /> <!-- Southwind Cleft & inside cave -->
                <Hotspot X="-2007.341" Y="7592.552" Z="-90.6832" />
                <Hotspot X="-1966.614" Y="7562.087" Z="-91.6572" />
                <Hotspot X="-2031.674" Y="7540.051" Z="-92.02007" />
                <Hotspot X="-2040.388" Y="7562.156" Z="-91.48486" />
                <Hotspot X="-2055.959" Y="7516.799" Z="-94.80575" />
                <Hotspot X="-2043.698" Y="7495.235" Z="-97.14955" />
                <Hotspot X="-2002.45" Y="7478.721" Z="-96.30782" />
                <Hotspot X="-2011.966" Y="7422.976" Z="-95.20641" />
                <Hotspot X="-2011.465" Y="7465.341" Z="-97.70175" />
                <Hotspot X="-2040.078" Y="7441.078" Z="-99.16151" />
                <Hotspot X="-2072.187" Y="7449.063" Z="-102.3337" />
                <Hotspot X="-2056.631" Y="7418.72" Z="-102.942" />
                <Hotspot X="-2078.308" Y="7373.243" Z="-104.4655" />
                <Hotspot X="-2057.164" Y="7420.631" Z="-102.6495" />
                <Hotspot X="-2038.31" Y="7442.574" Z="-98.70209" />
                <Hotspot X="-2001.496" Y="7474.154" Z="-97.33662" />
                <Hotspot X="-2045.324" Y="7494.437" Z="-97.29666" />
                <Hotspot X="-2054.438" Y="7520.031" Z="-93.36745" />
                <Hotspot X="-2039.958" Y="7544.921" Z="-92.78878" />
                <Hotspot X="-1995.714" Y="7590.118" Z="-90.95038" />
                <Hotspot X="-1949.175" Y="7682.474" Z="-93.26241" /> <!-- End of Southwind Cleft & cave -->
            </Hotspots>
        </Objective>
    </Quest>

    <QuestOrder>

    <CustomBehavior File="UserSettings" KillBetweenHotspots="true" />
        <LootMobs Value="true" />
        <UseMount Value="true" />

            <!-- Farming for Oshu'gun Crystal Fragments - 10 for each turnin, we're getting 24+ per "run" -->
            <While Condition="Me.GetReputationLevelWith(933) &lt; Styx.WoWUnitReaction.Friendly" >
                <If Condition="(GetItemCount(25416) &lt; 10)" >
                    <DisableBehavior Name="Pull" />
                    <CustomBehavior File="FlyTo" X="-2221.953" Y="8437.491" Z="-24.29752" />
                    <CustomBehavior File="ForcedDismount" />
                  <While Condition="(GetItemCount(25416) &lt; 10)" >
                      <CustomBehavior File="InteractWith"  MobId="182258" NumOfTimes="6" CollectionDistance="1000"
                                      X="-2297.695" Y="8367.567" Z="-35.90181" />
                        <CustomBehavior File="FlyTo" X="-2525.27" Y="8021.611" Z="-48.77736" />
                        <CustomBehavior File="ForcedDismount" />
                        <CustomBehavior File="InteractWith"  MobId="182258" NumOfTimes="6" CollectionDistance="1000"
                                        X="-2525.27" Y="8021.611" Z="-48.77736" />
                        <CustomBehavior File="FlyTo" X="-2770.325" Y="8567.024" Z="-36.15606" />
                        <CustomBehavior File="ForcedDismount" />
                        <CustomBehavior File="InteractWith"  MobId="182258" NumOfTimes="6" CollectionDistance="1000"
                                        X="-2770.325" Y="8567.024" Z="-36.15606" />
                        <CustomBehavior File="FlyTo" X="-2326.249" Y="8412.931" Z="-35.84259" />
                        <CustomBehavior File="ForcedDismount" />
                        <CustomBehavior File="InteractWith"  MobId="182258" NumOfTimes="6" CollectionDistance="1000"
                                        X="-2326.249" Y="8412.931" Z="-35.84259" />
                  </While>
                </If>
                <If Condition="(GetItemCount(25416) &gt;= 10)" >
                    <CustomBehavior File="FlyTo" X="-2065.237" Y="8554.801" Z="23.84142" />
                    <CustomBehavior File="ForcedDismount" />
                  <While Condition="(GetItemCount(25416) &gt;= 10) &amp;&amp; (Me.GetReputationLevelWith(933) &lt; Styx.WoWUnitReaction.Friendly)" >
                      <CustomBehavior File="InteractWith"  MobId="18265" CollectionDistance="50"
                                      X="-2087.022" Y="8562.938" Z="22.01344" />
                    <CustomBehavior File="RunMacro" Macro="/click GossipTitleButton1" />
                    <CustomBehavior File="RunMacro" Macro="/click QuestFrameCompleteButton" />
                    <CustomBehavior File="RunMacro" Macro="/click QuestFrameCompleteQuestButton" />
                    <CustomBehavior File="WaitTimer" WaitTime="3000" />
                  </While>
                </If>
            </While>

            <!-- Initial quest after friendly, but before rep quest -->
            <If Condition="Me.GetReputationLevelWith(978) &gt;= Styx.WoWUnitReaction.Friendly" >
                <If Condition="((!HasQuest(9893)) &amp;&amp; (!IsQuestCompleted(9893)))" >
                    <CustomBehavior File="FlyTo" X="-2065.237" Y="8554.801" Z="23.84142" />
                    <CustomBehavior File="ForcedDismount" />
                </If>
        <PickUp QuestName="Fierce Enemies" QuestId="9893" GiverName="Gezhe" GiverId="18265" X="-2065.237" Y="8554.801" Z="23.84142" />
                <If Condition="((HasQuest(9893)) &amp;&amp; (!IsQuestCompleted(9893)))" >
                    <CustomBehavior File="FlyTo" X="-1926.844" Y="7644.984" Z="-87.07913" />
                    <CustomBehavior File="ForcedDismount" />
                    <EnableBehavior Name="Pull" />
                    <SetGrindArea>
                            <GrindArea>
                                <TargetMinLevel>64</TargetMinLevel>
                                <TargetMaxLevel>71</TargetMaxLevel>
                                <Factions>45</Factions> <!-- [Ogre] -->
                                <Hotspots>
                                    <Hotspot X="-2031.721" Y="7653.852" Z="-86.77483" /> <!-- Southwind Cleft & inside cave -->
                                    <Hotspot X="-2007.341" Y="7592.552" Z="-90.6832" />
                                    <Hotspot X="-1966.614" Y="7562.087" Z="-91.6572" />
                                    <Hotspot X="-2031.674" Y="7540.051" Z="-92.02007" />
                                    <Hotspot X="-2040.388" Y="7562.156" Z="-91.48486" />
                                    <Hotspot X="-2055.959" Y="7516.799" Z="-94.80575" />
                                    <Hotspot X="-2043.698" Y="7495.235" Z="-97.14955" />
                                    <Hotspot X="-2002.45" Y="7478.721" Z="-96.30782" />
                                    <Hotspot X="-2011.966" Y="7422.976" Z="-95.20641" />
                                    <Hotspot X="-2011.465" Y="7465.341" Z="-97.70175" />
                                    <Hotspot X="-2040.078" Y="7441.078" Z="-99.16151" />
                                    <Hotspot X="-2072.187" Y="7449.063" Z="-102.3337" />
                                    <Hotspot X="-2056.631" Y="7418.72" Z="-102.942" />
                                    <Hotspot X="-2078.308" Y="7373.243" Z="-104.4655" />
                                    <Hotspot X="-2057.164" Y="7420.631" Z="-102.6495" />
                                    <Hotspot X="-2038.31" Y="7442.574" Z="-98.70209" />
                                    <Hotspot X="-2001.496" Y="7474.154" Z="-97.33662" />
                                    <Hotspot X="-2045.324" Y="7494.437" Z="-97.29666" />
                                    <Hotspot X="-2054.438" Y="7520.031" Z="-93.36745" />
                                    <Hotspot X="-2039.958" Y="7544.921" Z="-92.78878" />
                                    <Hotspot X="-1995.714" Y="7590.118" Z="-90.95038" />
                                    <Hotspot X="-1949.175" Y="7682.474" Z="-93.26241" /> <!-- End of Southwind Cleft & cave -->
                                </Hotspots>
                            </GrindArea>
                        </SetGrindArea>
                        <GrindUntil Condition="(GetItemCount(25433) &gt;= 10)" GoalText="Getting 10 Warbeads" />
                </If>
                <If Condition="((HasQuest(9893)) &amp;&amp; (IsQuestCompleted(9893)))" >
                    <CustomBehavior File="FlyTo" X="-2065.237" Y="8554.801" Z="23.84142" />
                    <CustomBehavior File="ForcedDismount" />
                </If>
        <TurnIn QuestName="Fierce Enemies" QuestId="9893" TurnInName="Gezhe" TurnInId="18265" X="-2065.237" Y="8554.801" Z="23.84142" />
            </If>

            <!-- Farming for Obsidian War Beads - 10 for each turnin -->
            <While Condition="Me.GetReputationLevelWith(933) &lt; Styx.WoWUnitReaction.Exalted" >

                <If Condition="(GetItemCount(25433) &lt; 10)" >
                <CustomBehavior File="FlyTo" X="-1926.844" Y="7644.984" Z="-87.07913" />
                <CustomBehavior File="ForcedDismount" />
                <EnableBehavior Name="Pull" />
                        <SetGrindArea>
                            <GrindArea>
                                <TargetMinLevel>64</TargetMinLevel>
                                <TargetMaxLevel>71</TargetMaxLevel>
                                <Factions>45</Factions> <!-- [Ogre] -->
                                <Hotspots>
                                    <Hotspot X="-1949.38" Y="7706.248" Z="-94.69978" /> <!-- Southwind Cleft & inside cave -->
                                    <Hotspot X="-2031.721" Y="7653.852" Z="-86.77483" />
                                    <Hotspot X="-2007.341" Y="7592.552" Z="-90.6832" />
                                    <Hotspot X="-1966.614" Y="7562.087" Z="-91.6572" />
                                    <Hotspot X="-2031.674" Y="7540.051" Z="-92.02007" />
                                    <Hotspot X="-2040.388" Y="7562.156" Z="-91.48486" />
                                    <Hotspot X="-2055.959" Y="7516.799" Z="-94.80575" />
                                    <Hotspot X="-2043.698" Y="7495.235" Z="-97.14955" />
                                    <Hotspot X="-2002.45" Y="7478.721" Z="-96.30782" />
                                    <Hotspot X="-2011.966" Y="7422.976" Z="-95.20641" />
                                    <Hotspot X="-2011.465" Y="7465.341" Z="-97.70175" />
                                    <Hotspot X="-2040.078" Y="7441.078" Z="-99.16151" />
                                    <Hotspot X="-2072.187" Y="7449.063" Z="-102.3337" />
                                    <Hotspot X="-2056.631" Y="7418.72" Z="-102.942" />
                                    <Hotspot X="-2078.308" Y="7373.243" Z="-104.4655" />
                                    <Hotspot X="-2057.164" Y="7420.631" Z="-102.6495" />
                                    <Hotspot X="-2038.31" Y="7442.574" Z="-98.70209" />
                                    <Hotspot X="-2001.496" Y="7474.154" Z="-97.33662" />
                                    <Hotspot X="-2045.324" Y="7494.437" Z="-97.29666" />
                                    <Hotspot X="-2054.438" Y="7520.031" Z="-93.36745" />
                                    <Hotspot X="-2039.958" Y="7544.921" Z="-92.78878" />
                                    <Hotspot X="-1995.714" Y="7590.118" Z="-90.95038" />
                                    <Hotspot X="-1949.175" Y="7682.474" Z="-93.26241" /> <!-- End of Southwind Cleft & cave -->
                                </Hotspots>
                            </GrindArea>
                        </SetGrindArea>
                        <GrindUntil Condition="(GetItemCount(25433) &gt;= 10)" GoalText="Getting 10 Warbeads" />
                </If>
                <While Condition="(GetItemCount(25433) &gt;= 10) &amp;&amp; (Me.GetReputationLevelWith(933) &lt; Styx.WoWUnitReaction.Exalted)" >
                    <CustomBehavior File="FlyTo" X="-2065.237" Y="8554.801" Z="23.84142" />
                    <CustomBehavior File="ForcedDismount" />
                    <CustomBehavior File="InteractWith"  MobId="18265" CollectionDistance="50"
                                    X="-2087.022" Y="8562.938" Z="22.01344" />
                    <CustomBehavior File="RunMacro" Macro="/click GossipTitleButton1" />
                    <CustomBehavior File="RunMacro" Macro="/click QuestFrameCompleteButton" />
                    <CustomBehavior File="RunMacro" Macro="/click QuestFrameCompleteQuestButton" />
                    <CustomBehavior File="WaitTimer" WaitTime="3000" />
                </While>
            </While>

            <If Condition="Me.GetReputationLevelWith(933) == Styx.WoWUnitReaction.Exalted" >
                <CustomBehavior File="UserDialog" Title="title" AllowBotStop="true" SoundCue="Asterisk" SoundCueInterval="1" Text="You have reached Exalted\nIf you liked this profile, +rep is always appreciated" />
            </If>

    </QuestOrder>

</HBProfile>
