﻿<?xml version="1.0" encoding="utf-8"?>
<ClassProfile Class="Paladin" Specialization="3" Name="Paladin - Retribution">
	<TalentTree>
		<Talent Tier="1" Index="2" Name="Long Arm of the Law" />
		<Talent Tier="2" Index="1" Name="Fist of Justice" />
		<Talent Tier="3" Index="3" Name="Selfless Healer" />
		<Talent Tier="4" Index="3" Name="Clemency" />
		<Talent Tier="5" Index="3" Name="Holy Avenger" />
		<Talent Tier="6" Index="1" Name="Holy Prism" />
	</TalentTree>
	<WeightSet>
		<DamagePerSecond>22</DamagePerSecond>
		
		<Strength>20</Strength>
		<Stamina>5</Stamina>
		
		<Haste>16</Haste>
		<Mastery>15</Mastery>
		<Versatility>13</Versatility>
		<Multistrike>12</Multistrike>
		<CriticalStrike>11</CriticalStrike>
		<AttackPower>2.5</AttackPower>
		
		<Armor>0.01</Armor>
	</WeightSet>
</ClassProfile>